if,while,return,char,statement,break,Identifier,factor,int,void,else,string,IntegerNumber,float,bool,e
381,711,1038,-,-,1364,-,-,-,-,-,-,-,-,-,4
-,-,-,-,-,-,-,-,-,-,-,-,45,-,-,-
-,-,-,-,-,-,-,-,-,-,-,-,88,-,-,2
-,-,-,-,-,-,6,-,-,-,-,-,-,-,-,45
-,-,-,-,-,-,-,-,-,-,-,-,-,-,-,63
-,-,-,-,-,-,-,-,-,-,-,-,-,-,-,7
-,-,-,-,-,-,-,-,-,-,-,-,18,-,-,5
-,-,-,-,-,-,-,-,-,-,-,-,-,-,-,803
-,-,-,-,-,-,-,-,-,-,-,-,-,-,-,93
-,-,-,-,-,-,-,-,-,-,-,-,-,-,-,7
-,-,-,-,-,-,-,-,-,-,-,-,-,-,-,4
-,-,-,-,-,-,-,-,-,-,-,-,-,-,-,3
-,-,-,-,-,-,-,-,-,-,-,-,-,-,-,324
-,-,-,-,-,-,-,-,-,-,-,-,-,-,-,167
-,-,-,-,-,-,-,-,-,-,-,-,-,-,-,156
-,-,-,-,-,-,-,-,-,-,-,-,-,-,-,22
-,-,-,-,-,-,-,-,-,-,-,-,-,-,-,14
-,-,-,-,-,-,-,-,-,-,-,-,-,-,-,185
-,-,-,-,-,-,-,-,-,-,-,-,-,-,-,48
-,-,-,-,-,-,-,-,-,-,-,-,-,-,-,31
-,-,-,-,-,-,-,-,-,-,-,-,-,-,-,22
-,-,-,-,-,-,-,23,-,-,-,-,-,-,-,-
-,-,-,-,-,-,-,-,-,-,-,-,-,-,-,20
-,-,-,-,-,-,-,-,-,-,-,-,-,-,-,29
-,-,-,-,-,-,-,-,-,-,-,-,-,-,-,24
-,-,-,-,-,-,-,-,-,-,-,-,-,-,-,24
-,-,-,-,-,-,-,-,-,-,-,-,-,-,-,31
-,-,-,-,-,-,-,-,-,-,-,-,-,-,-,29
-,-,-,-,-,-,-,30,-,-,-,-,-,-,-,-
-,-,-,-,-,-,-,-,-,-,-,-,-,-,-,27
-,-,-,-,-,-,-,-,-,-,-,-,-,-,-,19
-,-,-,-,-,-,-,-,-,-,-,-,-,-,-,38
-,-,-,-,-,-,-,-,-,-,-,-,-,-,-,32
-,-,-,-,-,-,-,-,-,-,-,-,-,-,-,32
-,-,-,-,-,-,-,-,-,-,-,-,-,-,-,48
-,-,-,-,-,-,-,-,-,-,-,-,-,-,-,47
-,-,-,-,-,-,-,-,-,-,-,-,-,-,-,38
-,-,-,-,-,-,-,39,-,-,-,-,-,-,-,-
-,-,-,-,-,-,-,-,-,-,-,-,-,-,-,36
-,-,-,-,-,-,-,-,-,-,-,-,-,-,-,40
-,-,-,-,-,-,-,-,-,-,-,-,-,-,-,425
-,-,-,-,-,-,-,-,-,-,-,-,-,-,-,443
-,-,-,-,-,-,-,-,-,-,-,-,-,-,-,45
-,-,-,-,-,-,-,46,-,-,-,-,-,-,-,-
-,-,-,-,-,-,-,-,-,-,-,-,-,-,-,43
-,-,-,-,-,-,-,-,-,-,-,-,-,-,-,473
-,-,-,-,-,-,-,-,-,-,-,-,-,-,-,18
-,-,-,-,-,-,-,-,-,-,-,-,-,-,-,17
-,-,-,-,-,-,-,-,-,-,-,-,-,-,-,50
-,-,-,-,-,-,-,-,-,-,-,-,-,-,-,50
-,-,-,-,-,-,-,-,-,-,-,-,-,-,-,536
-,-,-,-,-,-,-,-,-,-,-,-,-,-,-,50
-,-,-,-,-,-,-,-,-,-,-,-,-,-,-,50
-,-,-,-,-,-,-,-,-,-,-,-,-,-,-,565
-,-,-,-,-,-,-,-,-,-,-,-,-,-,-,50
-,-,-,-,-,-,-,-,-,-,-,-,-,-,-,50
-,-,-,-,-,-,-,-,-,-,-,-,-,-,-,49
-,-,-,-,-,-,-,-,-,-,-,-,-,-,-,89
-,-,-,-,-,-,-,-,-,-,-,-,-,-,-,72
-,-,-,-,-,-,-,-,-,-,-,-,-,-,-,63
-,-,-,-,-,-,-,64,-,-,-,-,-,-,-,-
-,-,-,-,-,-,-,-,-,-,-,-,-,-,-,61
-,-,-,-,-,-,-,-,-,-,-,-,-,-,-,70
-,-,-,-,-,-,-,-,-,-,-,-,-,-,-,65
-,-,-,-,-,-,-,-,-,-,-,-,-,-,-,65
-,-,-,-,-,-,-,-,-,-,-,-,-,-,-,72
-,-,-,-,-,-,-,-,-,-,-,-,-,-,-,70
-,-,-,-,-,-,-,71,-,-,-,-,-,-,-,-
-,-,-,-,-,-,-,-,-,-,-,-,-,-,-,68
-,-,-,-,-,-,-,-,-,-,-,-,-,-,-,60
-,-,-,-,-,-,-,-,-,-,-,-,-,-,-,79
-,-,-,-,-,-,-,-,-,-,-,-,-,-,-,73
-,-,-,-,-,-,-,-,-,-,-,-,-,-,-,755
-,-,-,-,-,-,-,-,-,-,-,-,-,-,-,773
-,-,-,-,-,-,-,-,-,-,-,-,-,-,-,88
-,-,-,-,-,-,-,-,-,-,-,-,-,-,-,79
-,-,-,-,-,-,-,80,-,-,-,-,-,-,-,-
-,-,-,-,-,-,-,-,-,-,-,-,-,-,-,77
-,-,-,-,-,-,-,-,-,-,-,-,-,-,-,86
-,-,-,-,-,-,-,-,-,-,-,-,-,-,-,81
-,-,-,-,-,-,-,-,-,-,-,-,-,-,-,81
-,-,-,-,-,-,-,-,-,-,-,-,-,-,-,88
-,-,-,-,-,-,-,-,-,-,-,-,-,-,-,86
-,-,-,-,-,-,-,87,-,-,-,-,-,-,-,866
-,-,-,-,-,-,-,-,-,-,-,-,-,-,-,84
-,-,-,-,-,-,-,-,-,-,-,-,-,-,-,76
-,-,-,-,-,-,-,-,-,-,-,-,-,-,-,895
-,-,-,-,-,-,-,-,-,-,-,-,-,-,-,167
-,-,-,-,-,-,-,-,-,-,-,-,-,-,-,93
-,-,-,-,-,-,-,-,-,-,-,-,-,-,-,99
-,-,-,-,-,-,-,-,-,-,-,-,-,-,-,91
-,-,-,-,-,-,-,-,-,-,-,-,-,-,-,126
-,-,-,-,-,-,-,-,-,-,-,-,-,-,-,125
-,-,-,-,-,-,-,-,-,-,-,-,-,-,-,108
-,-,-,-,-,-,-,-,-,-,-,-,-,-,-,99
-,-,-,-,-,-,-,100,-,-,-,-,-,-,-,-
-,-,-,-,-,-,-,-,-,-,-,-,-,-,-,97
-,-,-,-,-,-,-,-,-,-,-,-,-,-,-,106
-,-,-,-,-,-,-,-,-,-,-,-,-,-,-,101
-,-,-,-,-,-,-,-,-,-,-,-,-,-,-,101
-,-,-,-,-,-,-,-,-,-,-,-,-,-,-,108
-,-,-,-,-,-,-,-,-,-,-,-,-,-,-,106
-,-,-,-,-,-,-,107,-,-,-,-,-,-,-,-
-,-,-,-,-,-,-,-,-,-,-,-,-,-,-,104
-,-,-,-,-,-,-,-,-,-,-,-,-,-,-,96
-,-,-,-,-,-,-,-,-,-,-,-,-,-,-,115
-,-,-,-,-,-,-,-,-,-,-,-,-,-,-,109
-,-,-,-,-,-,-,-,-,-,-,-,-,-,-,1116
-,-,-,-,-,-,-,-,-,-,-,-,-,-,-,125
-,-,-,-,-,-,-,-,-,-,-,-,-,-,-,1136
-,-,-,-,-,-,-,-,-,-,-,-,-,-,-,115
-,-,-,-,-,-,-,116,-,-,-,-,-,-,-,-
-,-,-,-,-,-,-,-,-,-,-,-,-,-,-,113
-,-,-,-,-,-,-,-,-,-,-,-,-,-,-,122
-,-,-,-,-,-,-,-,-,-,-,-,-,-,-,117
-,-,-,-,-,-,-,-,-,-,-,-,-,-,-,117
-,-,-,-,-,-,-,-,-,-,-,-,-,-,-,124
-,-,-,-,-,-,-,-,-,-,-,-,-,-,-,122
-,-,-,-,-,-,-,123,-,-,-,-,-,-,-,-
-,-,-,-,-,-,-,-,-,-,-,-,-,-,-,120
-,-,-,-,-,-,-,-,-,-,-,-,-,-,-,112
-,-,-,-,-,-,-,-,-,-,-,-,-,-,-,95
-,-,-,-,-,-,-,-,-,-,-,-,-,-,-,94
-,-,-,-,-,-,-,-,-,-,-,-,-,-,-,140
-,-,-,-,-,-,-,-,-,-,-,-,-,-,-,127
-,-,-,-,-,-,-,-,-,-,-,-,-,-,-,127
-,-,-,-,-,-,-,-,-,-,-,-,-,-,-,127
-,-,-,-,-,-,-,-,-,-,-,-,-,-,-,1315
-,-,-,-,-,-,-,-,-,-,-,-,-,-,-,1333
-,-,-,-,-,-,-,-,-,-,-,-,-,-,-,127
-,-,-,-,-,-,-,-,-,-,-,-,-,-,-,127
-,-,-,-,-,-,-,-,-,-,-,-,-,-,-,127
-,-,-,-,-,-,-,-,-,-,-,-,-,-,-,126
-,-,-,-,-,-,-,-,-,-,-,-,-,-,-,166
-,-,-,-,-,-,-,-,-,-,-,-,-,-,-,149
-,-,-,-,-,-,-,-,-,-,-,-,-,-,-,140
-,-,-,-,-,-,-,141,-,-,-,-,-,-,-,-
-,-,-,-,-,-,-,-,-,-,-,-,-,-,-,138
-,-,-,-,-,-,-,-,-,-,-,-,-,-,-,147
-,-,-,-,-,-,-,-,-,-,-,-,-,-,-,142
-,-,-,-,-,-,-,-,-,-,-,-,-,-,-,142
-,-,-,-,-,-,-,-,-,-,-,-,-,-,-,149
-,-,-,-,-,-,-,-,-,-,-,-,-,-,-,147
-,-,-,-,-,-,-,148,-,-,-,-,-,-,-,-
-,-,-,-,-,-,-,-,-,-,-,-,-,-,-,145
-,-,-,-,-,-,-,-,-,-,-,-,-,-,-,137
-,-,-,-,-,-,-,-,-,-,-,-,-,-,-,150
-,-,-,-,-,-,-,-,-,-,-,-,-,-,-,150
-,-,-,-,-,-,-,-,-,-,-,-,-,-,-,166
-,-,-,-,-,-,-,-,-,-,-,-,-,-,-,165
-,-,-,-,-,-,-,-,-,-,-,-,-,-,-,156
-,-,-,-,-,-,-,157,-,-,-,-,-,-,-,-
-,-,-,-,-,-,-,-,-,-,-,-,-,-,-,154
-,-,-,-,-,-,-,-,-,-,-,-,-,-,-,163
-,-,-,-,-,-,-,-,-,-,-,-,-,-,-,158
-,-,-,-,-,-,-,-,-,-,-,-,-,-,-,158
-,-,-,-,-,-,-,-,-,-,-,-,-,-,-,165
-,-,-,-,-,-,-,-,-,-,-,-,-,-,-,163
-,-,-,-,-,-,-,164,-,-,-,-,-,-,-,-
-,-,-,-,-,-,-,-,-,-,-,-,-,-,-,161
-,-,-,-,-,-,-,-,-,-,-,-,-,-,-,153
-,-,-,-,-,-,-,-,-,-,-,-,-,-,-,136
-,-,-,-,-,-,-,-,-,-,-,-,-,-,-,13
-,-,-,-,-,-,-,-,-,-,-,-,-,-,-,172
-,-,-,-,-,-,-,-,-,-,-,-,-,-,-,324
-,-,-,-,-,-,-,-,-,-,-,-,-,-,-,323
-,-,-,-,-,-,-,-,-,-,-,-,-,-,-,172
-,-,-,-,-,-,-,-,-,-,-,-,-,-,-,178
-,-,-,-,-,-,-,-,-,-,-,-,-,-,-,170
-,-,-,-,-,-,-,-,-,-,-,-,-,-,-,205
-,-,-,-,-,-,-,-,-,-,-,-,-,-,-,204
-,-,-,-,-,-,-,-,-,-,-,-,-,-,-,187
-,-,-,-,-,-,-,-,-,-,-,-,-,-,-,178
-,-,-,-,-,-,-,179,-,-,-,-,-,-,-,-
-,-,-,-,-,-,-,-,-,-,-,-,-,-,-,176
-,-,-,-,-,-,-,-,-,-,-,-,-,-,-,180
-,-,-,-,-,-,-,-,-,-,-,-,-,-,-,180
-,-,-,-,-,-,-,-,-,-,-,-,-,-,-,187
-,-,-,-,-,-,-,-,-,-,-,-,-,-,-,185
-,-,-,-,-,-,-,186,-,-,-,-,-,-,-,-
-,-,-,-,-,-,-,-,-,-,-,-,-,-,-,183
-,-,-,-,-,-,-,-,-,-,-,-,-,-,-,175
-,-,-,-,-,-,-,-,-,-,-,-,-,-,-,194
-,-,-,-,-,-,-,-,-,-,-,-,-,-,-,188
-,-,-,-,-,-,-,-,-,-,-,-,-,-,-,188
-,-,-,-,-,-,-,-,-,-,-,-,-,-,-,204
-,-,-,-,-,-,-,-,-,-,-,-,-,-,-,203
-,-,-,-,-,-,-,-,-,-,-,-,-,-,-,194
-,-,-,-,-,-,-,195,-,-,-,-,-,-,-,-
-,-,-,-,-,-,-,-,-,-,-,-,-,-,-,192
-,-,-,-,-,-,-,-,-,-,-,-,-,-,-,201
-,-,-,-,-,-,-,-,-,-,-,-,-,-,-,196
-,-,-,-,-,-,-,-,-,-,-,-,-,-,-,196
-,-,-,-,-,-,-,-,-,-,-,-,-,-,-,203
-,-,-,-,-,-,-,-,-,-,-,-,-,-,-,201
-,-,-,-,-,-,-,202,-,-,-,-,-,-,-,-
-,-,-,-,-,-,-,-,-,-,-,-,-,-,-,199
-,-,-,-,-,-,-,-,-,-,-,-,-,-,-,191
-,-,-,-,-,-,-,-,-,-,-,-,-,-,-,174
-,-,-,-,-,-,-,-,-,-,-,-,-,-,-,173
-,-,-,-,-,-,-,-,-,-,-,-,-,-,-,219
-,-,-,-,-,-,-,-,-,-,-,-,-,-,-,206
-,-,-,-,-,-,-,-,-,-,-,-,-,-,-,206
-,-,-,-,-,-,-,-,-,-,-,-,-,-,-,206
-,-,-,-,-,-,-,-,-,-,-,-,-,-,-,206
-,-,-,-,-,-,-,-,-,-,-,-,-,-,-,206
-,-,-,-,-,-,-,-,-,-,-,-,-,-,-,206
-,-,-,-,-,-,-,-,-,-,-,-,-,-,-,206
-,-,-,-,-,-,-,-,-,-,-,-,-,-,-,206
-,-,-,-,-,-,-,-,-,-,-,-,-,-,-,205
-,-,-,-,-,-,-,-,-,-,-,-,-,-,-,245
-,-,-,-,-,-,-,-,-,-,-,-,-,-,-,228
-,-,-,-,-,-,-,-,-,-,-,-,-,-,-,219
-,-,-,-,-,-,-,220,-,-,-,-,-,-,-,-
-,-,-,-,-,-,-,-,-,-,-,-,-,-,-,217
-,-,-,-,-,-,-,-,-,-,-,-,-,-,-,226
-,-,-,-,-,-,-,-,-,-,-,-,-,-,-,221
-,-,-,-,-,-,-,-,-,-,-,-,-,-,-,221
-,-,-,-,-,-,-,-,-,-,-,-,-,-,-,228
-,-,-,-,-,-,-,-,-,-,-,-,-,-,-,226
-,-,-,-,-,-,-,227,-,-,-,-,-,-,-,-
-,-,-,-,-,-,-,-,-,-,-,-,-,-,-,224
-,-,-,-,-,-,-,-,-,-,-,-,-,-,-,216
-,-,-,-,-,-,-,-,-,-,-,-,-,-,-,235
-,-,-,-,-,-,-,-,-,-,-,-,-,-,-,229
-,-,-,-,-,-,-,-,-,-,-,-,-,-,-,229
-,-,-,-,-,-,-,-,-,-,-,-,-,-,-,245
-,-,-,-,-,-,-,-,-,-,-,-,-,-,-,244
-,-,-,-,-,-,-,-,-,-,-,-,-,-,-,235
-,-,-,-,-,-,-,236,-,-,-,-,-,-,-,-
-,-,-,-,-,-,-,-,-,-,-,-,-,-,-,233
-,-,-,-,-,-,-,-,-,-,-,-,-,-,-,242
-,-,-,-,-,-,-,-,-,-,-,-,-,-,-,237
-,-,-,-,-,-,-,-,-,-,-,-,-,-,-,237
-,-,-,-,-,-,-,-,-,-,-,-,-,-,-,244
-,-,-,-,-,-,-,-,-,-,-,-,-,-,-,242
-,-,-,-,-,-,-,243,-,-,-,-,-,-,-,-
-,-,-,-,-,-,-,-,-,-,-,-,-,-,-,240
-,-,-,-,-,-,-,-,-,-,-,-,-,-,-,232
-,-,-,-,-,-,-,-,-,-,-,-,-,-,-,215
-,-,-,-,-,-,-,-,-,-,-,-,-,-,-,249
-,-,-,-,-,-,-,-,-,-,-,-,-,-,-,323
-,-,-,-,-,-,-,-,-,-,-,-,-,-,-,249
-,-,-,-,-,-,-,-,-,-,-,-,-,-,-,255
-,-,-,-,-,-,-,-,-,-,-,-,-,-,-,247
-,-,-,-,-,-,-,-,-,-,-,-,-,-,-,282
-,-,-,-,-,-,-,-,-,-,-,-,-,-,-,281
-,-,-,-,-,-,-,-,-,-,-,-,-,-,-,264
-,-,-,-,-,-,-,-,-,-,-,-,-,-,-,255
-,-,-,-,-,-,-,256,-,-,-,-,-,-,-,-
-,-,-,-,-,-,-,-,-,-,-,-,-,-,-,253
-,-,-,-,-,-,-,-,-,-,-,-,-,-,-,262
-,-,-,-,-,-,-,-,-,-,-,-,-,-,-,257
-,-,-,-,-,-,-,-,-,-,-,-,-,-,-,257
-,-,-,-,-,-,-,-,-,-,-,-,-,-,-,264
-,-,-,-,-,-,-,-,-,-,-,-,-,-,-,262
-,-,-,-,-,-,-,263,-,-,-,-,-,-,-,-
-,-,-,-,-,-,-,-,-,-,-,-,-,-,-,260
-,-,-,-,-,-,-,-,-,-,-,-,-,-,-,252
-,-,-,-,-,-,-,-,-,-,-,-,-,-,-,271
-,-,-,-,-,-,-,-,-,-,-,-,-,-,-,265
-,-,-,-,-,-,-,-,-,-,-,-,-,-,-,265
-,-,-,-,-,-,-,-,-,-,-,-,-,-,-,281
-,-,-,-,-,-,-,-,-,-,-,-,-,-,-,280
-,-,-,-,-,-,-,-,-,-,-,-,-,-,-,271
-,-,-,-,-,-,-,272,-,-,-,-,-,-,-,-
-,-,-,-,-,-,-,-,-,-,-,-,-,-,-,269
-,-,-,-,-,-,-,-,-,-,-,-,-,-,-,278
-,-,-,-,-,-,-,-,-,-,-,-,-,-,-,273
-,-,-,-,-,-,-,-,-,-,-,-,-,-,-,273
-,-,-,-,-,-,-,-,-,-,-,-,-,-,-,280
-,-,-,-,-,-,-,-,-,-,-,-,-,-,-,278
-,-,-,-,-,-,-,279,-,-,-,-,-,-,-,-
-,-,-,-,-,-,-,-,-,-,-,-,-,-,-,276
-,-,-,-,-,-,-,-,-,-,-,-,-,-,-,268
-,-,-,-,-,-,-,-,-,-,-,-,-,-,-,251
-,-,-,-,-,-,-,-,-,-,-,-,-,-,-,250
-,-,-,-,-,-,-,-,-,-,-,-,-,-,-,296
-,-,-,-,-,-,-,-,-,-,-,-,-,-,-,283
-,-,-,-,-,-,-,-,-,-,-,-,-,-,-,283
-,-,-,-,-,-,-,-,-,-,-,-,-,-,-,283
-,-,-,-,-,-,-,-,-,-,-,-,-,-,-,283
-,-,-,-,-,-,-,-,-,-,-,-,-,-,-,283
-,-,-,-,-,-,-,-,-,-,-,-,-,-,-,283
-,-,-,-,-,-,-,-,-,-,-,-,-,-,-,283
-,-,-,-,-,-,-,-,-,-,-,-,-,-,-,283
-,-,-,-,-,-,-,-,-,-,-,-,-,-,-,282
-,-,-,-,-,-,-,-,-,-,-,-,-,-,-,322
-,-,-,-,-,-,-,-,-,-,-,-,-,-,-,305
-,-,-,-,-,-,-,-,-,-,-,-,-,-,-,296
-,-,-,-,-,-,-,297,-,-,-,-,-,-,-,-
-,-,-,-,-,-,-,-,-,-,-,-,-,-,-,294
-,-,-,-,-,-,-,-,-,-,-,-,-,-,-,303
-,-,-,-,-,-,-,-,-,-,-,-,-,-,-,298
-,-,-,-,-,-,-,-,-,-,-,-,-,-,-,298
-,-,-,-,-,-,-,-,-,-,-,-,-,-,-,305
-,-,-,-,-,-,-,-,-,-,-,-,-,-,-,303
-,-,-,-,-,-,-,304,-,-,-,-,-,-,-,-
-,-,-,-,-,-,-,-,-,-,-,-,-,-,-,301
-,-,-,-,-,-,-,-,-,-,-,-,-,-,-,293
-,-,-,-,-,-,-,-,-,-,-,-,-,-,-,312
-,-,-,-,-,-,-,-,-,-,-,-,-,-,-,306
-,-,-,-,-,-,-,-,-,-,-,-,-,-,-,306
-,-,-,-,-,-,-,-,-,-,-,-,-,-,-,322
-,-,-,-,-,-,-,-,-,-,-,-,-,-,-,321
-,-,-,-,-,-,-,-,-,-,-,-,-,-,-,312
-,-,-,-,-,-,-,313,-,-,-,-,-,-,-,-
-,-,-,-,-,-,-,-,-,-,-,-,-,-,-,310
-,-,-,-,-,-,-,-,-,-,-,-,-,-,-,319
-,-,-,-,-,-,-,-,-,-,-,-,-,-,-,314
-,-,-,-,-,-,-,-,-,-,-,-,-,-,-,314
-,-,-,-,-,-,-,-,-,-,-,-,-,-,-,321
-,-,-,-,-,-,-,-,-,-,-,-,-,-,-,319
-,-,-,-,-,-,-,320,-,-,-,-,-,-,-,-
-,-,-,-,-,-,-,-,-,-,-,-,-,-,-,317
-,-,-,-,-,-,-,-,-,-,-,-,-,-,-,309
-,-,-,-,-,-,-,-,-,-,-,-,-,-,-,292
-,-,-,-,-,-,-,-,-,-,-,-,-,-,-,169
-,-,-,-,-,-,-,-,-,-,-,-,-,-,-,12
-,-,-,-,-,-,-,-,-,-,-,-,-,-,-,1
-,-,-,-,-,-,-,-,-,-,-,-,-,-,-,376
-,-,-,357,-,-,-,-,353,355,-,354,-,352,356,376
-,-,-,-,-,-,338,-,-,-,-,-,-,-,-,-
-,-,-,-,-,-,-,-,-,-,-,-,-,-,-,329
-,-,-,-,-,-,-,-,-,-,-,-,-,-,-,329
-,-,-,-,-,-,-,-,-,-,-,-,-,-,-,329
-,-,-,-,-,-,-,-,-,-,-,-,-,-,-,329
-,-,-,-,-,-,-,-,-,-,-,-,-,-,-,329
-,-,-,-,-,-,-,-,-,-,-,-,-,-,-,329
-,-,-,-,-,-,-,-,-,-,-,-,-,-,-,328
-,-,-,-,-,-,-,-,-,-,-,-,-,-,-,350
-,-,-,-,-,-,-,-,-,-,-,-,-,-,-,339
-,-,-,-,-,-,-,-,-,-,-,-,-,-,-,337
-,-,-,-,-,-,-,-,-,-,-,-,-,-,-,339
-,-,-,-,-,-,345,-,-,-,-,-,-,-,-,-
-,-,-,-,-,-,-,-,-,-,-,-,-,-,-,350
-,-,-,-,-,-,-,-,-,-,-,-,-,-,-,346
-,-,-,-,-,-,-,-,-,-,-,-,-,-,-,344
-,-,-,-,-,-,-,-,-,-,-,-,-,-,-,346
-,-,-,-,-,-,-,-,-,-,-,-,-,-,-,336
-,-,-,-,-,-,-,-,-,-,-,-,-,-,-,351
-,-,-,-,-,-,-,-,-,-,-,-,-,-,-,351
-,-,-,-,-,-,-,-,-,-,-,-,-,-,-,351
-,-,-,-,-,-,-,-,-,-,-,-,-,-,-,351
-,-,-,-,-,-,-,-,-,-,-,-,-,-,-,351
-,-,-,-,-,-,-,-,-,-,-,-,-,-,-,351
-,-,-,-,-,-,362,-,-,-,-,-,-,-,-,-
-,-,-,-,-,-,-,-,-,-,-,-,-,-,-,374
-,-,-,-,-,-,-,-,-,-,-,-,-,-,-,363
-,-,-,-,-,-,-,-,-,-,-,-,-,-,-,361
-,-,-,-,-,-,-,-,-,-,-,-,-,-,-,363
-,-,-,-,-,-,369,-,-,-,-,-,-,-,-,-
-,-,-,-,-,-,-,-,-,-,-,-,-,-,-,374
-,-,-,-,-,-,-,-,-,-,-,-,-,-,-,370
-,-,-,-,-,-,-,-,-,-,-,-,-,-,-,368
-,-,-,-,-,-,-,-,-,-,-,-,-,-,-,370
-,-,-,-,-,-,-,-,-,-,-,-,-,-,-,360
-,-,-,-,-,-,-,-,-,-,-,-,-,-,-,328
-,-,-,-,-,-,-,-,-,-,-,-,-,-,-,378
-,-,-,-,377,-,-,-,-,-,-,-,-,-,-,378
-,-,-,-,-,-,-,-,-,-,-,-,-,-,-,326
-,-,-,-,-,-,-,-,-,-,-,-,-,-,-,391
-,-,-,-,-,-,385,-,-,-,-,-,-,-,-,-
-,-,-,-,-,-,-,-,-,-,-,-,-,-,-,386
-,-,-,-,-,-,-,-,-,-,-,-,-,-,-,384
-,-,-,-,-,-,-,-,-,-,-,-,-,-,-,386
-,-,-,-,-,-,-,-,-,-,-,-,-,-,-,391
-,-,-,-,-,-,-,-,-,-,-,-,-,-,-,396
-,-,-,-,-,-,-,-,-,-,-,-,-,-,-,383
-,-,-,-,-,-,-,-,-,-,-,-,-,-,-,704
-,-,-,-,-,-,-,-,-,-,-,-,-,-,-,547
-,-,-,-,-,-,-,-,-,-,-,-,-,-,-,396
-,-,-,-,-,-,-,-,-,-,-,-,-,-,-,402
-,-,-,-,-,-,-,-,-,-,-,-,-,-,-,394
-,-,-,-,-,-,-,-,-,-,-,-,-,-,-,429
-,-,-,-,-,-,-,-,-,-,-,-,-,-,-,428
-,-,-,-,-,-,-,-,-,-,-,-,-,-,-,411
-,-,-,-,-,-,-,-,-,-,-,-,-,-,-,402
-,-,-,-,-,-,-,403,-,-,-,-,-,-,-,-
-,-,-,-,-,-,-,-,-,-,-,-,-,-,-,400
-,-,-,-,-,-,-,-,-,-,-,-,-,-,-,409
-,-,-,-,-,-,-,-,-,-,-,-,-,-,-,404
-,-,-,-,-,-,-,-,-,-,-,-,-,-,-,404
-,-,-,-,-,-,-,-,-,-,-,-,-,-,-,411
-,-,-,-,-,-,-,-,-,-,-,-,-,-,-,409
-,-,-,-,-,-,-,410,-,-,-,-,-,-,-,-
-,-,-,-,-,-,-,-,-,-,-,-,-,-,-,407
-,-,-,-,-,-,-,-,-,-,-,-,-,-,-,399
-,-,-,-,-,-,-,-,-,-,-,-,-,-,-,418
-,-,-,-,-,-,-,-,-,-,-,-,-,-,-,412
-,-,-,-,-,-,-,-,-,-,-,-,-,-,-,412
-,-,-,-,-,-,-,-,-,-,-,-,-,-,-,428
-,-,-,-,-,-,-,-,-,-,-,-,-,-,-,427
-,-,-,-,-,-,-,-,-,-,-,-,-,-,-,418
-,-,-,-,-,-,-,419,-,-,-,-,-,-,-,-
-,-,-,-,-,-,-,-,-,-,-,-,-,-,-,416
-,-,-,-,-,-,-,-,-,-,-,-,-,-,-,420
-,-,-,-,-,-,-,-,-,-,-,-,-,-,-,420
-,-,-,-,-,-,-,-,-,-,-,-,-,-,-,427
-,-,-,-,-,-,-,-,-,-,-,-,-,-,-,425
-,-,-,-,-,-,-,426,-,-,-,-,-,-,-,-
-,-,-,-,-,-,-,-,-,-,-,-,-,-,-,423
-,-,-,-,-,-,-,-,-,-,-,-,-,-,-,415
-,-,-,-,-,-,-,-,-,-,-,-,-,-,-,398
-,-,-,-,-,-,-,-,-,-,-,-,-,-,-,397
-,-,-,-,-,-,-,-,-,-,-,-,-,-,-,430
-,-,-,-,-,-,-,-,-,-,-,-,-,-,-,430
-,-,-,-,-,-,-,-,-,-,-,-,-,-,-,430
-,-,-,-,-,-,-,-,-,-,-,-,-,-,-,430
-,-,-,-,-,-,-,-,-,-,-,-,-,-,-,430
-,-,-,-,-,-,-,-,-,-,-,-,-,-,-,430
-,-,-,-,-,-,-,-,-,-,-,-,-,-,-,430
-,-,-,-,-,-,-,-,-,-,-,-,-,-,-,430
-,-,-,-,-,-,-,-,-,-,-,-,-,-,-,429
-,-,-,-,-,-,-,-,-,-,-,-,-,-,-,469
-,-,-,-,-,-,-,-,-,-,-,-,-,-,-,452
-,-,-,-,-,-,-,-,-,-,-,-,-,-,-,443
-,-,-,-,-,-,-,444,-,-,-,-,-,-,-,-
-,-,-,-,-,-,-,-,-,-,-,-,-,-,-,441
-,-,-,-,-,-,-,-,-,-,-,-,-,-,-,450
-,-,-,-,-,-,-,-,-,-,-,-,-,-,-,445
-,-,-,-,-,-,-,-,-,-,-,-,-,-,-,445
-,-,-,-,-,-,-,-,-,-,-,-,-,-,-,452
-,-,-,-,-,-,-,-,-,-,-,-,-,-,-,450
-,-,-,-,-,-,-,451,-,-,-,-,-,-,-,-
-,-,-,-,-,-,-,-,-,-,-,-,-,-,-,448
-,-,-,-,-,-,-,-,-,-,-,-,-,-,-,440
-,-,-,-,-,-,-,-,-,-,-,-,-,-,-,459
-,-,-,-,-,-,-,-,-,-,-,-,-,-,-,453
-,-,-,-,-,-,-,-,-,-,-,-,-,-,-,453
-,-,-,-,-,-,-,-,-,-,-,-,-,-,-,469
-,-,-,-,-,-,-,-,-,-,-,-,-,-,-,468
-,-,-,-,-,-,-,-,-,-,-,-,-,-,-,459
-,-,-,-,-,-,-,460,-,-,-,-,-,-,-,-
-,-,-,-,-,-,-,-,-,-,-,-,-,-,-,457
-,-,-,-,-,-,-,-,-,-,-,-,-,-,-,466
-,-,-,-,-,-,-,-,-,-,-,-,-,-,-,461
-,-,-,-,-,-,-,-,-,-,-,-,-,-,-,461
-,-,-,-,-,-,-,-,-,-,-,-,-,-,-,468
-,-,-,-,-,-,-,-,-,-,-,-,-,-,-,466
-,-,-,-,-,-,-,467,-,-,-,-,-,-,-,-
-,-,-,-,-,-,-,-,-,-,-,-,-,-,-,464
-,-,-,-,-,-,-,-,-,-,-,-,-,-,-,456
-,-,-,-,-,-,-,-,-,-,-,-,-,-,-,439
-,-,-,-,-,-,-,-,-,-,-,-,-,-,-,547
-,-,-,-,-,-,-,-,-,-,-,-,-,-,-,473
-,-,-,-,-,-,-,-,-,-,-,-,-,-,-,479
-,-,-,-,-,-,-,-,-,-,-,-,-,-,-,471
-,-,-,-,-,-,-,-,-,-,-,-,-,-,-,506
-,-,-,-,-,-,-,-,-,-,-,-,-,-,-,505
-,-,-,-,-,-,-,-,-,-,-,-,-,-,-,488
-,-,-,-,-,-,-,-,-,-,-,-,-,-,-,479
-,-,-,-,-,-,-,480,-,-,-,-,-,-,-,-
-,-,-,-,-,-,-,-,-,-,-,-,-,-,-,477
-,-,-,-,-,-,-,-,-,-,-,-,-,-,-,486
-,-,-,-,-,-,-,-,-,-,-,-,-,-,-,481
-,-,-,-,-,-,-,-,-,-,-,-,-,-,-,481
-,-,-,-,-,-,-,-,-,-,-,-,-,-,-,488
-,-,-,-,-,-,-,-,-,-,-,-,-,-,-,486
-,-,-,-,-,-,-,487,-,-,-,-,-,-,-,-
-,-,-,-,-,-,-,-,-,-,-,-,-,-,-,484
-,-,-,-,-,-,-,-,-,-,-,-,-,-,-,476
-,-,-,-,-,-,-,-,-,-,-,-,-,-,-,495
-,-,-,-,-,-,-,-,-,-,-,-,-,-,-,489
-,-,-,-,-,-,-,-,-,-,-,-,-,-,-,489
-,-,-,-,-,-,-,-,-,-,-,-,-,-,-,505
-,-,-,-,-,-,-,-,-,-,-,-,-,-,-,504
-,-,-,-,-,-,-,-,-,-,-,-,-,-,-,495
-,-,-,-,-,-,-,496,-,-,-,-,-,-,-,-
-,-,-,-,-,-,-,-,-,-,-,-,-,-,-,493
-,-,-,-,-,-,-,-,-,-,-,-,-,-,-,502
-,-,-,-,-,-,-,-,-,-,-,-,-,-,-,497
-,-,-,-,-,-,-,-,-,-,-,-,-,-,-,497
-,-,-,-,-,-,-,-,-,-,-,-,-,-,-,504
-,-,-,-,-,-,-,-,-,-,-,-,-,-,-,502
-,-,-,-,-,-,-,503,-,-,-,-,-,-,-,-
-,-,-,-,-,-,-,-,-,-,-,-,-,-,-,500
-,-,-,-,-,-,-,-,-,-,-,-,-,-,-,492
-,-,-,-,-,-,-,-,-,-,-,-,-,-,-,475
-,-,-,-,-,-,-,-,-,-,-,-,-,-,-,474
-,-,-,-,-,-,-,-,-,-,-,-,-,-,-,520
-,-,-,-,-,-,-,-,-,-,-,-,-,-,-,507
-,-,-,-,-,-,-,-,-,-,-,-,-,-,-,507
-,-,-,-,-,-,-,-,-,-,-,-,-,-,-,507
-,-,-,-,-,-,-,-,-,-,-,-,-,-,-,507
-,-,-,-,-,-,-,-,-,-,-,-,-,-,-,507
-,-,-,-,-,-,-,-,-,-,-,-,-,-,-,507
-,-,-,-,-,-,-,-,-,-,-,-,-,-,-,507
-,-,-,-,-,-,-,-,-,-,-,-,-,-,-,507
-,-,-,-,-,-,-,-,-,-,-,-,-,-,-,506
-,-,-,-,-,-,-,-,-,-,-,-,-,-,-,546
-,-,-,-,-,-,-,-,-,-,-,-,-,-,-,529
-,-,-,-,-,-,-,-,-,-,-,-,-,-,-,520
-,-,-,-,-,-,-,521,-,-,-,-,-,-,-,-
-,-,-,-,-,-,-,-,-,-,-,-,-,-,-,518
-,-,-,-,-,-,-,-,-,-,-,-,-,-,-,527
-,-,-,-,-,-,-,-,-,-,-,-,-,-,-,522
-,-,-,-,-,-,-,-,-,-,-,-,-,-,-,522
-,-,-,-,-,-,-,-,-,-,-,-,-,-,-,529
-,-,-,-,-,-,-,-,-,-,-,-,-,-,-,527
-,-,-,-,-,-,-,528,-,-,-,-,-,-,-,-
-,-,-,-,-,-,-,-,-,-,-,-,-,-,-,525
-,-,-,-,-,-,-,-,-,-,-,-,-,-,-,517
-,-,-,-,-,-,-,-,-,-,-,-,-,-,-,530
-,-,-,-,-,-,-,-,-,-,-,-,-,-,-,530
-,-,-,-,-,-,-,-,-,-,-,-,-,-,-,546
-,-,-,-,-,-,-,-,-,-,-,-,-,-,-,545
-,-,-,-,-,-,-,-,-,-,-,-,-,-,-,536
-,-,-,-,-,-,-,537,-,-,-,-,-,-,-,-
-,-,-,-,-,-,-,-,-,-,-,-,-,-,-,534
-,-,-,-,-,-,-,-,-,-,-,-,-,-,-,543
-,-,-,-,-,-,-,-,-,-,-,-,-,-,-,538
-,-,-,-,-,-,-,-,-,-,-,-,-,-,-,538
-,-,-,-,-,-,-,-,-,-,-,-,-,-,-,545
-,-,-,-,-,-,-,-,-,-,-,-,-,-,-,543
-,-,-,-,-,-,-,544,-,-,-,-,-,-,-,-
-,-,-,-,-,-,-,-,-,-,-,-,-,-,-,541
-,-,-,-,-,-,-,-,-,-,-,-,-,-,-,533
-,-,-,-,-,-,-,-,-,-,-,-,-,-,-,516
-,-,-,-,-,-,-,-,-,-,-,-,-,-,-,393
-,-,-,-,-,-,-,-,-,-,-,-,-,-,-,552
-,-,-,-,-,-,-,-,-,-,-,-,-,-,-,704
-,-,-,-,-,-,-,-,-,-,-,-,-,-,-,703
-,-,-,-,-,-,-,-,-,-,-,-,-,-,-,552
-,-,-,-,-,-,-,-,-,-,-,-,-,-,-,558
-,-,-,-,-,-,-,-,-,-,-,-,-,-,-,550
-,-,-,-,-,-,-,-,-,-,-,-,-,-,-,585
-,-,-,-,-,-,-,-,-,-,-,-,-,-,-,584
-,-,-,-,-,-,-,-,-,-,-,-,-,-,-,567
-,-,-,-,-,-,-,-,-,-,-,-,-,-,-,558
-,-,-,-,-,-,-,559,-,-,-,-,-,-,-,-
-,-,-,-,-,-,-,-,-,-,-,-,-,-,-,556
-,-,-,-,-,-,-,-,-,-,-,-,-,-,-,560
-,-,-,-,-,-,-,-,-,-,-,-,-,-,-,560
-,-,-,-,-,-,-,-,-,-,-,-,-,-,-,567
-,-,-,-,-,-,-,-,-,-,-,-,-,-,-,565
-,-,-,-,-,-,-,566,-,-,-,-,-,-,-,-
-,-,-,-,-,-,-,-,-,-,-,-,-,-,-,563
-,-,-,-,-,-,-,-,-,-,-,-,-,-,-,555
-,-,-,-,-,-,-,-,-,-,-,-,-,-,-,574
-,-,-,-,-,-,-,-,-,-,-,-,-,-,-,568
-,-,-,-,-,-,-,-,-,-,-,-,-,-,-,568
-,-,-,-,-,-,-,-,-,-,-,-,-,-,-,584
-,-,-,-,-,-,-,-,-,-,-,-,-,-,-,583
-,-,-,-,-,-,-,-,-,-,-,-,-,-,-,574
-,-,-,-,-,-,-,575,-,-,-,-,-,-,-,-
-,-,-,-,-,-,-,-,-,-,-,-,-,-,-,572
-,-,-,-,-,-,-,-,-,-,-,-,-,-,-,581
-,-,-,-,-,-,-,-,-,-,-,-,-,-,-,576
-,-,-,-,-,-,-,-,-,-,-,-,-,-,-,576
-,-,-,-,-,-,-,-,-,-,-,-,-,-,-,583
-,-,-,-,-,-,-,-,-,-,-,-,-,-,-,581
-,-,-,-,-,-,-,582,-,-,-,-,-,-,-,-
-,-,-,-,-,-,-,-,-,-,-,-,-,-,-,579
-,-,-,-,-,-,-,-,-,-,-,-,-,-,-,571
-,-,-,-,-,-,-,-,-,-,-,-,-,-,-,554
-,-,-,-,-,-,-,-,-,-,-,-,-,-,-,553
-,-,-,-,-,-,-,-,-,-,-,-,-,-,-,599
-,-,-,-,-,-,-,-,-,-,-,-,-,-,-,586
-,-,-,-,-,-,-,-,-,-,-,-,-,-,-,586
-,-,-,-,-,-,-,-,-,-,-,-,-,-,-,586
-,-,-,-,-,-,-,-,-,-,-,-,-,-,-,586
-,-,-,-,-,-,-,-,-,-,-,-,-,-,-,586
-,-,-,-,-,-,-,-,-,-,-,-,-,-,-,586
-,-,-,-,-,-,-,-,-,-,-,-,-,-,-,586
-,-,-,-,-,-,-,-,-,-,-,-,-,-,-,586
-,-,-,-,-,-,-,-,-,-,-,-,-,-,-,585
-,-,-,-,-,-,-,-,-,-,-,-,-,-,-,625
-,-,-,-,-,-,-,-,-,-,-,-,-,-,-,608
-,-,-,-,-,-,-,-,-,-,-,-,-,-,-,599
-,-,-,-,-,-,-,600,-,-,-,-,-,-,-,-
-,-,-,-,-,-,-,-,-,-,-,-,-,-,-,597
-,-,-,-,-,-,-,-,-,-,-,-,-,-,-,606
-,-,-,-,-,-,-,-,-,-,-,-,-,-,-,601
-,-,-,-,-,-,-,-,-,-,-,-,-,-,-,601
-,-,-,-,-,-,-,-,-,-,-,-,-,-,-,608
-,-,-,-,-,-,-,-,-,-,-,-,-,-,-,606
-,-,-,-,-,-,-,607,-,-,-,-,-,-,-,-
-,-,-,-,-,-,-,-,-,-,-,-,-,-,-,604
-,-,-,-,-,-,-,-,-,-,-,-,-,-,-,596
-,-,-,-,-,-,-,-,-,-,-,-,-,-,-,615
-,-,-,-,-,-,-,-,-,-,-,-,-,-,-,609
-,-,-,-,-,-,-,-,-,-,-,-,-,-,-,609
-,-,-,-,-,-,-,-,-,-,-,-,-,-,-,625
-,-,-,-,-,-,-,-,-,-,-,-,-,-,-,624
-,-,-,-,-,-,-,-,-,-,-,-,-,-,-,615
-,-,-,-,-,-,-,616,-,-,-,-,-,-,-,-
-,-,-,-,-,-,-,-,-,-,-,-,-,-,-,613
-,-,-,-,-,-,-,-,-,-,-,-,-,-,-,622
-,-,-,-,-,-,-,-,-,-,-,-,-,-,-,617
-,-,-,-,-,-,-,-,-,-,-,-,-,-,-,617
-,-,-,-,-,-,-,-,-,-,-,-,-,-,-,624
-,-,-,-,-,-,-,-,-,-,-,-,-,-,-,622
-,-,-,-,-,-,-,623,-,-,-,-,-,-,-,-
-,-,-,-,-,-,-,-,-,-,-,-,-,-,-,620
-,-,-,-,-,-,-,-,-,-,-,-,-,-,-,612
-,-,-,-,-,-,-,-,-,-,-,-,-,-,-,595
-,-,-,-,-,-,-,-,-,-,-,-,-,-,-,629
-,-,-,-,-,-,-,-,-,-,-,-,-,-,-,703
-,-,-,-,-,-,-,-,-,-,-,-,-,-,-,629
-,-,-,-,-,-,-,-,-,-,-,-,-,-,-,635
-,-,-,-,-,-,-,-,-,-,-,-,-,-,-,627
-,-,-,-,-,-,-,-,-,-,-,-,-,-,-,662
-,-,-,-,-,-,-,-,-,-,-,-,-,-,-,661
-,-,-,-,-,-,-,-,-,-,-,-,-,-,-,644
-,-,-,-,-,-,-,-,-,-,-,-,-,-,-,635
-,-,-,-,-,-,-,636,-,-,-,-,-,-,-,-
-,-,-,-,-,-,-,-,-,-,-,-,-,-,-,633
-,-,-,-,-,-,-,-,-,-,-,-,-,-,-,642
-,-,-,-,-,-,-,-,-,-,-,-,-,-,-,637
-,-,-,-,-,-,-,-,-,-,-,-,-,-,-,637
-,-,-,-,-,-,-,-,-,-,-,-,-,-,-,644
-,-,-,-,-,-,-,-,-,-,-,-,-,-,-,642
-,-,-,-,-,-,-,643,-,-,-,-,-,-,-,-
-,-,-,-,-,-,-,-,-,-,-,-,-,-,-,640
-,-,-,-,-,-,-,-,-,-,-,-,-,-,-,632
-,-,-,-,-,-,-,-,-,-,-,-,-,-,-,651
-,-,-,-,-,-,-,-,-,-,-,-,-,-,-,645
-,-,-,-,-,-,-,-,-,-,-,-,-,-,-,645
-,-,-,-,-,-,-,-,-,-,-,-,-,-,-,661
-,-,-,-,-,-,-,-,-,-,-,-,-,-,-,660
-,-,-,-,-,-,-,-,-,-,-,-,-,-,-,651
-,-,-,-,-,-,-,652,-,-,-,-,-,-,-,-
-,-,-,-,-,-,-,-,-,-,-,-,-,-,-,649
-,-,-,-,-,-,-,-,-,-,-,-,-,-,-,658
-,-,-,-,-,-,-,-,-,-,-,-,-,-,-,653
-,-,-,-,-,-,-,-,-,-,-,-,-,-,-,653
-,-,-,-,-,-,-,-,-,-,-,-,-,-,-,660
-,-,-,-,-,-,-,-,-,-,-,-,-,-,-,658
-,-,-,-,-,-,-,659,-,-,-,-,-,-,-,-
-,-,-,-,-,-,-,-,-,-,-,-,-,-,-,656
-,-,-,-,-,-,-,-,-,-,-,-,-,-,-,648
-,-,-,-,-,-,-,-,-,-,-,-,-,-,-,631
-,-,-,-,-,-,-,-,-,-,-,-,-,-,-,630
-,-,-,-,-,-,-,-,-,-,-,-,-,-,-,676
-,-,-,-,-,-,-,-,-,-,-,-,-,-,-,663
-,-,-,-,-,-,-,-,-,-,-,-,-,-,-,663
-,-,-,-,-,-,-,-,-,-,-,-,-,-,-,663
-,-,-,-,-,-,-,-,-,-,-,-,-,-,-,663
-,-,-,-,-,-,-,-,-,-,-,-,-,-,-,663
-,-,-,-,-,-,-,-,-,-,-,-,-,-,-,663
-,-,-,-,-,-,-,-,-,-,-,-,-,-,-,663
-,-,-,-,-,-,-,-,-,-,-,-,-,-,-,663
-,-,-,-,-,-,-,-,-,-,-,-,-,-,-,662
-,-,-,-,-,-,-,-,-,-,-,-,-,-,-,702
-,-,-,-,-,-,-,-,-,-,-,-,-,-,-,685
-,-,-,-,-,-,-,-,-,-,-,-,-,-,-,676
-,-,-,-,-,-,-,677,-,-,-,-,-,-,-,-
-,-,-,-,-,-,-,-,-,-,-,-,-,-,-,674
-,-,-,-,-,-,-,-,-,-,-,-,-,-,-,683
-,-,-,-,-,-,-,-,-,-,-,-,-,-,-,678
-,-,-,-,-,-,-,-,-,-,-,-,-,-,-,678
-,-,-,-,-,-,-,-,-,-,-,-,-,-,-,685
-,-,-,-,-,-,-,-,-,-,-,-,-,-,-,683
-,-,-,-,-,-,-,684,-,-,-,-,-,-,-,-
-,-,-,-,-,-,-,-,-,-,-,-,-,-,-,681
-,-,-,-,-,-,-,-,-,-,-,-,-,-,-,673
-,-,-,-,-,-,-,-,-,-,-,-,-,-,-,692
-,-,-,-,-,-,-,-,-,-,-,-,-,-,-,686
-,-,-,-,-,-,-,-,-,-,-,-,-,-,-,686
-,-,-,-,-,-,-,-,-,-,-,-,-,-,-,702
-,-,-,-,-,-,-,-,-,-,-,-,-,-,-,701
-,-,-,-,-,-,-,-,-,-,-,-,-,-,-,692
-,-,-,-,-,-,-,693,-,-,-,-,-,-,-,-
-,-,-,-,-,-,-,-,-,-,-,-,-,-,-,690
-,-,-,-,-,-,-,-,-,-,-,-,-,-,-,699
-,-,-,-,-,-,-,-,-,-,-,-,-,-,-,694
-,-,-,-,-,-,-,-,-,-,-,-,-,-,-,694
-,-,-,-,-,-,-,-,-,-,-,-,-,-,-,701
-,-,-,-,-,-,-,-,-,-,-,-,-,-,-,699
-,-,-,-,-,-,-,700,-,-,-,-,-,-,-,-
-,-,-,-,-,-,-,-,-,-,-,-,-,-,-,697
-,-,-,-,-,-,-,-,-,-,-,-,-,-,-,689
-,-,-,-,-,-,-,-,-,-,-,-,-,-,-,672
-,-,-,-,-,-,-,-,-,-,-,-,-,-,-,549
-,-,-,-,-,-,-,-,-,-,-,-,-,-,-,392
-,-,-,-,706,-,-,-,-,-,-,-,-,-,-,-
-,-,-,-,-,-,-,-,-,-,708,-,-,-,-,707
-,-,-,-,-,-,-,-,-,-,-,-,-,-,-,380
-,-,-,-,709,-,-,-,-,-,-,-,-,-,-,-
-,-,-,-,-,-,-,-,-,-,-,-,-,-,-,707
-,-,-,-,-,-,-,-,-,-,-,-,-,-,-,721
-,-,-,-,-,-,715,-,-,-,-,-,-,-,-,-
-,-,-,-,-,-,-,-,-,-,-,-,-,-,-,716
-,-,-,-,-,-,-,-,-,-,-,-,-,-,-,714
-,-,-,-,-,-,-,-,-,-,-,-,-,-,-,716
-,-,-,-,-,-,-,-,-,-,-,-,-,-,-,721
-,-,-,-,-,-,-,-,-,-,-,-,-,-,-,726
-,-,-,-,-,-,-,-,-,-,-,-,-,-,-,713
-,-,-,-,-,-,-,-,-,-,-,-,-,-,-,1034
-,-,-,-,-,-,-,-,-,-,-,-,-,-,-,877
-,-,-,-,-,-,-,-,-,-,-,-,-,-,-,726
-,-,-,-,-,-,-,-,-,-,-,-,-,-,-,732
-,-,-,-,-,-,-,-,-,-,-,-,-,-,-,724
-,-,-,-,-,-,-,-,-,-,-,-,-,-,-,759
-,-,-,-,-,-,-,-,-,-,-,-,-,-,-,758
-,-,-,-,-,-,-,-,-,-,-,-,-,-,-,741
-,-,-,-,-,-,-,-,-,-,-,-,-,-,-,732
-,-,-,-,-,-,-,733,-,-,-,-,-,-,-,-
-,-,-,-,-,-,-,-,-,-,-,-,-,-,-,730
-,-,-,-,-,-,-,-,-,-,-,-,-,-,-,739
-,-,-,-,-,-,-,-,-,-,-,-,-,-,-,734
-,-,-,-,-,-,-,-,-,-,-,-,-,-,-,734
-,-,-,-,-,-,-,-,-,-,-,-,-,-,-,741
-,-,-,-,-,-,-,-,-,-,-,-,-,-,-,739
-,-,-,-,-,-,-,740,-,-,-,-,-,-,-,-
-,-,-,-,-,-,-,-,-,-,-,-,-,-,-,737
-,-,-,-,-,-,-,-,-,-,-,-,-,-,-,729
-,-,-,-,-,-,-,-,-,-,-,-,-,-,-,748
-,-,-,-,-,-,-,-,-,-,-,-,-,-,-,742
-,-,-,-,-,-,-,-,-,-,-,-,-,-,-,742
-,-,-,-,-,-,-,-,-,-,-,-,-,-,-,758
-,-,-,-,-,-,-,-,-,-,-,-,-,-,-,757
-,-,-,-,-,-,-,-,-,-,-,-,-,-,-,748
-,-,-,-,-,-,-,749,-,-,-,-,-,-,-,-
-,-,-,-,-,-,-,-,-,-,-,-,-,-,-,746
-,-,-,-,-,-,-,-,-,-,-,-,-,-,-,750
-,-,-,-,-,-,-,-,-,-,-,-,-,-,-,750
-,-,-,-,-,-,-,-,-,-,-,-,-,-,-,757
-,-,-,-,-,-,-,-,-,-,-,-,-,-,-,755
-,-,-,-,-,-,-,756,-,-,-,-,-,-,-,-
-,-,-,-,-,-,-,-,-,-,-,-,-,-,-,753
-,-,-,-,-,-,-,-,-,-,-,-,-,-,-,745
-,-,-,-,-,-,-,-,-,-,-,-,-,-,-,728
-,-,-,-,-,-,-,-,-,-,-,-,-,-,-,727
-,-,-,-,-,-,-,-,-,-,-,-,-,-,-,760
-,-,-,-,-,-,-,-,-,-,-,-,-,-,-,760
-,-,-,-,-,-,-,-,-,-,-,-,-,-,-,760
-,-,-,-,-,-,-,-,-,-,-,-,-,-,-,760
-,-,-,-,-,-,-,-,-,-,-,-,-,-,-,760
-,-,-,-,-,-,-,-,-,-,-,-,-,-,-,760
-,-,-,-,-,-,-,-,-,-,-,-,-,-,-,760
-,-,-,-,-,-,-,-,-,-,-,-,-,-,-,760
-,-,-,-,-,-,-,-,-,-,-,-,-,-,-,759
-,-,-,-,-,-,-,-,-,-,-,-,-,-,-,799
-,-,-,-,-,-,-,-,-,-,-,-,-,-,-,782
-,-,-,-,-,-,-,-,-,-,-,-,-,-,-,773
-,-,-,-,-,-,-,774,-,-,-,-,-,-,-,-
-,-,-,-,-,-,-,-,-,-,-,-,-,-,-,771
-,-,-,-,-,-,-,-,-,-,-,-,-,-,-,780
-,-,-,-,-,-,-,-,-,-,-,-,-,-,-,775
-,-,-,-,-,-,-,-,-,-,-,-,-,-,-,775
-,-,-,-,-,-,-,-,-,-,-,-,-,-,-,782
-,-,-,-,-,-,-,-,-,-,-,-,-,-,-,780
-,-,-,-,-,-,-,781,-,-,-,-,-,-,-,-
-,-,-,-,-,-,-,-,-,-,-,-,-,-,-,778
-,-,-,-,-,-,-,-,-,-,-,-,-,-,-,770
-,-,-,-,-,-,-,-,-,-,-,-,-,-,-,789
-,-,-,-,-,-,-,-,-,-,-,-,-,-,-,783
-,-,-,-,-,-,-,-,-,-,-,-,-,-,-,783
-,-,-,-,-,-,-,-,-,-,-,-,-,-,-,799
-,-,-,-,-,-,-,-,-,-,-,-,-,-,-,798
-,-,-,-,-,-,-,-,-,-,-,-,-,-,-,789
-,-,-,-,-,-,-,790,-,-,-,-,-,-,-,-
-,-,-,-,-,-,-,-,-,-,-,-,-,-,-,787
-,-,-,-,-,-,-,-,-,-,-,-,-,-,-,796
-,-,-,-,-,-,-,-,-,-,-,-,-,-,-,791
-,-,-,-,-,-,-,-,-,-,-,-,-,-,-,791
-,-,-,-,-,-,-,-,-,-,-,-,-,-,-,798
-,-,-,-,-,-,-,-,-,-,-,-,-,-,-,796
-,-,-,-,-,-,-,797,-,-,-,-,-,-,-,-
-,-,-,-,-,-,-,-,-,-,-,-,-,-,-,794
-,-,-,-,-,-,-,-,-,-,-,-,-,-,-,786
-,-,-,-,-,-,-,-,-,-,-,-,-,-,-,769
-,-,-,-,-,-,-,-,-,-,-,-,-,-,-,877
-,-,-,-,-,-,-,-,-,-,-,-,-,-,-,803
-,-,-,-,-,-,-,-,-,-,-,-,-,-,-,809
-,-,-,-,-,-,-,-,-,-,-,-,-,-,-,801
-,-,-,-,-,-,-,-,-,-,-,-,-,-,-,836
-,-,-,-,-,-,-,-,-,-,-,-,-,-,-,835
-,-,-,-,-,-,-,-,-,-,-,-,-,-,-,818
-,-,-,-,-,-,-,-,-,-,-,-,-,-,-,809
-,-,-,-,-,-,-,810,-,-,-,-,-,-,-,-
-,-,-,-,-,-,-,-,-,-,-,-,-,-,-,807
-,-,-,-,-,-,-,-,-,-,-,-,-,-,-,816
-,-,-,-,-,-,-,-,-,-,-,-,-,-,-,811
-,-,-,-,-,-,-,-,-,-,-,-,-,-,-,811
-,-,-,-,-,-,-,-,-,-,-,-,-,-,-,818
-,-,-,-,-,-,-,-,-,-,-,-,-,-,-,816
-,-,-,-,-,-,-,817,-,-,-,-,-,-,-,-
-,-,-,-,-,-,-,-,-,-,-,-,-,-,-,814
-,-,-,-,-,-,-,-,-,-,-,-,-,-,-,806
-,-,-,-,-,-,-,-,-,-,-,-,-,-,-,825
-,-,-,-,-,-,-,-,-,-,-,-,-,-,-,819
-,-,-,-,-,-,-,-,-,-,-,-,-,-,-,819
-,-,-,-,-,-,-,-,-,-,-,-,-,-,-,835
-,-,-,-,-,-,-,-,-,-,-,-,-,-,-,834
-,-,-,-,-,-,-,-,-,-,-,-,-,-,-,825
-,-,-,-,-,-,-,826,-,-,-,-,-,-,-,-
-,-,-,-,-,-,-,-,-,-,-,-,-,-,-,823
-,-,-,-,-,-,-,-,-,-,-,-,-,-,-,832
-,-,-,-,-,-,-,-,-,-,-,-,-,-,-,827
-,-,-,-,-,-,-,-,-,-,-,-,-,-,-,827
-,-,-,-,-,-,-,-,-,-,-,-,-,-,-,834
-,-,-,-,-,-,-,-,-,-,-,-,-,-,-,832
-,-,-,-,-,-,-,833,-,-,-,-,-,-,-,-
-,-,-,-,-,-,-,-,-,-,-,-,-,-,-,830
-,-,-,-,-,-,-,-,-,-,-,-,-,-,-,822
-,-,-,-,-,-,-,-,-,-,-,-,-,-,-,805
-,-,-,-,-,-,-,-,-,-,-,-,-,-,-,804
-,-,-,-,-,-,-,-,-,-,-,-,-,-,-,850
-,-,-,-,-,-,-,-,-,-,-,-,-,-,-,837
-,-,-,-,-,-,-,-,-,-,-,-,-,-,-,837
-,-,-,-,-,-,-,-,-,-,-,-,-,-,-,837
-,-,-,-,-,-,-,-,-,-,-,-,-,-,-,837
-,-,-,-,-,-,-,-,-,-,-,-,-,-,-,837
-,-,-,-,-,-,-,-,-,-,-,-,-,-,-,837
-,-,-,-,-,-,-,-,-,-,-,-,-,-,-,837
-,-,-,-,-,-,-,-,-,-,-,-,-,-,-,837
-,-,-,-,-,-,-,-,-,-,-,-,-,-,-,836
-,-,-,-,-,-,-,-,-,-,-,-,-,-,-,876
-,-,-,-,-,-,-,-,-,-,-,-,-,-,-,859
-,-,-,-,-,-,-,-,-,-,-,-,-,-,-,850
-,-,-,-,-,-,-,851,-,-,-,-,-,-,-,-
-,-,-,-,-,-,-,-,-,-,-,-,-,-,-,848
-,-,-,-,-,-,-,-,-,-,-,-,-,-,-,857
-,-,-,-,-,-,-,-,-,-,-,-,-,-,-,852
-,-,-,-,-,-,-,-,-,-,-,-,-,-,-,852
-,-,-,-,-,-,-,-,-,-,-,-,-,-,-,859
-,-,-,-,-,-,-,-,-,-,-,-,-,-,-,857
-,-,-,-,-,-,-,858,-,-,-,-,-,-,-,-
-,-,-,-,-,-,-,-,-,-,-,-,-,-,-,855
-,-,-,-,-,-,-,-,-,-,-,-,-,-,-,847
-,-,-,-,-,-,-,-,-,-,-,-,-,-,-,860
-,-,-,-,-,-,-,-,-,-,-,-,-,-,-,860
-,-,-,-,-,-,-,-,-,-,-,-,-,-,-,876
-,-,-,-,-,-,-,-,-,-,-,-,-,-,-,875
-,-,-,-,-,-,-,-,-,-,-,-,-,-,-,866
-,-,-,-,-,-,-,867,-,-,-,-,-,-,-,-
-,-,-,-,-,-,-,-,-,-,-,-,-,-,-,864
-,-,-,-,-,-,-,-,-,-,-,-,-,-,-,873
-,-,-,-,-,-,-,-,-,-,-,-,-,-,-,868
-,-,-,-,-,-,-,-,-,-,-,-,-,-,-,868
-,-,-,-,-,-,-,-,-,-,-,-,-,-,-,875
-,-,-,-,-,-,-,-,-,-,-,-,-,-,-,873
-,-,-,-,-,-,-,874,-,-,-,-,-,-,-,-
-,-,-,-,-,-,-,-,-,-,-,-,-,-,-,871
-,-,-,-,-,-,-,-,-,-,-,-,-,-,-,863
-,-,-,-,-,-,-,-,-,-,-,-,-,-,-,846
-,-,-,-,-,-,-,-,-,-,-,-,-,-,-,723
-,-,-,-,-,-,-,-,-,-,-,-,-,-,-,882
-,-,-,-,-,-,-,-,-,-,-,-,-,-,-,1034
-,-,-,-,-,-,-,-,-,-,-,-,-,-,-,1033
-,-,-,-,-,-,-,-,-,-,-,-,-,-,-,882
-,-,-,-,-,-,-,-,-,-,-,-,-,-,-,888
-,-,-,-,-,-,-,-,-,-,-,-,-,-,-,880
-,-,-,-,-,-,-,-,-,-,-,-,-,-,-,915
-,-,-,-,-,-,-,-,-,-,-,-,-,-,-,914
-,-,-,-,-,-,-,-,-,-,-,-,-,-,-,897
-,-,-,-,-,-,-,-,-,-,-,-,-,-,-,888
-,-,-,-,-,-,-,889,-,-,-,-,-,-,-,-
-,-,-,-,-,-,-,-,-,-,-,-,-,-,-,886
-,-,-,-,-,-,-,-,-,-,-,-,-,-,-,890
-,-,-,-,-,-,-,-,-,-,-,-,-,-,-,890
-,-,-,-,-,-,-,-,-,-,-,-,-,-,-,897
-,-,-,-,-,-,-,-,-,-,-,-,-,-,-,895
-,-,-,-,-,-,-,896,-,-,-,-,-,-,-,-
-,-,-,-,-,-,-,-,-,-,-,-,-,-,-,893
-,-,-,-,-,-,-,-,-,-,-,-,-,-,-,885
-,-,-,-,-,-,-,-,-,-,-,-,-,-,-,904
-,-,-,-,-,-,-,-,-,-,-,-,-,-,-,898
-,-,-,-,-,-,-,-,-,-,-,-,-,-,-,898
-,-,-,-,-,-,-,-,-,-,-,-,-,-,-,914
-,-,-,-,-,-,-,-,-,-,-,-,-,-,-,913
-,-,-,-,-,-,-,-,-,-,-,-,-,-,-,904
-,-,-,-,-,-,-,905,-,-,-,-,-,-,-,-
-,-,-,-,-,-,-,-,-,-,-,-,-,-,-,902
-,-,-,-,-,-,-,-,-,-,-,-,-,-,-,911
-,-,-,-,-,-,-,-,-,-,-,-,-,-,-,906
-,-,-,-,-,-,-,-,-,-,-,-,-,-,-,906
-,-,-,-,-,-,-,-,-,-,-,-,-,-,-,913
-,-,-,-,-,-,-,-,-,-,-,-,-,-,-,911
-,-,-,-,-,-,-,912,-,-,-,-,-,-,-,-
-,-,-,-,-,-,-,-,-,-,-,-,-,-,-,909
-,-,-,-,-,-,-,-,-,-,-,-,-,-,-,901
-,-,-,-,-,-,-,-,-,-,-,-,-,-,-,884
-,-,-,-,-,-,-,-,-,-,-,-,-,-,-,883
-,-,-,-,-,-,-,-,-,-,-,-,-,-,-,929
-,-,-,-,-,-,-,-,-,-,-,-,-,-,-,916
-,-,-,-,-,-,-,-,-,-,-,-,-,-,-,916
-,-,-,-,-,-,-,-,-,-,-,-,-,-,-,916
-,-,-,-,-,-,-,-,-,-,-,-,-,-,-,916
-,-,-,-,-,-,-,-,-,-,-,-,-,-,-,916
-,-,-,-,-,-,-,-,-,-,-,-,-,-,-,916
-,-,-,-,-,-,-,-,-,-,-,-,-,-,-,916
-,-,-,-,-,-,-,-,-,-,-,-,-,-,-,916
-,-,-,-,-,-,-,-,-,-,-,-,-,-,-,915
-,-,-,-,-,-,-,-,-,-,-,-,-,-,-,955
-,-,-,-,-,-,-,-,-,-,-,-,-,-,-,938
-,-,-,-,-,-,-,-,-,-,-,-,-,-,-,929
-,-,-,-,-,-,-,930,-,-,-,-,-,-,-,-
-,-,-,-,-,-,-,-,-,-,-,-,-,-,-,927
-,-,-,-,-,-,-,-,-,-,-,-,-,-,-,936
-,-,-,-,-,-,-,-,-,-,-,-,-,-,-,931
-,-,-,-,-,-,-,-,-,-,-,-,-,-,-,931
-,-,-,-,-,-,-,-,-,-,-,-,-,-,-,938
-,-,-,-,-,-,-,-,-,-,-,-,-,-,-,936
-,-,-,-,-,-,-,937,-,-,-,-,-,-,-,-
-,-,-,-,-,-,-,-,-,-,-,-,-,-,-,934
-,-,-,-,-,-,-,-,-,-,-,-,-,-,-,926
-,-,-,-,-,-,-,-,-,-,-,-,-,-,-,945
-,-,-,-,-,-,-,-,-,-,-,-,-,-,-,939
-,-,-,-,-,-,-,-,-,-,-,-,-,-,-,939
-,-,-,-,-,-,-,-,-,-,-,-,-,-,-,955
-,-,-,-,-,-,-,-,-,-,-,-,-,-,-,954
-,-,-,-,-,-,-,-,-,-,-,-,-,-,-,945
-,-,-,-,-,-,-,946,-,-,-,-,-,-,-,-
-,-,-,-,-,-,-,-,-,-,-,-,-,-,-,943
-,-,-,-,-,-,-,-,-,-,-,-,-,-,-,952
-,-,-,-,-,-,-,-,-,-,-,-,-,-,-,947
-,-,-,-,-,-,-,-,-,-,-,-,-,-,-,947
-,-,-,-,-,-,-,-,-,-,-,-,-,-,-,954
-,-,-,-,-,-,-,-,-,-,-,-,-,-,-,952
-,-,-,-,-,-,-,953,-,-,-,-,-,-,-,-
-,-,-,-,-,-,-,-,-,-,-,-,-,-,-,950
-,-,-,-,-,-,-,-,-,-,-,-,-,-,-,942
-,-,-,-,-,-,-,-,-,-,-,-,-,-,-,925
-,-,-,-,-,-,-,-,-,-,-,-,-,-,-,959
-,-,-,-,-,-,-,-,-,-,-,-,-,-,-,1033
-,-,-,-,-,-,-,-,-,-,-,-,-,-,-,959
-,-,-,-,-,-,-,-,-,-,-,-,-,-,-,965
-,-,-,-,-,-,-,-,-,-,-,-,-,-,-,957
-,-,-,-,-,-,-,-,-,-,-,-,-,-,-,992
-,-,-,-,-,-,-,-,-,-,-,-,-,-,-,991
-,-,-,-,-,-,-,-,-,-,-,-,-,-,-,974
-,-,-,-,-,-,-,-,-,-,-,-,-,-,-,965
-,-,-,-,-,-,-,966,-,-,-,-,-,-,-,-
-,-,-,-,-,-,-,-,-,-,-,-,-,-,-,963
-,-,-,-,-,-,-,-,-,-,-,-,-,-,-,972
-,-,-,-,-,-,-,-,-,-,-,-,-,-,-,967
-,-,-,-,-,-,-,-,-,-,-,-,-,-,-,967
-,-,-,-,-,-,-,-,-,-,-,-,-,-,-,974
-,-,-,-,-,-,-,-,-,-,-,-,-,-,-,972
-,-,-,-,-,-,-,973,-,-,-,-,-,-,-,-
-,-,-,-,-,-,-,-,-,-,-,-,-,-,-,970
-,-,-,-,-,-,-,-,-,-,-,-,-,-,-,962
-,-,-,-,-,-,-,-,-,-,-,-,-,-,-,981
-,-,-,-,-,-,-,-,-,-,-,-,-,-,-,975
-,-,-,-,-,-,-,-,-,-,-,-,-,-,-,975
-,-,-,-,-,-,-,-,-,-,-,-,-,-,-,991
-,-,-,-,-,-,-,-,-,-,-,-,-,-,-,990
-,-,-,-,-,-,-,-,-,-,-,-,-,-,-,981
-,-,-,-,-,-,-,982,-,-,-,-,-,-,-,-
-,-,-,-,-,-,-,-,-,-,-,-,-,-,-,979
-,-,-,-,-,-,-,-,-,-,-,-,-,-,-,988
-,-,-,-,-,-,-,-,-,-,-,-,-,-,-,983
-,-,-,-,-,-,-,-,-,-,-,-,-,-,-,983
-,-,-,-,-,-,-,-,-,-,-,-,-,-,-,990
-,-,-,-,-,-,-,-,-,-,-,-,-,-,-,988
-,-,-,-,-,-,-,989,-,-,-,-,-,-,-,-
-,-,-,-,-,-,-,-,-,-,-,-,-,-,-,986
-,-,-,-,-,-,-,-,-,-,-,-,-,-,-,978
-,-,-,-,-,-,-,-,-,-,-,-,-,-,-,961
-,-,-,-,-,-,-,-,-,-,-,-,-,-,-,960
-,-,-,-,-,-,-,-,-,-,-,-,-,-,-,1006
-,-,-,-,-,-,-,-,-,-,-,-,-,-,-,993
-,-,-,-,-,-,-,-,-,-,-,-,-,-,-,993
-,-,-,-,-,-,-,-,-,-,-,-,-,-,-,993
-,-,-,-,-,-,-,-,-,-,-,-,-,-,-,993
-,-,-,-,-,-,-,-,-,-,-,-,-,-,-,993
-,-,-,-,-,-,-,-,-,-,-,-,-,-,-,993
-,-,-,-,-,-,-,-,-,-,-,-,-,-,-,993
-,-,-,-,-,-,-,-,-,-,-,-,-,-,-,993
-,-,-,-,-,-,-,-,-,-,-,-,-,-,-,992
-,-,-,-,-,-,-,-,-,-,-,-,-,-,-,1032
-,-,-,-,-,-,-,-,-,-,-,-,-,-,-,1015
-,-,-,-,-,-,-,-,-,-,-,-,-,-,-,1006
-,-,-,-,-,-,-,1007,-,-,-,-,-,-,-,-
-,-,-,-,-,-,-,-,-,-,-,-,-,-,-,1004
-,-,-,-,-,-,-,-,-,-,-,-,-,-,-,1013
-,-,-,-,-,-,-,-,-,-,-,-,-,-,-,1008
-,-,-,-,-,-,-,-,-,-,-,-,-,-,-,1008
-,-,-,-,-,-,-,-,-,-,-,-,-,-,-,1015
-,-,-,-,-,-,-,-,-,-,-,-,-,-,-,1013
-,-,-,-,-,-,-,1014,-,-,-,-,-,-,-,-
-,-,-,-,-,-,-,-,-,-,-,-,-,-,-,1011
-,-,-,-,-,-,-,-,-,-,-,-,-,-,-,1003
-,-,-,-,-,-,-,-,-,-,-,-,-,-,-,1022
-,-,-,-,-,-,-,-,-,-,-,-,-,-,-,1016
-,-,-,-,-,-,-,-,-,-,-,-,-,-,-,1016
-,-,-,-,-,-,-,-,-,-,-,-,-,-,-,1032
-,-,-,-,-,-,-,-,-,-,-,-,-,-,-,1031
-,-,-,-,-,-,-,-,-,-,-,-,-,-,-,1022
-,-,-,-,-,-,-,1023,-,-,-,-,-,-,-,-
-,-,-,-,-,-,-,-,-,-,-,-,-,-,-,1020
-,-,-,-,-,-,-,-,-,-,-,-,-,-,-,1029
-,-,-,-,-,-,-,-,-,-,-,-,-,-,-,1024
-,-,-,-,-,-,-,-,-,-,-,-,-,-,-,1024
-,-,-,-,-,-,-,-,-,-,-,-,-,-,-,1031
-,-,-,-,-,-,-,-,-,-,-,-,-,-,-,1029
-,-,-,-,-,-,-,1030,-,-,-,-,-,-,-,-
-,-,-,-,-,-,-,-,-,-,-,-,-,-,-,1027
-,-,-,-,-,-,-,-,-,-,-,-,-,-,-,1019
-,-,-,-,-,-,-,-,-,-,-,-,-,-,-,1002
-,-,-,-,-,-,-,-,-,-,-,-,-,-,-,879
-,-,-,-,-,-,-,-,-,-,-,-,-,-,-,722
-,-,-,-,1036,-,-,-,-,-,-,-,-,-,-,-
-,-,-,-,-,-,-,-,-,-,-,-,-,-,-,710
-,-,-,-,-,-,-,-,-,-,-,-,-,-,-,1048
-,-,-,-,-,-,-,-,-,-,-,-,-,-,-,1039
-,-,-,-,-,-,1042,-,-,-,-,-,-,-,-,-
-,-,-,-,-,-,-,-,-,-,-,-,-,-,-,1043
-,-,-,-,-,-,-,-,-,-,-,-,-,-,-,1041
-,-,-,-,-,-,-,-,-,-,-,-,-,-,-,1043
-,-,-,-,-,-,-,-,-,-,-,-,-,-,-,1048
-,-,-,-,-,-,-,-,-,-,-,-,-,-,-,1053
-,-,-,-,-,-,-,-,-,-,-,-,-,-,-,1040
-,-,-,-,-,-,-,-,-,-,-,-,-,-,-,1361
-,-,-,-,-,-,-,-,-,-,-,-,-,-,-,1204
-,-,-,-,-,-,-,-,-,-,-,-,-,-,-,1053
-,-,-,-,-,-,-,-,-,-,-,-,-,-,-,1059
-,-,-,-,-,-,-,-,-,-,-,-,-,-,-,1051
-,-,-,-,-,-,-,-,-,-,-,-,-,-,-,1086
-,-,-,-,-,-,-,-,-,-,-,-,-,-,-,1085
-,-,-,-,-,-,-,-,-,-,-,-,-,-,-,1068
-,-,-,-,-,-,-,-,-,-,-,-,-,-,-,1059
-,-,-,-,-,-,-,1060,-,-,-,-,-,-,-,-
-,-,-,-,-,-,-,-,-,-,-,-,-,-,-,1057
-,-,-,-,-,-,-,-,-,-,-,-,-,-,-,1066
-,-,-,-,-,-,-,-,-,-,-,-,-,-,-,1061
-,-,-,-,-,-,-,-,-,-,-,-,-,-,-,1061
-,-,-,-,-,-,-,-,-,-,-,-,-,-,-,1068
-,-,-,-,-,-,-,-,-,-,-,-,-,-,-,1066
-,-,-,-,-,-,-,1067,-,-,-,-,-,-,-,-
-,-,-,-,-,-,-,-,-,-,-,-,-,-,-,1064
-,-,-,-,-,-,-,-,-,-,-,-,-,-,-,1056
-,-,-,-,-,-,-,-,-,-,-,-,-,-,-,1075
-,-,-,-,-,-,-,-,-,-,-,-,-,-,-,1069
-,-,-,-,-,-,-,-,-,-,-,-,-,-,-,1069
-,-,-,-,-,-,-,-,-,-,-,-,-,-,-,1085
-,-,-,-,-,-,-,-,-,-,-,-,-,-,-,1084
-,-,-,-,-,-,-,-,-,-,-,-,-,-,-,1075
-,-,-,-,-,-,-,1076,-,-,-,-,-,-,-,-
-,-,-,-,-,-,-,-,-,-,-,-,-,-,-,1073
-,-,-,-,-,-,-,-,-,-,-,-,-,-,-,1082
-,-,-,-,-,-,-,-,-,-,-,-,-,-,-,1077
-,-,-,-,-,-,-,-,-,-,-,-,-,-,-,1077
-,-,-,-,-,-,-,-,-,-,-,-,-,-,-,1084
-,-,-,-,-,-,-,-,-,-,-,-,-,-,-,1082
-,-,-,-,-,-,-,1083,-,-,-,-,-,-,-,-
-,-,-,-,-,-,-,-,-,-,-,-,-,-,-,1080
-,-,-,-,-,-,-,-,-,-,-,-,-,-,-,1072
-,-,-,-,-,-,-,-,-,-,-,-,-,-,-,1055
-,-,-,-,-,-,-,-,-,-,-,-,-,-,-,1054
-,-,-,-,-,-,-,-,-,-,-,-,-,-,-,1100
-,-,-,-,-,-,-,-,-,-,-,-,-,-,-,1087
-,-,-,-,-,-,-,-,-,-,-,-,-,-,-,1087
-,-,-,-,-,-,-,-,-,-,-,-,-,-,-,1087
-,-,-,-,-,-,-,-,-,-,-,-,-,-,-,1087
-,-,-,-,-,-,-,-,-,-,-,-,-,-,-,1087
-,-,-,-,-,-,-,-,-,-,-,-,-,-,-,1087
-,-,-,-,-,-,-,-,-,-,-,-,-,-,-,1087
-,-,-,-,-,-,-,-,-,-,-,-,-,-,-,1087
-,-,-,-,-,-,-,-,-,-,-,-,-,-,-,1086
-,-,-,-,-,-,-,-,-,-,-,-,-,-,-,1126
-,-,-,-,-,-,-,-,-,-,-,-,-,-,-,1109
-,-,-,-,-,-,-,-,-,-,-,-,-,-,-,1100
-,-,-,-,-,-,-,1101,-,-,-,-,-,-,-,-
-,-,-,-,-,-,-,-,-,-,-,-,-,-,-,1098
-,-,-,-,-,-,-,-,-,-,-,-,-,-,-,1107
-,-,-,-,-,-,-,-,-,-,-,-,-,-,-,1102
-,-,-,-,-,-,-,-,-,-,-,-,-,-,-,1102
-,-,-,-,-,-,-,-,-,-,-,-,-,-,-,1109
-,-,-,-,-,-,-,-,-,-,-,-,-,-,-,1107
-,-,-,-,-,-,-,1108,-,-,-,-,-,-,-,-
-,-,-,-,-,-,-,-,-,-,-,-,-,-,-,1105
-,-,-,-,-,-,-,-,-,-,-,-,-,-,-,1097
-,-,-,-,-,-,-,-,-,-,-,-,-,-,-,1110
-,-,-,-,-,-,-,-,-,-,-,-,-,-,-,1110
-,-,-,-,-,-,-,-,-,-,-,-,-,-,-,1126
-,-,-,-,-,-,-,-,-,-,-,-,-,-,-,1125
-,-,-,-,-,-,-,-,-,-,-,-,-,-,-,1116
-,-,-,-,-,-,-,1117,-,-,-,-,-,-,-,-
-,-,-,-,-,-,-,-,-,-,-,-,-,-,-,1114
-,-,-,-,-,-,-,-,-,-,-,-,-,-,-,1123
-,-,-,-,-,-,-,-,-,-,-,-,-,-,-,1118
-,-,-,-,-,-,-,-,-,-,-,-,-,-,-,1118
-,-,-,-,-,-,-,-,-,-,-,-,-,-,-,1125
-,-,-,-,-,-,-,-,-,-,-,-,-,-,-,1123
-,-,-,-,-,-,-,1124,-,-,-,-,-,-,-,-
-,-,-,-,-,-,-,-,-,-,-,-,-,-,-,1121
-,-,-,-,-,-,-,-,-,-,-,-,-,-,-,1113
-,-,-,-,-,-,-,-,-,-,-,-,-,-,-,1096
-,-,-,-,-,-,-,-,-,-,-,-,-,-,-,1130
-,-,-,-,-,-,-,-,-,-,-,-,-,-,-,1204
-,-,-,-,-,-,-,-,-,-,-,-,-,-,-,1130
-,-,-,-,-,-,-,-,-,-,-,-,-,-,-,1128
-,-,-,-,-,-,-,-,-,-,-,-,-,-,-,1163
-,-,-,-,-,-,-,-,-,-,-,-,-,-,-,1162
-,-,-,-,-,-,-,-,-,-,-,-,-,-,-,1145
-,-,-,-,-,-,-,-,-,-,-,-,-,-,-,1136
-,-,-,-,-,-,-,1137,-,-,-,-,-,-,-,-
-,-,-,-,-,-,-,-,-,-,-,-,-,-,-,1134
-,-,-,-,-,-,-,-,-,-,-,-,-,-,-,1143
-,-,-,-,-,-,-,-,-,-,-,-,-,-,-,1138
-,-,-,-,-,-,-,-,-,-,-,-,-,-,-,1138
-,-,-,-,-,-,-,-,-,-,-,-,-,-,-,1145
-,-,-,-,-,-,-,-,-,-,-,-,-,-,-,1143
-,-,-,-,-,-,-,1144,-,-,-,-,-,-,-,-
-,-,-,-,-,-,-,-,-,-,-,-,-,-,-,1141
-,-,-,-,-,-,-,-,-,-,-,-,-,-,-,1133
-,-,-,-,-,-,-,-,-,-,-,-,-,-,-,1152
-,-,-,-,-,-,-,-,-,-,-,-,-,-,-,1146
-,-,-,-,-,-,-,-,-,-,-,-,-,-,-,1146
-,-,-,-,-,-,-,-,-,-,-,-,-,-,-,1162
-,-,-,-,-,-,-,-,-,-,-,-,-,-,-,1161
-,-,-,-,-,-,-,-,-,-,-,-,-,-,-,1152
-,-,-,-,-,-,-,1153,-,-,-,-,-,-,-,-
-,-,-,-,-,-,-,-,-,-,-,-,-,-,-,1150
-,-,-,-,-,-,-,-,-,-,-,-,-,-,-,1159
-,-,-,-,-,-,-,-,-,-,-,-,-,-,-,1154
-,-,-,-,-,-,-,-,-,-,-,-,-,-,-,1154
-,-,-,-,-,-,-,-,-,-,-,-,-,-,-,1161
-,-,-,-,-,-,-,-,-,-,-,-,-,-,-,1159
-,-,-,-,-,-,-,1160,-,-,-,-,-,-,-,-
-,-,-,-,-,-,-,-,-,-,-,-,-,-,-,1157
-,-,-,-,-,-,-,-,-,-,-,-,-,-,-,1149
-,-,-,-,-,-,-,-,-,-,-,-,-,-,-,1132
-,-,-,-,-,-,-,-,-,-,-,-,-,-,-,1131
-,-,-,-,-,-,-,-,-,-,-,-,-,-,-,1177
-,-,-,-,-,-,-,-,-,-,-,-,-,-,-,1164
-,-,-,-,-,-,-,-,-,-,-,-,-,-,-,1164
-,-,-,-,-,-,-,-,-,-,-,-,-,-,-,1164
-,-,-,-,-,-,-,-,-,-,-,-,-,-,-,1164
-,-,-,-,-,-,-,-,-,-,-,-,-,-,-,1164
-,-,-,-,-,-,-,-,-,-,-,-,-,-,-,1164
-,-,-,-,-,-,-,-,-,-,-,-,-,-,-,1164
-,-,-,-,-,-,-,-,-,-,-,-,-,-,-,1164
-,-,-,-,-,-,-,-,-,-,-,-,-,-,-,1163
-,-,-,-,-,-,-,-,-,-,-,-,-,-,-,1203
-,-,-,-,-,-,-,-,-,-,-,-,-,-,-,1186
-,-,-,-,-,-,-,-,-,-,-,-,-,-,-,1177
-,-,-,-,-,-,-,1178,-,-,-,-,-,-,-,-
-,-,-,-,-,-,-,-,-,-,-,-,-,-,-,1175
-,-,-,-,-,-,-,-,-,-,-,-,-,-,-,1184
-,-,-,-,-,-,-,-,-,-,-,-,-,-,-,1179
-,-,-,-,-,-,-,-,-,-,-,-,-,-,-,1179
-,-,-,-,-,-,-,-,-,-,-,-,-,-,-,1186
-,-,-,-,-,-,-,-,-,-,-,-,-,-,-,1184
-,-,-,-,-,-,-,1185,-,-,-,-,-,-,-,-
-,-,-,-,-,-,-,-,-,-,-,-,-,-,-,1182
-,-,-,-,-,-,-,-,-,-,-,-,-,-,-,1174
-,-,-,-,-,-,-,-,-,-,-,-,-,-,-,1193
-,-,-,-,-,-,-,-,-,-,-,-,-,-,-,1187
-,-,-,-,-,-,-,-,-,-,-,-,-,-,-,1187
-,-,-,-,-,-,-,-,-,-,-,-,-,-,-,1203
-,-,-,-,-,-,-,-,-,-,-,-,-,-,-,1202
-,-,-,-,-,-,-,-,-,-,-,-,-,-,-,1193
-,-,-,-,-,-,-,1194,-,-,-,-,-,-,-,-
-,-,-,-,-,-,-,-,-,-,-,-,-,-,-,1191
-,-,-,-,-,-,-,-,-,-,-,-,-,-,-,1200
-,-,-,-,-,-,-,-,-,-,-,-,-,-,-,1195
-,-,-,-,-,-,-,-,-,-,-,-,-,-,-,1195
-,-,-,-,-,-,-,-,-,-,-,-,-,-,-,1202
-,-,-,-,-,-,-,-,-,-,-,-,-,-,-,1200
-,-,-,-,-,-,-,1201,-,-,-,-,-,-,-,-
-,-,-,-,-,-,-,-,-,-,-,-,-,-,-,1198
-,-,-,-,-,-,-,-,-,-,-,-,-,-,-,1190
-,-,-,-,-,-,-,-,-,-,-,-,-,-,-,1173
-,-,-,-,-,-,-,-,-,-,-,-,-,-,-,1050
-,-,-,-,-,-,-,-,-,-,-,-,-,-,-,1209
-,-,-,-,-,-,-,-,-,-,-,-,-,-,-,1361
-,-,-,-,-,-,-,-,-,-,-,-,-,-,-,1360
-,-,-,-,-,-,-,-,-,-,-,-,-,-,-,1209
-,-,-,-,-,-,-,-,-,-,-,-,-,-,-,1215
-,-,-,-,-,-,-,-,-,-,-,-,-,-,-,1207
-,-,-,-,-,-,-,-,-,-,-,-,-,-,-,1242
-,-,-,-,-,-,-,-,-,-,-,-,-,-,-,1241
-,-,-,-,-,-,-,-,-,-,-,-,-,-,-,1224
-,-,-,-,-,-,-,-,-,-,-,-,-,-,-,1215
-,-,-,-,-,-,-,1216,-,-,-,-,-,-,-,-
-,-,-,-,-,-,-,-,-,-,-,-,-,-,-,1213
-,-,-,-,-,-,-,-,-,-,-,-,-,-,-,1222
-,-,-,-,-,-,-,-,-,-,-,-,-,-,-,1217
-,-,-,-,-,-,-,-,-,-,-,-,-,-,-,1217
-,-,-,-,-,-,-,-,-,-,-,-,-,-,-,1224
-,-,-,-,-,-,-,-,-,-,-,-,-,-,-,1222
-,-,-,-,-,-,-,1223,-,-,-,-,-,-,-,-
-,-,-,-,-,-,-,-,-,-,-,-,-,-,-,1220
-,-,-,-,-,-,-,-,-,-,-,-,-,-,-,1212
-,-,-,-,-,-,-,-,-,-,-,-,-,-,-,1231
-,-,-,-,-,-,-,-,-,-,-,-,-,-,-,1225
-,-,-,-,-,-,-,-,-,-,-,-,-,-,-,1225
-,-,-,-,-,-,-,-,-,-,-,-,-,-,-,1241
-,-,-,-,-,-,-,-,-,-,-,-,-,-,-,1240
-,-,-,-,-,-,-,-,-,-,-,-,-,-,-,1231
-,-,-,-,-,-,-,1232,-,-,-,-,-,-,-,-
-,-,-,-,-,-,-,-,-,-,-,-,-,-,-,1229
-,-,-,-,-,-,-,-,-,-,-,-,-,-,-,1238
-,-,-,-,-,-,-,-,-,-,-,-,-,-,-,1233
-,-,-,-,-,-,-,-,-,-,-,-,-,-,-,1233
-,-,-,-,-,-,-,-,-,-,-,-,-,-,-,1240
-,-,-,-,-,-,-,-,-,-,-,-,-,-,-,1238
-,-,-,-,-,-,-,1239,-,-,-,-,-,-,-,-
-,-,-,-,-,-,-,-,-,-,-,-,-,-,-,1236
-,-,-,-,-,-,-,-,-,-,-,-,-,-,-,1228
-,-,-,-,-,-,-,-,-,-,-,-,-,-,-,1211
-,-,-,-,-,-,-,-,-,-,-,-,-,-,-,1210
-,-,-,-,-,-,-,-,-,-,-,-,-,-,-,1256
-,-,-,-,-,-,-,-,-,-,-,-,-,-,-,1243
-,-,-,-,-,-,-,-,-,-,-,-,-,-,-,1243
-,-,-,-,-,-,-,-,-,-,-,-,-,-,-,1243
-,-,-,-,-,-,-,-,-,-,-,-,-,-,-,1243
-,-,-,-,-,-,-,-,-,-,-,-,-,-,-,1243
-,-,-,-,-,-,-,-,-,-,-,-,-,-,-,1243
-,-,-,-,-,-,-,-,-,-,-,-,-,-,-,1243
-,-,-,-,-,-,-,-,-,-,-,-,-,-,-,1243
-,-,-,-,-,-,-,-,-,-,-,-,-,-,-,1242
-,-,-,-,-,-,-,-,-,-,-,-,-,-,-,1282
-,-,-,-,-,-,-,-,-,-,-,-,-,-,-,1265
-,-,-,-,-,-,-,-,-,-,-,-,-,-,-,1256
-,-,-,-,-,-,-,1257,-,-,-,-,-,-,-,-
-,-,-,-,-,-,-,-,-,-,-,-,-,-,-,1254
-,-,-,-,-,-,-,-,-,-,-,-,-,-,-,1263
-,-,-,-,-,-,-,-,-,-,-,-,-,-,-,1258
-,-,-,-,-,-,-,-,-,-,-,-,-,-,-,1258
-,-,-,-,-,-,-,-,-,-,-,-,-,-,-,1265
-,-,-,-,-,-,-,-,-,-,-,-,-,-,-,1263
-,-,-,-,-,-,-,1264,-,-,-,-,-,-,-,-
-,-,-,-,-,-,-,-,-,-,-,-,-,-,-,1261
-,-,-,-,-,-,-,-,-,-,-,-,-,-,-,1253
-,-,-,-,-,-,-,-,-,-,-,-,-,-,-,1272
-,-,-,-,-,-,-,-,-,-,-,-,-,-,-,1266
-,-,-,-,-,-,-,-,-,-,-,-,-,-,-,1266
-,-,-,-,-,-,-,-,-,-,-,-,-,-,-,1282
-,-,-,-,-,-,-,-,-,-,-,-,-,-,-,1281
-,-,-,-,-,-,-,-,-,-,-,-,-,-,-,1272
-,-,-,-,-,-,-,1273,-,-,-,-,-,-,-,-
-,-,-,-,-,-,-,-,-,-,-,-,-,-,-,1270
-,-,-,-,-,-,-,-,-,-,-,-,-,-,-,1279
-,-,-,-,-,-,-,-,-,-,-,-,-,-,-,1274
-,-,-,-,-,-,-,-,-,-,-,-,-,-,-,1274
-,-,-,-,-,-,-,-,-,-,-,-,-,-,-,1281
-,-,-,-,-,-,-,-,-,-,-,-,-,-,-,1279
-,-,-,-,-,-,-,1280,-,-,-,-,-,-,-,-
-,-,-,-,-,-,-,-,-,-,-,-,-,-,-,1277
-,-,-,-,-,-,-,-,-,-,-,-,-,-,-,1269
-,-,-,-,-,-,-,-,-,-,-,-,-,-,-,1252
-,-,-,-,-,-,-,-,-,-,-,-,-,-,-,1286
-,-,-,-,-,-,-,-,-,-,-,-,-,-,-,1360
-,-,-,-,-,-,-,-,-,-,-,-,-,-,-,1286
-,-,-,-,-,-,-,-,-,-,-,-,-,-,-,1292
-,-,-,-,-,-,-,-,-,-,-,-,-,-,-,1284
-,-,-,-,-,-,-,-,-,-,-,-,-,-,-,1319
-,-,-,-,-,-,-,-,-,-,-,-,-,-,-,1318
-,-,-,-,-,-,-,-,-,-,-,-,-,-,-,1301
-,-,-,-,-,-,-,-,-,-,-,-,-,-,-,1292
-,-,-,-,-,-,-,1293,-,-,-,-,-,-,-,-
-,-,-,-,-,-,-,-,-,-,-,-,-,-,-,1290
-,-,-,-,-,-,-,-,-,-,-,-,-,-,-,1299
-,-,-,-,-,-,-,-,-,-,-,-,-,-,-,1294
-,-,-,-,-,-,-,-,-,-,-,-,-,-,-,1294
-,-,-,-,-,-,-,-,-,-,-,-,-,-,-,1301
-,-,-,-,-,-,-,-,-,-,-,-,-,-,-,1299
-,-,-,-,-,-,-,1300,-,-,-,-,-,-,-,-
-,-,-,-,-,-,-,-,-,-,-,-,-,-,-,1297
-,-,-,-,-,-,-,-,-,-,-,-,-,-,-,1289
-,-,-,-,-,-,-,-,-,-,-,-,-,-,-,1308
-,-,-,-,-,-,-,-,-,-,-,-,-,-,-,1302
-,-,-,-,-,-,-,-,-,-,-,-,-,-,-,1302
-,-,-,-,-,-,-,-,-,-,-,-,-,-,-,1318
-,-,-,-,-,-,-,-,-,-,-,-,-,-,-,1317
-,-,-,-,-,-,-,-,-,-,-,-,-,-,-,1308
-,-,-,-,-,-,-,1309,-,-,-,-,-,-,-,-
-,-,-,-,-,-,-,-,-,-,-,-,-,-,-,1306
-,-,-,-,-,-,-,-,-,-,-,-,-,-,-,1310
-,-,-,-,-,-,-,-,-,-,-,-,-,-,-,1310
-,-,-,-,-,-,-,-,-,-,-,-,-,-,-,1317
-,-,-,-,-,-,-,-,-,-,-,-,-,-,-,1315
-,-,-,-,-,-,-,1316,-,-,-,-,-,-,-,-
-,-,-,-,-,-,-,-,-,-,-,-,-,-,-,1313
-,-,-,-,-,-,-,-,-,-,-,-,-,-,-,1305
-,-,-,-,-,-,-,-,-,-,-,-,-,-,-,1288
-,-,-,-,-,-,-,-,-,-,-,-,-,-,-,1287
-,-,-,-,-,-,-,-,-,-,-,-,-,-,-,1320
-,-,-,-,-,-,-,-,-,-,-,-,-,-,-,1320
-,-,-,-,-,-,-,-,-,-,-,-,-,-,-,1320
-,-,-,-,-,-,-,-,-,-,-,-,-,-,-,1320
-,-,-,-,-,-,-,-,-,-,-,-,-,-,-,1320
-,-,-,-,-,-,-,-,-,-,-,-,-,-,-,1320
-,-,-,-,-,-,-,-,-,-,-,-,-,-,-,1320
-,-,-,-,-,-,-,-,-,-,-,-,-,-,-,1320
-,-,-,-,-,-,-,-,-,-,-,-,-,-,-,1319
-,-,-,-,-,-,-,-,-,-,-,-,-,-,-,1359
-,-,-,-,-,-,-,-,-,-,-,-,-,-,-,1342
-,-,-,-,-,-,-,-,-,-,-,-,-,-,-,1333
-,-,-,-,-,-,-,1334,-,-,-,-,-,-,-,-
-,-,-,-,-,-,-,-,-,-,-,-,-,-,-,1331
-,-,-,-,-,-,-,-,-,-,-,-,-,-,-,1340
-,-,-,-,-,-,-,-,-,-,-,-,-,-,-,1335
-,-,-,-,-,-,-,-,-,-,-,-,-,-,-,1335
-,-,-,-,-,-,-,-,-,-,-,-,-,-,-,1342
-,-,-,-,-,-,-,-,-,-,-,-,-,-,-,1340
-,-,-,-,-,-,-,1341,-,-,-,-,-,-,-,-
-,-,-,-,-,-,-,-,-,-,-,-,-,-,-,1338
-,-,-,-,-,-,-,-,-,-,-,-,-,-,-,1330
-,-,-,-,-,-,-,-,-,-,-,-,-,-,-,1349
-,-,-,-,-,-,-,-,-,-,-,-,-,-,-,1343
-,-,-,-,-,-,-,-,-,-,-,-,-,-,-,1343
-,-,-,-,-,-,-,-,-,-,-,-,-,-,-,1359
-,-,-,-,-,-,-,-,-,-,-,-,-,-,-,1358
-,-,-,-,-,-,-,-,-,-,-,-,-,-,-,1349
-,-,-,-,-,-,-,1350,-,-,-,-,-,-,-,-
-,-,-,-,-,-,-,-,-,-,-,-,-,-,-,1347
-,-,-,-,-,-,-,-,-,-,-,-,-,-,-,1356
-,-,-,-,-,-,-,-,-,-,-,-,-,-,-,1351
-,-,-,-,-,-,-,-,-,-,-,-,-,-,-,1351
-,-,-,-,-,-,-,-,-,-,-,-,-,-,-,1358
-,-,-,-,-,-,-,-,-,-,-,-,-,-,-,1356
-,-,-,-,-,-,-,1357,-,-,-,-,-,-,-,-
-,-,-,-,-,-,-,-,-,-,-,-,-,-,-,1354
-,-,-,-,-,-,-,-,-,-,-,-,-,-,-,1346
-,-,-,-,-,-,-,-,-,-,-,-,-,-,-,1329
-,-,-,-,-,-,-,-,-,-,-,-,-,-,-,1206
-,-,-,-,-,-,-,-,-,-,-,-,-,-,-,1049
-,-,-,-,-,-,-,-,-,-,-,-,-,-,-,1037
-,-,-,-,-,-,-,-,-,-,-,-,-,-,-,1363
