),",",+,*,&,[,Function,=,factor,ConstantString,FloatNumber,!,-,/,==,>,true,#,Character,e,(,|,<=,!=,false,Identifier,IntegerNumber,>=,<,]
0,-,-,-,-,-,-,332,-,-,-,-,-,-,-,-,-,668,-,667,-,-,-,-,-,669,326,-,-,-,-
1,-,-,-,101,-,-,-,-,-,-,-,-,-,102,-,-,-,-,-,104,-,-,-,-,-,-,4,-,-,-
2,324,-,-,-,-,-,-,-,-,-,-,-,21,-,-,-,-,-,-,-,-,-,-,-,-,-,-,-,-,-
3,-,-,-,-,-,-,-,-,-,-,-,-,-,-,-,-,-,-,-,14,-,-,-,-,-,5,43,-,-,-
4,-,-,-,-,-,-,-,10,-,-,-,-,-,-,-,-,-,-,-,-,-,-,-,-,-,-,-,-,-,-
5,-,-,-,-,-,7,-,-,-,-,-,-,-,-,-,-,-,-,-,6,-,-,-,-,-,-,-,-,-,-
6,-,-,-,-,-,-,-,-,-,66,64,-,-,-,-,-,-,-,-,4,-,-,-,-,-,-,63,-,-,-
8,-,-,-,81,-,-,-,-,-,-,-,-,-,82,-,-,-,-,-,84,-,-,-,-,-,-,-,-,-,9
9,-,-,-,-,-,-,-,-,-,-,-,-,-,-,-,-,-,-,-,6,-,-,-,-,-,-,-,-,-,-
10,-,-,-,-,-,-,-,-,-,-,-,-,-,-,-,-,-,-,-,3,-,-,-,-,-,-,-,-,-,-
11,-,-,-,-,-,-,-,-,-,-,-,-,-,-,-,-,-,-,-,2,-,-,-,-,-,-,-,-,-,-
12,-,-,-,-,-,-,-,-,-,-,-,-,-,-,-,-,-,-,-,323,-,-,-,-,-,-,-,-,-,-
13,-,-,32,-,-,-,-,-,-,-,-,-,311,-,-,-,-,-,-,166,-,-,-,-,-,-,-,-,-,-
14,-,-,-,-,-,-,-,-,-,-,-,-,-,-,-,-,-,-,-,20,-,-,-,-,-,-,-,-,-,-
15,-,-,-,-,-,-,-,-,-,-,-,-,-,-,-,-,-,-,-,14,-,-,-,-,-,-,-,-,-,-
16,-,-,-,-,-,-,-,-,-,-,-,-,62,-,-,-,-,-,-,13,-,-,-,-,-,-,-,-,-,-
17,-,-,-,-,-,-,-,-,-,-,-,-,-,-,-,-,-,-,-,176,-,-,-,-,-,-,-,-,-,-
18,-,-,-,-,-,-,-,-,-,-,-,-,-,-,-,-,-,-,-,47,-,-,-,-,-,-,-,-,-,-
19,-,-,-,-,-,-,-,-,-,-,-,92,-,-,-,-,-,-,-,30,-,-,-,-,-,-,-,-,-,-
20,-,-,-,-,-,-,-,-,22,-,-,-,-,-,-,-,-,-,-,-,-,-,-,-,-,-,-,-,-,-
21,-,-,-,-,-,-,-,-,-,-,-,-,121,-,-,-,-,-,-,20,-,-,-,-,-,-,-,-,-,-
22,-,-,-,221,-,-,-,-,-,-,-,-,-,222,-,-,-,-,-,224,-,-,-,-,-,-,-,-,-,-
23,-,-,-,-,-,-,-,-,-,-,-,-,-,-,-,-,-,-,-,27,-,-,-,-,-,-,-,-,-,-
24,-,-,-,-,-,-,-,-,-,-,-,-,-,-,-,-,-,-,-,23,-,-,-,-,-,-,-,-,-,-
25,-,-,-,-,-,-,-,-,-,-,-,-,-,-,-,-,-,-,-,23,-,-,-,-,-,-,-,-,-,-
26,-,-,-,-,-,-,-,-,-,-,-,-,-,-,-,-,-,-,-,30,-,-,-,-,-,-,-,-,-,-
27,-,-,73,-,-,-,-,-,29,-,-,-,74,-,-,-,-,-,-,-,-,-,-,-,-,-,-,-,-,-
28,-,-,-,-,-,-,-,-,-,-,-,-,-,-,-,-,-,-,-,27,-,-,-,-,-,-,-,-,-,-
29,-,-,-,-,-,-,-,-,-,-,-,-,-,-,-,-,-,-,-,26,-,-,-,-,-,-,-,-,-,-
30,-,-,-,-,-,-,-,-,-,-,-,-,-,-,-,-,-,-,-,18,-,-,-,-,-,-,-,-,-,-
31,-,-,-,-,-,-,-,-,-,-,-,-,-,-,-,-,-,-,-,36,-,-,-,-,-,-,-,-,-,-
32,-,-,-,24,-,-,-,-,-,-,-,-,-,25,-,-,-,-,-,31,-,-,-,-,-,-,-,-,-,-
33,-,-,-,-,-,-,-,-,-,-,-,-,-,-,-,-,-,-,-,31,-,-,-,-,-,-,-,-,-,-
34,-,-,-,-,-,-,-,-,-,-,-,-,44,-,-,-,-,-,-,47,-,-,-,-,-,-,-,-,-,-
35,-,-,-,531,-,-,-,-,-,-,-,-,-,532,-,-,-,-,-,46,-,-,-,-,-,-,-,-,-,-
36,-,-,-,-,-,-,-,-,38,-,-,-,-,-,-,-,-,-,-,-,-,-,-,-,-,-,-,-,-,-
37,-,-,-,-,-,-,-,-,-,-,-,-,-,-,-,-,-,-,-,36,-,-,-,-,-,-,-,-,-,-
38,-,-,-,-,-,-,-,-,-,-,-,-,-,-,-,-,-,-,-,35,-,-,-,-,-,-,-,-,-,-
39,-,-,-,-,-,-,-,-,-,-,-,-,-,-,-,-,-,-,-,43,-,-,-,-,-,-,-,-,-,-
40,-,-,-,-,-,-,-,-,-,-,-,-,-,-,-,-,-,-,-,39,-,-,-,-,-,-,-,-,-,-
41,-,-,-,-,-,-,-,-,-,-,-,15,-,-,-,-,-,-,-,39,-,-,-,-,-,-,-,-,-,-
42,-,-,-,-,-,-,-,-,-,-,-,-,241,-,-,-,-,-,-,46,-,-,-,-,-,-,-,-,-,-
43,-,-,-,-,-,342,-,-,45,-,-,-,-,-,-,-,-,-,-,-,-,-,-,-,-,-,-,-,-,-
44,-,-,-,-,-,-,-,-,-,-,-,-,-,-,-,-,-,-,-,43,-,-,-,-,-,-,-,-,-,-
45,-,-,-,-,-,-,-,-,-,-,-,-,-,-,-,-,-,-,-,42,-,-,-,-,-,-,-,-,-,-
46,-,-,641,65,-,-,-,-,-,-,-,-,642,66,-,-,-,-,-,34,-,-,-,-,-,-,-,-,-,-
47,-,-,-,-,-,-,-,-,-,-,-,-,-,-,-,-,-,-,-,17,-,-,-,-,-,-,-,-,-,-
48,-,-,-,-,-,-,-,-,-,-,-,-,85,-,-,-,-,-,-,16,-,-,-,-,-,-,-,-,-,-
49,-,-,-,-,-,-,-,127,-,-,-,-,-,-,132,128,-,134,-,61,-,-,131,133,-,-,-,129,130,-
50,-,-,-,-,-,-,-,-,-,-,-,-,-,-,-,-,-,-,-,49,-,-,-,-,-,-,-,-,-,-
51,-,-,-,-,-,-,-,-,-,-,-,-,-,-,-,-,-,-,-,49,-,-,-,-,-,-,-,-,-,-
52,-,-,-,-,-,-,-,283,-,-,-,-,-,-,288,284,-,290,-,49,-,-,287,289,-,-,-,285,286,-
53,-,-,-,-,-,-,-,-,-,-,-,-,-,-,-,-,-,-,-,534,-,-,-,-,-,-,-,-,-,-
54,-,-,-,-,-,-,-,-,-,-,-,-,-,-,-,-,-,-,-,552,-,-,-,-,-,-,-,-,-,-
55,-,-,-,-,-,-,-,-,-,-,-,-,-,-,-,-,-,-,-,49,-,-,-,-,-,-,-,-,-,-
56,-,-,-,-,-,-,-,-,-,-,-,-,-,-,-,-,-,-,-,49,-,-,-,-,-,-,-,-,-,-
57,-,-,-,-,-,-,-,-,-,-,-,-,-,-,-,-,-,-,-,49,-,-,-,-,-,-,-,-,-,-
58,-,-,-,-,-,-,-,-,-,-,-,-,-,-,-,-,-,-,-,582,-,-,-,-,-,-,-,-,-,-
59,-,-,-,-,-,-,-,-,-,-,-,-,-,-,-,-,-,-,-,88,-,-,-,-,-,-,-,-,-,-
60,-,-,-,-,-,-,-,-,-,-,-,-,-,-,-,-,-,-,-,71,-,-,-,-,-,-,-,-,-,-
61,-,-,-,-,-,-,-,-,63,-,-,-,-,-,-,-,-,-,-,-,-,-,-,-,-,-,-,-,-,-
62,-,-,-,-,-,-,-,-,-,-,-,-,261,-,-,-,-,-,-,61,-,-,-,-,-,-,-,-,-,-
63,-,-,-,-,-,-,-,-,-,-,-,-,37,-,-,-,-,-,-,60,-,-,-,-,-,-,-,-,-,-
64,-,-,-,-,-,-,-,-,-,-,-,-,-,-,-,-,-,-,-,645,-,-,-,-,-,-,-,-,-,-
65,-,-,-,-,-,-,-,-,-,-,-,-,-,-,-,-,-,-,-,64,-,-,-,-,-,-,-,-,-,-
66,-,-,-,-,-,-,-,-,-,-,-,-,-,-,-,-,-,-,-,64,-,-,-,-,-,-,-,-,-,-
67,-,-,-,-,-,-,-,-,-,-,-,-,-,-,-,-,-,-,-,71,-,-,-,-,-,-,-,-,-,-
68,-,-,-,-,-,-,-,-,70,-,-,-,-,-,-,-,-,-,-,-,-,-,-,-,-,-,-,-,-,-
69,-,-,-,-,-,-,-,-,-,-,-,-,-,-,-,-,-,-,-,68,-,-,-,-,-,-,-,-,-,-
70,-,-,-,-,-,-,-,-,-,-,-,-,-,-,-,-,-,-,-,67,-,-,-,-,-,-,-,-,-,-
71,-,-,-,-,-,-,-,50,-,-,-,171,-,-,55,51,-,57,-,59,-,-,54,56,-,-,-,52,53,-
72,-,-,-,-,-,-,-,-,-,-,-,-,28,-,-,-,-,-,-,77,-,-,-,-,-,-,-,-,-,-
73,-,-,-,-,-,-,-,-,-,-,-,-,-,-,-,-,-,-,-,72,-,-,-,-,-,-,-,-,-,-
74,-,-,-,-,-,-,-,-,-,-,-,-,-,-,-,-,-,-,-,72,-,-,-,-,-,-,-,-,-,-
75,-,-,-,-,-,-,-,-,-,-,-,-,-,-,-,-,-,-,-,88,-,-,-,-,-,-,-,-,-,-
76,-,-,-,-,-,-,-,-,-,-,-,-,-,-,-,-,-,-,-,87,-,-,-,-,-,-,-,-,-,-
77,-,-,-,-,-,-,-,-,79,-,-,-,78,-,-,-,-,-,-,-,-,-,-,-,-,-,-,-,-,-
78,-,-,-,-,-,-,-,-,-,-,-,-,-,-,-,-,-,-,-,77,-,-,-,-,-,-,-,-,-,-
79,-,-,-,-,-,-,-,-,-,-,-,-,98,-,-,-,-,-,-,76,-,-,-,-,-,-,-,-,-,-
81,-,-,-,-,-,-,-,-,-,-,-,-,-,-,-,-,-,-,-,80,-,-,-,-,-,-,-,-,-,-
82,-,-,-,-,-,-,-,-,-,-,-,-,-,-,-,-,-,-,-,80,-,-,-,-,-,-,-,-,-,-
83,-,-,-,-,-,-,-,-,-,-,-,-,-,-,-,-,-,-,-,87,-,-,-,-,-,-,-,-,-,-
84,-,-,-,-,-,-,-,-,86,-,-,-,481,-,-,-,-,-,-,-,-,-,-,-,-,-,-,-,-,-
85,-,-,-,-,580,-,-,-,-,-,-,-,-,-,-,-,-,-,-,84,-,-,-,-,-,-,-,-,-,-
86,-,-,-,-,-,-,-,-,-,-,-,-,69,-,-,-,-,-,-,83,-,-,-,-,-,-,-,-,-,-
87,-,-,-,-,-,-,-,-,-,-,-,-,-,-,-,-,-,-,-,75,-,-,-,-,-,-,-,-,-,-
88,-,-,-,-,-,-,-,-,-,-,-,-,-,-,-,-,-,-,-,58,-,-,-,-,-,-,-,-,-,-
89,-,-,-,-,-,-,-,-,-,-,-,-,-,-,-,-,-,-,-,91,-,-,-,-,-,-,-,-,-,-
90,-,-,-,-,-,-,-,-,-,-,-,-,-,-,-,-,-,-,-,166,-,-,-,-,-,-,-,-,-,-
91,-,-,-,-,-,-,-,-,-,-,-,-,-,-,-,-,-,-,-,97,-,-,-,-,-,-,-,-,-,-
92,-,-,-,-,-,-,-,-,-,-,-,-,-,-,-,-,-,-,-,91,-,-,-,-,-,-,-,-,-,-
93,-,-,-,40,-,-,-,-,-,-,-,-,-,41,-,-,-,-,-,90,-,-,-,-,-,-,-,-,-,-
94,-,-,-,-,-,-,-,-,-,-,-,-,-,-,-,-,-,-,-,125,-,-,-,-,-,-,-,-,-,-
95,-,-,-,-,-,-,-,-,-,-,-,-,-,-,-,-,-,-,-,124,-,-,-,-,-,-,-,-,-,-
96,-,-,-,-,-,-,-,-,-,-,-,-,-,-,-,-,-,-,-,107,-,-,-,-,-,-,-,-,-,-
97,-,-,-,-,-,-,-,-,99,-,-,-,-,-,-,-,-,-,-,-,-,-,-,-,-,-,-,-,-,-
98,-,-,-,-,89,-,-,-,-,-,-,-,-,-,-,-,-,-,-,97,-,-,-,-,-,-,-,-,-,-
99,-,-,-,-,-,-,-,-,-,-,-,-,-,-,-,-,-,-,-,96,-,-,-,-,-,-,-,-,-,-
101,-,-,-,-,-,-,-,-,-,-,-,-,-,-,-,-,-,-,-,100,-,-,-,-,-,-,-,-,-,-
102,-,-,-,-,-,-,-,-,-,-,-,-,-,-,-,-,-,-,-,100,-,-,-,-,-,-,-,-,-,-
103,-,-,-,-,-,-,-,-,-,-,-,-,302,-,-,-,-,-,-,107,-,-,-,-,-,-,-,-,-,-
104,-,-,-,-,-,-,-,-,106,-,-,-,-,-,-,-,-,-,-,-,-,-,-,-,-,-,-,-,-,-
105,-,-,-,-,-,-,-,-,-,-,-,-,-,-,-,-,-,-,-,104,-,-,-,-,-,-,-,-,-,-
106,-,-,-,-,-,-,-,-,-,-,-,-,-,-,-,-,-,-,-,103,-,-,-,-,-,-,-,-,-,-
107,-,-,-,-,-,-,-,-,-,-,-,-,-,-,-,-,-,-,-,95,-,-,-,-,-,-,-,-,-,-
108,-,-,-,-,-,-,-,-,-,-,-,-,-,-,-,-,-,-,-,113,-,-,-,-,-,-,-,-,-,-
109,-,-,-,-,-,-,-,-,-,-,-,-,-,-,-,-,-,-,-,108,-,-,-,-,-,-,-,-,-,-
110,-,-,-,-,-,-,-,-,-,-,-,-,-,-,-,-,-,-,-,108,-,-,-,-,-,-,-,-,-,-
111,-,-,-,-,-,-,-,-,-,-,-,-,-,-,-,-,-,-,-,124,-,-,-,-,-,-,-,-,-,-
112,-,-,-,-,-,-,-,-,-,-,-,-,-,-,-,-,-,-,-,123,-,-,-,-,-,-,-,-,-,-
113,-,-,-,-,-,-,-,-,115,-,-,-,-,-,-,-,-,-,-,-,-,-,-,-,-,-,-,-,-,-
114,-,-,-,-,-,-,-,-,-,-,-,-,-,-,-,-,-,-,-,113,-,-,-,-,-,-,-,-,-,-
115,-,-,-,-,-,-,-,-,-,-,-,-,512,-,-,-,-,-,-,112,-,-,-,-,-,-,-,-,-,-
116,-,-,-,-,-,-,-,-,-,-,-,-,612,-,-,-,-,-,-,120,-,-,-,-,-,-,-,-,-,-
117,-,-,-,-,-,-,-,-,-,-,-,-,-,-,-,-,-,-,-,116,-,-,-,-,-,-,-,-,-,-
118,-,-,-,-,-,-,-,-,-,-,-,-,-,-,-,-,-,-,-,116,-,-,-,-,-,-,-,-,-,-
119,-,-,-,-,-,-,-,-,-,-,-,-,-,-,-,-,-,-,-,123,-,-,-,-,-,-,-,-,-,-
120,-,-,-,-,-,-,-,-,122,-,-,-,-,-,-,-,-,-,-,-,-,-,-,-,-,-,-,-,-,-
121,-,-,-,-,-,-,-,-,-,-,-,-,-,-,-,-,-,-,-,120,-,-,-,-,-,-,-,-,-,-
122,-,-,-,-,-,-,-,-,-,-,-,-,-,-,-,-,-,-,-,119,-,-,-,-,-,-,-,-,-,-
123,-,-,-,-,-,-,-,-,-,-,-,-,-,-,-,-,-,-,-,111,-,-,-,-,-,-,-,-,-,-
124,-,-,-,-,-,-,-,-,-,-,-,-,-,-,-,-,-,-,-,94,-,-,-,-,-,-,-,-,-,-
125,-,-,-,-,-,-,-,-,-,-,-,-,-,-,-,-,-,-,-,93,-,-,-,-,-,-,-,-,-,-
126,-,-,-,-,-,-,-,-,-,-,-,-,-,-,-,-,-,-,-,138,-,-,-,-,-,-,-,-,-,-
127,-,-,-,-,-,-,-,-,-,-,-,-,-,-,-,-,-,-,-,126,-,-,-,-,-,-,-,-,-,-
128,-,-,-,-,-,-,-,-,-,-,-,-,-,-,-,-,-,-,-,126,-,-,-,-,-,-,-,-,-,-
129,-,-,-,-,-,-,-,-,-,-,-,-,-,-,-,-,-,-,-,126,-,-,-,-,-,-,-,-,-,-
130,-,-,-,-,-,-,-,-,-,-,-,-,-,-,-,-,-,-,-,126,-,-,-,-,-,-,-,-,-,-
131,-,-,-,-,-,-,-,-,-,-,-,-,-,-,-,-,-,-,-,126,-,-,-,-,-,-,-,-,-,-
132,-,-,-,-,-,-,-,-,-,-,-,-,-,-,-,-,-,-,-,126,-,-,-,-,-,-,-,-,-,-
133,-,-,-,-,-,-,-,-,-,-,-,-,-,-,-,-,-,-,-,126,-,-,-,-,-,-,-,-,-,-
134,-,-,-,-,-,-,-,-,-,-,-,-,-,-,-,-,-,-,-,126,-,-,-,-,-,-,-,-,-,-
135,-,-,-,-,-,-,-,-,-,-,-,-,-,-,-,-,-,-,-,125,-,-,-,-,-,-,-,-,-,-
136,-,-,-,-,-,-,-,-,-,-,-,-,-,-,-,-,-,-,-,165,-,-,-,-,-,-,-,-,-,-
137,-,-,-,-,-,-,-,-,-,-,-,-,-,-,-,-,-,-,-,148,-,-,-,-,-,-,-,-,-,-
138,-,-,-,-,-,-,-,-,140,-,-,-,-,-,-,-,-,-,-,-,-,-,-,-,-,-,-,-,-,-
139,-,-,-,-,-,-,-,-,-,-,-,-,-,-,-,-,-,-,-,138,-,-,-,-,-,-,-,-,-,-
140,-,-,-,-,-,-,-,-,-,-,-,-,-,-,-,-,-,-,-,137,-,-,-,-,-,-,-,-,-,-
141,-,-,-,142,-,-,-,-,-,-,-,-,-,143,-,-,-,-,-,145,-,-,-,-,-,-,-,-,-,-
142,-,-,-,-,-,-,-,-,-,-,-,-,-,-,-,-,-,-,-,141,-,-,-,-,-,-,-,-,-,-
143,-,-,-,-,-,-,-,-,-,-,-,-,-,-,-,-,-,-,-,141,-,-,-,-,-,-,-,-,-,-
144,-,-,-,-,-,-,-,-,-,-,-,-,-,-,-,-,-,-,-,148,-,-,-,-,-,-,-,-,-,-
145,-,-,-,-,-,-,-,-,147,-,-,-,-,-,-,-,-,-,-,-,-,-,-,-,-,-,-,-,-,-
146,-,-,-,-,-,-,-,-,-,-,-,-,-,-,-,-,-,-,-,145,-,-,-,-,-,-,-,-,-,-
147,-,-,-,-,-,-,-,-,-,-,-,-,-,-,-,-,-,-,-,144,-,-,-,-,-,-,-,-,-,-
148,-,-,-,-,-,-,-,-,-,-,-,-,-,-,-,-,-,-,-,136,-,-,-,-,-,-,-,-,-,-
149,-,-,-,-,-,-,-,-,-,-,-,-,-,-,-,-,-,-,-,154,-,-,-,-,-,-,-,-,-,-
150,-,-,-,-,-,-,-,-,-,-,-,-,-,-,-,-,-,-,-,149,-,-,-,-,-,-,-,-,-,-
151,-,-,-,-,-,-,-,-,-,-,-,-,-,-,-,-,-,-,-,149,-,-,-,-,-,-,-,-,-,-
152,-,-,-,-,-,-,-,-,-,-,-,-,-,-,-,-,-,-,-,165,-,-,-,-,-,-,-,-,-,-
153,-,-,-,-,-,-,-,-,-,-,-,-,-,-,-,-,-,-,-,164,-,-,-,-,-,-,-,-,-,-
154,-,-,-,452,-,-,-,-,156,-,-,-,-,453,-,-,-,-,-,-,-,-,-,-,-,-,-,-,-,-
155,-,-,-,-,-,-,-,-,-,-,-,-,-,-,-,-,-,-,-,154,-,-,-,-,-,-,-,-,-,-
156,-,-,-,-,-,-,-,-,-,-,-,-,-,-,-,-,-,-,-,153,-,-,-,-,-,-,-,-,-,-
157,-,-,-,-,-,-,-,-,-,-,-,-,-,-,-,-,-,-,-,161,-,-,-,-,-,-,-,-,-,-
158,-,-,-,-,-,-,-,-,-,-,-,-,-,-,-,-,-,-,-,157,-,-,-,-,-,-,-,-,-,-
159,-,-,-,-,-,-,-,-,-,-,-,-,-,-,-,-,-,-,-,157,-,-,-,-,-,-,-,-,-,-
160,-,-,-,-,-,-,-,-,-,-,-,-,-,-,-,-,-,-,-,164,-,-,-,-,-,-,-,-,-,-
161,-,-,-,-,-,-,-,-,163,-,-,-,162,-,-,-,-,-,-,-,-,-,-,-,-,-,-,-,-,-
162,-,-,-,-,-,-,-,-,-,-,-,-,-,-,-,-,-,-,-,161,-,-,-,-,-,-,-,-,-,-
163,-,-,-,-,-,-,-,-,-,-,-,-,-,-,-,-,-,-,-,160,-,-,-,-,-,-,-,-,-,-
164,-,-,-,-,-,-,-,-,-,-,-,-,-,-,-,-,-,-,-,152,-,-,-,-,-,-,-,-,-,-
165,-,-,-,-,-,-,-,-,-,-,-,-,-,-,-,-,-,-,-,135,-,-,-,-,-,-,-,-,-,-
166,-,-,-,-,-,-,-,-,-,-,-,-,-,-,-,-,-,-,-,12,1,-,-,-,-,-,-,-,-,-
167,-,-,-,-,-,-,-,-,-,-,-,-,-,-,-,-,-,-,-,170,-,-,-,-,-,-,-,-,-,-
168,-,-,-,-,-,-,-,-,-,-,-,-,-,-,-,-,-,-,-,323,-,-,-,-,-,-,-,-,-,-
169,-,-,-,-,-,-,-,-,-,-,-,-,-,-,-,-,-,-,-,322,-,-,-,-,-,-,-,-,-,-
171,-,-,-,-,-,-,-,-,-,-,-,-,-,-,-,-,-,-,-,170,-,-,-,-,-,-,-,-,-,-
172,-,-,-,-,-,-,-,-,-,-,-,-,-,-,-,-,-,-,-,169,-,-,-,-,-,-,-,-,-,-
173,-,-,-,-,-,-,-,-,-,-,-,-,372,-,-,-,-,-,-,204,-,-,-,-,-,-,-,-,-,-
174,-,-,-,-,-,-,-,-,-,-,-,-,-,-,-,-,-,-,-,203,-,-,-,-,-,-,-,-,-,-
175,-,-,-,572,-,-,-,-,-,-,-,-,-,573,-,-,-,-,-,186,-,-,-,-,-,-,-,-,-,-
176,-,-,-,-,-,-,-,-,178,-,-,-,-,-,-,-,-,-,-,-,-,-,-,-,-,-,-,-,-,-
177,-,-,-,-,-,-,-,-,-,-,-,-,-,-,-,-,-,-,-,176,-,-,-,-,-,-,-,-,-,-
178,-,-,-,-,-,-,-,-,-,-,-,-,-,-,-,-,-,-,-,175,-,-,-,-,-,-,-,-,-,-
179,-,-,-,-,-,-,-,-,-,-,-,-,-,-,-,-,-,-,-,183,-,-,-,-,-,-,-,-,-,-
180,-,-,-,-,-,-,-,-,-,-,-,-,-,-,-,-,-,-,-,179,-,-,-,-,-,-,-,-,-,-
181,-,-,-,-,-,-,-,-,-,-,-,-,-,-,-,-,-,-,-,179,-,-,-,-,-,-,-,-,-,-
182,-,-,-,-,-,-,-,-,-,-,-,-,-,-,-,-,-,-,-,186,-,-,-,-,-,-,-,-,-,-
183,-,-,-,-,-,-,-,-,185,-,-,-,-,-,-,-,-,-,-,-,-,-,-,-,-,-,-,-,-,-
184,-,-,-,-,-,-,-,-,-,-,-,-,-,-,-,-,-,-,-,183,-,-,-,-,-,-,-,-,-,-
185,-,-,-,-,-,-,-,-,-,-,-,-,-,-,-,-,-,-,-,182,-,-,-,-,-,-,-,-,-,-
186,-,-,-,-,-,-,-,-,-,-,-,-,-,-,-,-,-,-,-,174,-,-,-,-,-,-,-,-,-,-
187,-,-,-,-,-,-,-,-,-,-,-,-,-,-,-,-,-,-,-,192,-,-,-,-,-,-,-,-,-,-
188,-,-,-,-,-,-,-,-,-,-,-,-,-,-,-,-,-,-,-,187,-,-,-,-,-,-,-,-,-,-
189,-,-,-,-,-,-,-,-,-,-,-,-,-,-,-,-,-,-,-,187,-,-,-,-,-,-,-,-,-,-
190,-,-,-,-,-,-,-,-,-,-,-,-,-,-,-,-,-,-,-,203,-,-,-,-,-,-,-,-,-,-
191,-,-,-,-,-,-,-,-,-,-,-,-,-,-,-,-,-,-,-,202,-,-,-,-,-,-,-,-,-,-
192,-,-,-,-,-,-,-,-,194,-,-,-,-,-,-,-,-,-,-,-,-,-,-,-,-,-,-,-,-,-
193,-,-,-,-,-,-,-,-,-,-,-,-,-,-,-,-,-,-,-,192,-,-,-,-,-,-,-,-,-,-
194,-,-,-,-,-,-,-,-,-,-,-,-,-,-,-,-,-,-,-,191,-,-,-,-,-,-,-,-,-,-
195,-,-,-,592,-,-,-,-,-,-,-,-,-,593,-,-,-,-,-,199,-,-,-,-,-,-,-,-,-,-
196,-,-,-,-,-,-,-,-,-,-,-,-,-,-,-,-,-,-,-,195,-,-,-,-,-,-,-,-,-,-
197,-,-,-,-,-,-,-,-,-,-,-,-,-,-,-,-,-,-,-,195,-,-,-,-,-,-,-,-,-,-
198,-,-,-,-,-,-,-,-,-,-,-,-,-,-,-,-,-,-,-,202,-,-,-,-,-,-,-,-,-,-
199,-,-,-,-,-,-,-,-,201,-,-,-,-,-,-,-,-,-,-,-,-,-,-,-,-,-,-,-,-,-
200,-,-,-,-,-,-,-,-,-,-,-,-,-,-,-,-,-,-,-,199,-,-,-,-,-,-,-,-,-,-
201,-,-,-,-,-,-,-,-,-,-,-,-,-,-,-,-,-,-,-,198,-,-,-,-,-,-,-,-,-,-
202,-,-,-,-,-,-,-,-,-,-,-,-,-,-,-,-,-,-,-,190,-,-,-,-,-,-,-,-,-,-
203,-,-,-,-,-,-,-,-,-,-,-,-,-,-,-,-,-,-,-,173,-,-,-,-,-,-,-,-,-,-
204,-,-,-,-,-,-,-,-,-,-,-,-,-,-,-,-,-,-,-,172,-,-,-,-,-,-,-,-,-,-
205,-,-,-,-,-,-,-,-,-,-,-,-,-,-,-,-,-,-,-,217,-,502,-,-,-,-,-,-,-,-
206,-,-,-,-,-,-,-,-,-,-,-,-,-,-,-,-,-,-,-,205,-,-,-,-,-,-,-,-,-,-
207,-,-,-,-,-,-,-,-,-,-,-,-,-,-,-,-,-,-,-,205,-,-,-,-,-,-,-,-,-,-
208,-,-,-,-,-,-,-,-,-,-,-,-,-,-,-,-,-,-,-,205,-,-,-,-,-,-,-,-,-,-
209,-,-,-,-,-,-,-,-,-,-,-,-,-,-,-,-,-,-,-,205,-,-,-,-,-,-,-,-,-,-
210,-,-,-,-,-,-,-,-,-,-,-,-,-,-,-,-,-,-,-,205,-,-,-,-,-,-,-,-,-,-
211,-,-,-,-,-,-,-,-,-,-,-,-,-,-,-,-,-,-,-,205,-,-,-,-,-,-,-,-,-,-
212,-,-,-,-,-,-,-,-,-,-,-,-,-,-,-,-,-,-,-,205,-,-,-,-,-,-,-,-,-,-
213,-,-,-,-,-,-,-,-,-,-,-,-,-,-,-,-,-,-,-,205,-,-,-,-,-,-,-,-,-,-
214,-,-,-,-,-,-,-,-,-,-,-,-,413,-,-,-,-,-,-,204,-,-,-,-,-,-,-,-,-,-
215,-,-,-,-,-,-,-,-,-,-,-,-,-,-,-,-,-,-,-,244,-,-,-,-,-,-,-,-,-,-
216,-,-,-,-,-,-,-,-,-,-,-,-,-,-,-,-,-,-,-,227,-,-,-,-,-,-,-,-,-,-
217,-,-,-,-,-,-,-,-,219,-,-,-,-,-,-,-,-,-,-,-,-,-,-,-,-,-,-,-,-,-
218,-,-,-,-,-,-,-,-,-,-,-,-,-,-,-,-,-,-,-,217,-,-,-,-,-,-,-,-,-,-
219,-,-,-,-,-,-,-,-,-,-,-,-,-,-,-,-,-,-,-,216,-,-,-,-,-,-,-,-,-,-
221,-,-,-,-,-,-,-,-,-,-,-,-,-,-,-,-,-,-,-,220,-,-,-,-,-,-,-,-,-,-
222,-,-,-,-,-,-,-,-,-,-,-,-,-,-,-,-,-,-,-,220,-,-,-,-,-,-,-,-,-,-
223,-,-,-,-,-,-,-,-,-,-,-,-,-,-,-,-,-,-,-,227,-,-,-,-,-,-,-,-,-,-
224,-,-,-,-,-,-,-,-,226,-,-,-,-,-,-,-,-,-,-,-,-,-,-,-,-,-,-,-,-,-
225,-,-,523,-,-,-,-,-,-,-,-,-,524,-,-,-,-,-,-,224,-,-,-,-,-,-,-,-,-,-
226,-,-,-,-,-,-,-,-,-,-,-,-,-,-,-,-,-,-,-,223,-,-,-,-,-,-,-,-,-,-
227,-,-,-,-,-,-,-,-,-,-,-,-,-,-,-,-,-,-,-,215,-,-,-,-,-,-,-,-,-,-
228,-,-,-,-,-,-,-,-,-,-,-,-,-,-,-,-,-,-,-,233,-,-,-,-,-,-,-,-,-,-
229,-,-,-,-,-,-,-,-,-,-,-,-,-,-,-,-,-,-,-,228,-,-,-,-,-,-,-,-,-,-
230,-,-,-,-,-,-,-,-,-,-,-,-,-,-,-,-,-,-,-,228,-,-,-,-,-,-,-,-,-,-
231,-,-,-,-,-,-,-,-,-,-,-,-,-,-,-,-,-,-,-,244,-,-,-,-,-,-,-,-,-,-
232,-,-,-,-,-,-,-,-,-,-,-,-,-,-,-,-,-,-,-,243,-,-,-,-,-,-,-,-,-,-
233,-,-,-,-,-,-,-,-,235,-,-,-,-,-,-,-,-,-,-,-,333,-,-,-,-,-,-,-,-,-
234,-,-,-,-,-,-,-,-,-,-,-,-,433,-,-,-,-,-,-,233,-,-,-,-,-,-,-,-,-,-
235,-,-,-,-,-,-,-,-,-,-,-,-,-,-,-,-,-,-,-,232,-,-,-,-,-,-,-,-,-,-
236,-,-,-,633,-,-,-,-,-,-,-,-,-,634,-,-,-,-,-,240,-,-,-,-,-,-,-,-,-,-
237,-,-,-,-,-,-,-,-,-,-,-,-,-,-,-,-,-,-,-,236,-,-,-,-,-,-,-,-,-,-
238,-,-,-,-,-,-,-,-,-,-,-,-,-,-,-,-,-,-,-,236,-,-,-,-,-,-,-,-,-,-
239,-,-,-,-,-,-,-,-,-,-,-,-,-,-,-,-,-,-,-,243,-,-,-,-,-,-,-,-,-,-
240,-,-,-,-,-,-,-,-,242,-,-,-,-,-,-,-,-,-,-,-,-,-,-,-,-,-,-,-,-,-
241,-,-,-,-,-,-,-,-,-,-,-,-,-,-,-,-,-,-,-,240,-,-,-,-,-,-,-,-,-,-
242,-,-,-,-,-,-,-,-,-,-,-,-,-,-,-,-,-,-,-,239,-,-,-,-,-,-,-,-,-,-
243,-,-,-,-,-,-,-,-,-,-,-,-,-,-,-,-,-,-,-,231,-,-,-,-,-,-,-,-,-,-
244,-,-,-,-,-,-,-,-,-,-,-,-,-,-,-,-,-,-,-,214,-,-,-,-,-,-,-,-,-,-
245,-,-,-,-,-,-,-,-,-,-,-,-,-,-,-,-,-,-,-,247,-,-,-,-,-,-,-,-,-,-
246,-,-,-,-,-,-,-,-,-,-,-,-,-,-,-,-,-,-,-,322,-,-,-,-,-,-,-,-,-,-
247,-,-,-,-,-,-,-,-,-,-,-,-,-,-,-,-,-,-,-,253,-,-,-,-,-,-,-,-,-,-
248,-,-,-,-,-,-,-,-,-,-,-,-,-,-,-,-,-,-,-,247,-,-,-,-,-,-,-,-,-,-
249,-,-,-,-,-,-,-,-,-,-,-,-,-,-,-,-,-,-,-,246,-,-,-,-,-,-,-,-,-,-
250,-,-,-,-,-,-,-,-,-,-,-,-,-,-,-,-,-,-,-,281,-,-,-,-,-,-,-,-,-,-
251,-,-,-,-,-,-,-,-,-,-,-,-,-,-,-,-,-,-,-,280,-,-,-,-,-,-,-,-,-,-
252,-,-,-,-,-,-,-,-,-,-,-,-,-,-,-,-,-,-,-,263,-,-,-,-,-,-,-,-,-,-
253,-,-,-,-,-,-,-,385,255,-,-,-,-,-,390,386,-,392,-,-,-,-,389,391,-,-,-,387,388,-
254,-,-,-,-,-,-,-,-,-,-,-,-,-,-,-,-,-,-,-,253,-,-,-,-,-,-,-,-,-,-
255,-,-,-,-,-,-,-,-,-,-,-,-,553,-,-,-,-,-,-,252,-,-,-,-,-,-,-,-,-,-
256,-,-,-,-,-,-,-,-,-,-,-,-,653,-,-,-,-,-,-,260,-,-,-,-,-,-,-,-,-,-
257,-,-,-,-,-,-,-,-,-,-,-,-,-,-,-,-,-,-,-,256,-,-,-,-,-,-,-,-,-,-
258,-,-,-,-,-,-,-,-,-,-,-,-,-,-,-,-,-,-,-,256,-,-,-,-,-,-,-,-,-,-
259,-,-,-,-,-,-,-,-,-,-,-,-,-,-,-,-,-,-,-,263,-,-,-,-,-,-,-,-,-,-
260,-,-,-,-,-,-,-,-,262,-,-,-,-,-,-,-,-,-,-,-,-,-,-,-,-,-,-,-,-,-
261,-,-,-,-,-,-,-,-,-,-,-,-,-,-,-,-,-,-,-,260,-,-,-,-,-,-,-,-,-,-
262,-,-,-,-,-,-,-,-,-,-,-,-,-,-,-,-,-,-,-,259,-,-,-,-,-,-,-,-,-,-
263,-,-,-,-,-,-,-,-,-,-,-,-,363,-,-,-,-,-,-,251,-,-,-,-,-,-,-,-,-,-
264,-,-,-,-,-,-,-,-,-,-,-,-,-,-,-,-,-,-,-,269,-,-,-,-,-,-,-,-,-,-
265,-,-,-,-,-,-,-,-,-,-,-,-,-,-,-,-,-,-,-,264,-,-,-,-,-,-,-,-,-,-
266,-,-,-,-,-,-,-,-,-,-,-,-,-,-,-,-,-,-,-,264,-,-,-,-,-,-,-,-,-,-
267,-,-,-,-,-,-,-,-,-,-,-,-,-,-,-,-,-,-,-,280,-,-,-,-,-,-,-,-,-,-
268,-,-,-,-,-,-,-,-,-,-,-,-,-,-,-,-,-,-,-,279,-,-,-,-,-,-,-,-,-,-
269,-,-,-,-,-,-,-,-,271,-,-,-,-,-,-,-,-,-,-,-,-,-,-,-,-,-,-,-,-,-
270,-,-,-,-,-,-,-,-,-,-,-,-,-,-,-,-,-,-,-,269,-,-,-,-,-,-,-,-,-,-
271,-,-,-,-,-,-,-,-,-,-,-,-,-,-,-,-,-,-,-,268,-,-,-,-,-,-,-,-,-,-
272,-,-,-,273,-,-,-,-,-,-,-,-,-,274,-,-,-,-,-,276,-,-,-,-,-,-,-,-,-,-
273,-,-,-,-,-,-,-,-,-,-,-,-,-,-,-,-,-,-,-,272,-,-,-,-,-,-,-,-,-,-
274,-,-,-,-,-,-,-,-,-,-,-,-,-,-,-,-,-,-,-,272,-,-,-,-,-,-,-,-,-,-
275,-,-,-,-,-,-,-,-,-,-,-,-,-,-,-,-,-,-,-,279,-,-,-,-,-,-,-,-,-,-
276,-,-,-,-,-,-,-,-,278,-,-,-,-,-,-,-,-,-,-,-,-,-,-,-,-,-,-,-,-,-
277,-,-,-,-,-,-,-,-,-,-,-,-,-,-,-,-,-,-,-,276,-,-,-,-,-,-,-,-,-,-
278,-,-,-,-,-,-,-,-,-,-,-,-,-,-,-,-,-,-,-,275,-,-,-,-,-,-,-,-,-,-
279,-,-,-,-,-,-,-,-,-,-,-,-,-,-,-,-,-,-,-,267,-,-,-,-,-,-,-,-,-,-
280,-,-,-,-,-,-,-,-,-,-,-,-,-,-,-,-,-,-,-,250,-,-,-,-,-,-,-,-,-,-
281,-,-,-,-,-,-,-,-,-,-,-,-,-,-,-,-,-,-,-,249,-,-,-,-,-,-,-,-,-,-
282,-,-,-,-,-,-,-,-,-,-,-,-,-,-,-,-,-,-,-,294,-,-,-,-,-,-,-,-,-,-
283,-,-,-,-,-,-,-,-,-,-,-,-,-,-,-,-,-,-,-,282,-,-,-,-,-,-,-,-,-,-
284,-,-,-,-,-,-,-,-,-,-,-,-,-,-,-,-,-,-,-,282,-,-,-,-,-,-,-,-,-,-
285,-,-,-,-,-,-,-,-,-,-,-,583,-,-,-,-,-,-,-,282,-,-,-,-,-,-,-,-,-,-
286,-,-,-,-,-,-,-,-,-,-,-,-,-,-,-,-,-,-,-,282,-,-,-,-,-,-,-,-,-,-
287,-,-,-,-,-,-,-,-,-,-,-,-,-,-,-,-,-,-,-,282,-,-,-,-,-,-,-,-,-,-
288,-,-,-,-,-,-,-,-,-,-,-,-,-,-,-,-,-,-,-,282,-,-,-,-,-,-,-,-,-,-
289,-,-,-,-,-,-,-,-,-,-,-,-,-,-,-,-,-,-,-,282,-,-,-,-,-,-,-,-,-,-
290,-,-,-,-,-,-,-,-,-,-,-,-,-,-,-,-,-,-,-,282,-,-,-,-,-,-,-,-,-,-
291,-,-,-,-,-,-,-,-,-,-,-,-,193,-,-,-,-,-,-,281,-,-,-,-,-,-,-,-,-,-
292,-,-,-,-,-,-,-,-,-,-,-,-,-,-,-,-,-,-,-,321,-,-,-,-,-,-,-,-,-,-
293,-,-,-,-,-,-,-,-,-,-,-,-,-,-,-,-,-,-,-,304,-,-,-,-,-,-,-,-,-,-
294,-,-,-,493,-,-,-,-,296,-,-,-,-,494,-,-,-,-,-,-,-,-,-,-,-,-,-,-,-,-
295,-,-,-,-,-,-,-,-,-,-,-,-,-,-,-,-,-,-,-,294,-,-,-,-,-,-,-,-,-,-
296,-,-,-,-,-,-,-,-,-,-,-,-,-,-,-,-,-,-,-,293,-,-,-,-,-,-,-,-,-,-
297,-,-,-,-,-,-,-,-,-,-,-,-,-,-,-,-,-,-,-,301,-,-,-,-,-,-,-,-,-,-
298,-,-,-,-,-,-,-,-,-,-,-,-,-,-,-,-,-,-,-,297,-,-,-,-,-,-,-,-,-,-
299,-,-,-,-,-,-,-,-,-,-,-,-,-,-,-,-,-,-,-,297,-,-,-,-,-,-,-,-,-,-
300,-,-,-,-,-,-,-,-,-,-,-,-,-,-,-,-,-,-,-,304,-,-,-,-,-,-,-,-,-,-
301,-,-,-,-,-,-,-,-,303,-,-,-,-,-,-,-,-,-,-,-,-,-,-,-,-,-,-,-,-,-
302,-,-,-,-,-,-,-,-,-,-,-,-,-,-,-,-,-,-,-,301,-,-,-,-,-,-,-,-,-,-
303,-,-,-,-,-,-,-,-,-,-,-,-,-,-,-,-,-,-,-,300,-,-,-,-,-,-,-,-,-,-
304,-,-,-,-,-,-,-,-,-,-,-,-,404,-,-,-,-,-,-,292,-,-,-,-,-,-,-,-,-,-
305,-,-,-,-,-,-,-,-,-,-,-,-,-,-,-,-,-,-,-,310,-,-,-,-,-,-,-,-,-,-
306,-,-,-,-,-,-,-,-,-,-,-,-,-,-,-,-,-,-,-,305,-,-,-,-,-,-,-,-,-,-
307,-,-,-,-,-,-,-,-,-,-,-,-,-,-,-,-,-,-,-,305,-,-,-,-,-,-,-,-,-,-
308,-,-,-,-,-,-,-,-,-,-,-,-,-,-,-,-,-,-,-,321,-,-,-,-,-,-,-,-,-,-
309,-,-,-,-,-,-,-,-,-,-,-,-,-,-,-,-,-,-,-,320,-,-,-,-,-,-,-,-,-,-
310,-,-,-,-,-,-,-,-,312,-,-,-,-,-,-,-,-,-,-,-,-,-,-,-,-,-,-,-,-,-
311,-,-,-,-,-,-,-,-,-,-,-,-,114,-,-,-,-,-,-,310,-,-,-,-,-,-,-,-,-,-
312,-,-,-,-,-,-,-,-,-,-,-,-,-,-,-,-,-,-,-,309,-,-,-,-,-,-,-,-,-,-
313,-,-,-,314,-,-,-,-,-,-,-,-,-,315,-,-,-,-,-,317,-,-,-,-,-,-,-,-,-,-
314,-,-,-,-,-,-,-,-,-,-,-,-,-,-,-,-,-,-,-,313,-,-,-,-,-,-,-,-,-,-
315,-,-,-,-,-,-,-,-,-,-,-,-,-,-,-,-,-,-,-,313,-,-,-,-,-,-,-,-,-,-
316,-,-,-,-,-,-,-,-,-,-,-,-,-,-,-,-,-,-,-,320,-,-,-,-,-,-,-,-,-,-
317,-,-,-,-,-,-,-,-,319,-,-,-,-,-,-,-,-,-,-,-,-,-,-,-,-,-,-,-,-,-
318,-,-,-,-,-,-,-,-,-,-,-,-,-,-,-,-,-,-,-,317,-,-,-,-,-,-,-,-,-,-
319,-,-,-,-,-,-,-,-,-,-,-,-,-,-,-,-,-,-,-,316,-,-,-,-,-,-,-,-,-,-
320,-,-,-,-,-,-,-,-,-,-,-,-,-,-,-,-,-,-,-,308,-,-,-,-,-,-,-,-,-,-
321,-,-,-,-,-,-,-,-,-,-,-,-,-,-,-,-,-,-,-,291,-,-,-,-,-,-,-,-,-,-
322,-,-,-,-,-,-,-,-,-,-,-,-,-,-,-,-,-,-,-,168,-,-,-,-,-,-,-,-,-,-
323,-,-,-,-,-,-,-,-,-,-,-,-,-,-,-,-,-,-,-,11,-,-,-,-,-,-,-,-,-,-
326,-,-,-,-,-,-,-,-,-,-,-,-,-,-,-,-,-,-,-,327,-,-,-,-,-,-,-,-,-,-
327,-,-,-,-,-,-,-,-,-,-,-,-,-,-,-,-,-,-,-,325,-,-,-,-,-,-,-,-,-,-
330,-,-,-,-,-,-,-,-,-,-,-,-,-,-,-,-,-,-,-,327,-,-,-,-,-,-,-,-,-,-
332,-,-,-,-,-,-,-,-,-,-,-,-,234,-,-,-,-,-,-,-,-,-,-,-,-,-,-,-,-,-
333,-,-,-,-,-,-,-,-,335,-,-,-,-,-,-,-,-,-,-,334,-,-,-,-,-,-,-,-,-,-
335,-,-,-,-,-,-,-,-,-,-,-,-,-,-,-,-,-,-,-,659,-,-,-,-,-,-,-,-,-,-
336,-,-,-,-,-,-,-,-,-,-,-,-,-,-,-,-,-,-,-,338,-,-,-,-,-,-,-,-,-,-
337,-,-,-,-,-,-,-,-,-,-,-,-,-,-,-,-,-,-,-,659,-,-,-,-,-,-,-,-,-,-
338,-,-,-,-,-,-,-,-,-,-,-,-,-,-,-,-,-,-,-,349,-,-,-,-,-,340,-,-,-,-
340,-,-,-,-,-,-,-,-,-,-,-,-,-,-,-,-,-,-,-,341,-,-,-,-,-,-,-,-,-,-
341,-,-,-,-,-,-,-,-,-,-,-,-,-,-,-,-,-,-,-,339,-,-,-,-,-,-,-,-,-,-
343,-,-,-,-,-,-,-,-,-,-,-,-,-,-,-,-,-,-,-,-,-,-,-,-,-,-,-,-,-,344
344,-,-,444,-,-,-,-,-,-,-,-,-,445,-,-,-,-,-,-,341,-,-,-,-,-,-,-,-,-,-
345,-,-,-,-,-,-,-,-,-,-,-,-,-,-,-,-,-,-,-,338,-,-,-,-,-,-,-,-,-,-
346,-,-,-,-,-,-,-,-,-,-,-,-,-,-,-,-,-,-,-,337,-,-,-,-,-,-,-,-,-,-
347,-,-,-,-,-,-,-,-,-,-,-,-,-,-,-,-,-,-,-,658,-,-,-,-,-,-,-,-,-,-
348,-,-,-,-,-,-,-,-,-,-,-,-,-,-,-,-,-,-,-,501,-,-,-,-,-,-,-,-,-,-
349,-,-,-,-,-,-,-,-,-,-,-,-,-,-,-,-,-,-,-,355,-,-,-,-,-,-,-,-,-,-
350,-,-,-,-,-,-,-,-,-,-,-,-,-,-,-,-,-,-,-,349,-,-,-,-,-,-,-,-,-,-
351,-,-,-,-,-,-,-,-,-,-,-,-,-,-,-,-,-,-,-,348,-,-,-,-,-,-,-,-,-,-
352,-,-,-,-,-,-,-,-,-,-,-,-,254,-,-,-,-,-,-,383,-,-,-,-,-,-,-,-,-,-
353,-,-,-,-,-,-,-,-,-,-,-,-,-,-,-,-,-,-,-,382,-,-,-,-,-,-,-,-,-,-
354,-,-,-,-,-,-,-,-,-,-,-,-,-,-,-,-,-,-,-,365,-,-,-,-,-,-,-,-,-,-
355,-,-,-,-,-,-,-,-,357,-,-,-,-,-,-,-,-,-,-,-,-,-,-,-,-,-,-,-,-,-
356,-,-,-,-,-,-,-,-,-,-,-,-,-,-,-,-,-,-,-,355,-,-,-,-,-,-,-,-,-,-
357,-,-,-,-,-,-,-,-,-,-,-,-,-,-,-,-,-,-,-,354,-,-,-,-,-,-,-,-,-,-
358,-,-,-,-,-,-,-,-,-,-,-,-,-,-,-,-,-,-,-,362,-,-,-,-,-,-,-,-,-,-
359,-,-,-,-,-,-,-,-,-,-,-,-,-,-,-,-,-,-,-,358,-,-,-,-,-,-,-,-,-,-
360,-,-,-,-,-,-,-,-,-,-,-,-,-,-,-,-,-,-,-,358,-,-,-,-,-,-,-,-,-,-
361,-,-,-,-,-,-,-,-,-,-,-,-,-,-,-,-,-,-,-,365,-,-,-,-,-,-,-,-,-,-
362,-,-,-,-,-,-,-,-,364,-,-,-,-,-,-,-,-,-,-,-,-,-,-,-,-,-,-,-,-,-
363,-,-,-,-,-,-,-,-,-,-,-,-,-,-,-,-,-,-,-,362,-,-,-,-,-,-,-,-,-,-
364,-,-,-,-,-,-,-,-,-,-,-,-,-,-,-,-,-,-,-,361,-,-,-,-,-,-,-,-,-,-
365,-,-,564,-,-,-,-,-,-,-,-,-,565,-,-,-,-,-,-,353,-,-,-,-,-,-,-,-,-,-
366,-,-,-,-,-,-,-,-,-,-,-,-,-,-,-,-,-,-,-,371,-,-,-,-,-,-,-,-,-,-
367,-,-,-,-,-,-,-,-,-,-,-,-,-,-,-,-,-,-,-,366,-,-,-,-,-,-,-,-,-,-
368,-,-,-,-,-,-,-,-,-,-,-,-,-,-,-,-,-,-,-,366,-,-,-,-,-,-,-,-,-,-
369,-,-,-,-,-,-,-,-,-,-,-,-,-,-,-,-,-,-,-,382,-,-,-,-,-,-,-,-,-,-
370,-,-,-,-,-,-,-,-,-,-,-,-,-,-,-,-,-,-,-,381,-,-,-,-,-,-,-,-,-,-
371,-,-,-,-,-,-,-,206,373,-,-,-,-,-,211,207,-,213,-,-,-,-,210,212,-,-,-,208,209,-
372,-,-,-,-,-,-,-,-,-,-,-,-,-,-,-,-,-,-,-,371,-,-,-,-,-,-,-,-,-,-
373,-,-,-,-,-,-,-,-,-,-,-,-,-,-,-,-,-,-,-,370,-,-,-,-,-,-,-,-,-,-
374,-,-,-,-,-,-,-,-,-,-,-,-,474,-,-,-,-,-,-,378,-,-,-,-,-,-,-,-,-,-
375,-,-,-,-,-,-,-,-,-,-,-,-,-,-,-,-,-,-,-,374,-,-,-,-,-,-,-,-,-,-
376,-,-,-,-,-,-,-,-,-,-,-,-,-,-,-,-,-,-,-,374,-,-,-,-,-,-,-,-,-,-
377,-,-,-,-,-,-,-,-,-,-,-,-,-,-,-,-,-,-,-,381,-,-,-,-,-,-,-,-,-,-
378,-,-,-,-,-,-,-,-,380,-,-,-,-,-,-,-,-,-,-,-,-,-,-,-,-,-,-,-,-,-
379,-,-,-,-,-,-,-,-,-,-,-,-,-,-,-,-,-,-,-,378,-,-,-,-,-,-,-,-,-,-
380,-,-,-,-,-,-,-,-,-,-,-,-,-,-,-,-,-,-,-,377,-,-,-,-,-,-,-,-,-,-
381,-,-,-,-,-,-,-,-,-,-,-,-,184,-,-,-,-,-,-,369,-,-,-,-,-,-,-,-,-,-
382,-,-,-,-,-,-,-,-,-,-,-,-,-,-,-,-,-,-,-,352,-,-,-,-,-,-,-,-,-,-
383,-,-,-,-,-,-,-,-,-,-,-,-,-,-,-,-,-,-,-,351,-,-,-,-,-,-,-,-,-,-
384,-,-,-,-,-,-,-,-,-,-,-,-,-,-,-,-,-,-,-,396,-,-,-,-,-,-,-,-,-,-
385,-,-,-,-,-,-,-,-,-,-,-,-,-,-,-,-,-,-,-,384,-,-,-,-,-,-,-,-,-,-
386,-,-,-,-,-,-,-,-,-,-,-,-,-,-,-,-,-,-,-,384,-,-,-,-,-,-,-,-,-,-
387,-,-,-,-,-,-,-,-,-,-,-,-,-,-,-,-,-,-,-,384,-,-,-,-,-,-,-,-,-,-
388,-,-,-,-,-,-,-,-,-,-,-,-,-,-,-,-,-,-,-,384,-,-,-,-,-,-,-,-,-,-
389,-,-,-,-,-,-,-,-,-,-,-,-,-,-,-,-,-,-,-,384,-,-,-,-,-,-,-,-,-,-
390,-,-,-,-,-,-,-,-,-,-,-,-,-,-,-,-,-,-,-,384,-,-,-,-,-,-,-,-,-,-
391,-,-,-,-,-,-,-,-,-,-,-,-,-,-,-,-,-,-,-,384,-,-,-,-,-,-,-,-,-,-
392,-,-,-,-,-,-,-,-,-,-,-,-,-,-,-,-,-,-,-,384,-,-,-,-,-,-,-,-,-,-
393,-,-,-,-,-,-,-,-,-,-,-,-,-,-,-,-,-,-,-,383,-,-,-,-,-,-,-,-,-,-
394,-,-,-,-,-,-,-,-,-,-,-,-,-,-,-,-,-,-,-,423,-,-,-,-,-,-,-,-,-,-
395,-,-,-,-,-,-,-,-,-,-,-,-,-,-,-,-,-,-,-,406,-,-,-,-,-,-,-,-,-,-
396,-,-,-,-,-,-,-,-,398,-,-,-,-,-,-,-,-,-,-,-,-,-,-,-,-,-,-,-,-,-
397,-,-,-,-,-,-,-,-,-,-,-,-,-,-,-,-,-,-,-,396,-,-,-,-,-,-,-,-,-,-
398,-,-,-,-,-,-,-,-,-,-,-,-,-,-,-,-,-,-,-,395,-,-,-,-,-,-,-,-,-,-
399,-,-,-,-,-,-,-,-,-,-,-,-,-,-,-,-,-,-,-,403,-,-,-,-,-,-,-,-,-,-
400,-,-,-,-,-,-,-,-,-,-,-,-,-,-,-,-,-,-,-,399,-,-,-,-,-,-,-,-,-,-
401,-,-,-,-,-,-,-,-,-,-,-,-,105,-,-,-,-,-,-,399,-,-,-,-,-,-,-,-,-,-
402,-,-,-,-,-,-,-,-,-,-,-,-,-,-,-,-,-,-,-,406,-,-,-,-,-,-,-,-,-,-
403,-,-,-,-,-,-,-,-,405,-,-,-,-,-,-,-,-,-,-,-,-,-,-,-,-,-,-,-,-,-
404,-,-,-,-,-,-,-,-,-,-,-,-,-,-,-,-,-,-,-,403,-,-,-,-,-,-,-,-,-,-
405,-,-,-,-,-,-,-,-,-,-,-,-,-,-,-,-,-,-,-,402,-,-,-,-,-,-,-,-,-,-
406,-,-,-,-,-,-,-,-,-,-,-,-,605,-,-,-,-,-,-,394,-,-,-,-,-,-,-,-,-,-
407,-,-,-,-,-,-,-,-,-,-,-,-,-,-,-,-,-,-,-,412,-,-,-,-,-,-,-,-,-,-
408,-,-,-,-,-,-,-,-,-,-,-,-,-,-,-,-,-,-,-,407,-,-,-,-,-,-,-,-,-,-
409,-,-,-,-,-,-,-,-,-,-,-,-,-,-,-,-,-,-,-,407,-,-,-,-,-,-,-,-,-,-
410,-,-,-,-,-,-,-,-,-,-,-,-,-,-,-,-,-,-,-,423,-,-,-,-,-,-,-,-,-,-
411,-,-,-,-,-,-,-,-,-,-,-,-,-,-,-,-,-,-,-,422,-,-,-,-,-,-,-,-,-,-
412,-,-,-,-,-,-,-,-,414,-,-,-,-,-,-,-,-,-,-,-,-,-,-,-,-,-,-,-,-,-
413,-,-,-,-,-,-,-,-,-,-,-,-,-,-,-,-,-,-,-,412,-,-,-,-,-,-,-,-,-,-
414,-,-,-,-,-,-,-,-,-,-,-,-,-,-,-,-,-,-,-,411,-,-,-,-,-,-,-,-,-,-
415,-,-,-,515,-,-,-,-,-,-,-,-,-,516,-,-,-,-,-,419,-,-,-,-,-,-,-,-,-,-
416,-,-,-,-,-,-,-,-,-,-,-,-,-,-,-,-,-,-,-,415,-,-,-,-,-,-,-,-,-,-
417,-,-,-,-,-,-,-,-,-,-,-,-,-,-,-,-,-,-,-,415,-,-,-,-,-,-,-,-,-,-
418,-,-,-,-,-,-,-,-,-,-,-,-,-,-,-,-,-,-,-,422,-,-,-,-,-,-,-,-,-,-
419,-,-,-,-,-,-,-,-,421,-,-,-,-,-,-,-,-,-,-,-,-,-,-,-,-,-,-,-,-,-
420,-,-,-,-,-,-,-,-,-,-,-,-,-,-,-,-,-,-,-,419,-,-,-,-,-,-,-,-,-,-
421,-,-,-,-,-,-,-,-,-,-,-,-,-,-,-,-,-,-,-,418,-,-,-,-,-,-,-,-,-,-
422,-,-,-,-,-,-,-,-,-,-,-,-,225,-,-,-,-,-,-,410,-,-,-,-,-,-,-,-,-,-
423,-,-,-,-,-,-,-,-,-,-,-,-,-,-,-,-,-,-,-,393,-,-,-,-,-,-,-,-,-,-
424,-,-,-,-,424,-,-,-,-,-,-,-,-,-,-,-,-,-,-,426,-,-,-,-,-,-,-,-,-,-
425,-,-,-,-,-,-,-,-,-,-,-,-,-,-,-,-,-,-,-,501,-,-,-,-,-,-,-,-,-,-
426,-,-,-,-,-,-,-,-,-,-,-,-,-,-,-,-,-,-,-,432,-,-,-,-,-,-,-,-,-,-
427,-,-,-,-,-,-,-,-,-,-,-,-,-,-,-,-,-,-,-,426,-,-,-,-,-,-,-,-,-,-
428,-,-,-,-,-,-,-,-,-,-,-,-,-,-,-,-,-,-,-,425,-,-,-,-,-,-,-,-,-,-
429,-,-,-,-,-,-,-,-,-,-,-,-,-,-,-,-,-,-,-,460,-,-,-,-,-,-,-,-,-,-
430,-,-,-,-,-,-,-,-,-,-,-,-,-,-,-,-,-,-,-,459,-,-,-,-,-,-,-,-,-,-
431,-,-,-,-,-,-,-,-,-,-,-,-,-,-,-,-,-,-,-,442,-,-,-,-,-,-,-,-,-,-
432,-,-,-,-,-,-,-,-,434,-,-,-,-,-,-,-,-,-,-,-,-,-,-,-,-,-,-,-,-,-
433,660,-,-,-,-,-,-,-,-,-,-,-,-,-,-,-,-,-,-,432,-,-,-,-,-,-,-,-,-,-
434,-,-,-,-,-,-,-,-,-,-,-,-,-,-,-,-,-,-,-,431,-,-,-,-,-,-,-,-,-,-
435,-,-,-,-,-,-,-,-,-,-,-,-,535,-,-,-,-,-,-,439,-,-,-,-,-,-,-,-,-,-
436,-,-,-,-,-,-,-,-,-,-,-,-,-,-,-,-,-,-,-,435,-,-,-,-,-,-,-,-,-,-
437,-,-,-,-,-,-,-,-,-,-,-,-,-,-,-,-,-,-,-,435,-,-,-,-,-,-,-,-,-,-
438,-,-,-,-,-,-,-,-,-,-,-,-,-,-,-,-,-,-,-,442,-,-,-,-,-,-,-,-,-,-
439,-,-,-,-,-,-,-,-,441,-,-,-,-,-,-,-,-,-,-,-,-,-,-,-,-,-,-,-,-,-
440,-,-,-,-,-,-,-,-,-,-,-,-,-,-,-,-,-,-,-,439,-,-,-,-,-,-,-,-,-,-
441,-,-,-,-,-,-,-,-,-,-,-,-,-,-,-,-,-,-,-,438,-,-,-,-,-,-,-,-,-,-
442,-,-,-,-,-,-,-,-,-,-,-,-,-,-,-,-,-,-,-,430,-,-,-,-,-,-,-,-,-,-
443,-,-,-,-,-,-,-,-,-,-,-,-,-,-,-,-,-,-,-,448,-,-,-,-,-,-,-,-,-,-
444,-,-,-,-,-,-,-,-,-,-,-,-,-,-,-,-,-,-,-,443,-,-,-,-,-,-,-,-,-,-
445,-,-,-,-,-,-,-,-,-,-,-,-,-,-,-,-,-,-,-,443,-,-,-,-,-,-,-,-,-,-
446,-,-,-,-,-,-,-,-,-,-,-,-,-,-,-,-,-,-,-,459,-,-,-,-,-,-,-,-,-,-
447,-,-,-,-,-,-,-,-,-,-,-,-,-,-,-,-,-,-,-,458,-,-,-,-,-,-,-,-,-,-
448,-,-,-,-,-,-,-,-,450,-,-,-,-,-,-,-,-,-,-,-,-,-,-,-,-,-,-,-,-,-
449,-,-,-,-,-,-,-,-,-,-,-,-,-,-,-,-,-,-,-,448,-,-,-,-,-,-,-,-,-,-
450,-,-,-,-,-,-,-,-,-,-,-,-,-,-,-,-,-,-,-,447,-,-,-,-,-,-,-,-,-,-
451,-,-,-,-,-,-,-,-,-,-,-,-,155,-,-,-,-,-,-,455,-,-,-,-,-,-,-,-,-,-
452,-,-,-,-,-,-,-,-,-,-,-,-,-,-,-,-,-,-,-,451,-,-,-,-,-,-,-,-,-,-
453,-,-,-,-,-,-,-,-,-,-,-,-,-,-,-,-,-,-,-,451,-,-,-,-,-,-,-,-,-,-
454,-,-,-,-,-,-,-,-,-,-,-,-,-,-,-,-,-,-,-,458,-,-,-,-,-,-,-,-,-,-
455,-,-,-,-,-,-,-,-,457,-,-,-,-,-,-,-,-,-,-,-,-,-,-,-,-,-,-,-,-,-
456,-,-,-,-,-,-,-,-,-,-,-,-,-,-,-,-,-,-,-,455,-,-,-,-,-,-,-,-,-,-
457,-,-,-,-,-,-,-,-,-,-,-,-,-,-,-,-,-,-,-,454,-,-,-,-,-,-,-,-,-,-
458,-,-,-,-,-,-,-,-,-,-,-,-,-,-,-,-,-,-,-,446,-,-,-,-,-,-,-,-,-,-
459,-,-,-,-,-,-,-,-,-,-,-,-,-,-,-,-,-,-,-,429,-,-,-,-,-,-,-,-,-,-
460,-,-,-,-,-,-,-,-,-,-,-,-,-,-,-,-,-,-,-,428,-,-,-,-,-,-,-,-,-,-
461,-,-,-,-,-,-,-,-,-,-,-,-,-,-,-,-,-,-,-,473,-,-,-,-,-,-,-,-,-,-
462,-,-,265,-,-,-,-,-,-,-,-,-,266,-,-,-,-,-,-,461,-,-,-,-,-,-,-,-,-,-
463,-,-,-,-,-,-,-,-,-,-,-,-,-,-,-,-,-,-,-,461,-,-,-,-,-,-,-,-,-,-
464,-,-,-,-,-,-,-,-,-,-,-,-,-,-,-,-,-,-,-,461,-,-,-,-,-,-,-,-,-,-
465,-,-,-,-,-,-,-,-,-,-,-,-,-,-,-,-,-,-,-,461,-,-,-,-,-,-,-,-,-,-
466,-,-,-,-,-,-,-,-,-,-,-,-,-,-,-,-,-,-,-,461,-,-,-,-,-,-,-,-,-,-
467,-,-,-,-,-,-,-,-,-,-,-,-,-,-,-,-,-,-,-,461,-,-,-,-,-,-,-,-,-,-
468,-,-,-,-,-,-,-,-,-,-,-,-,-,-,-,-,-,-,-,461,-,-,-,-,-,-,-,-,-,-
469,-,-,-,-,-,-,-,-,-,-,-,-,-,-,-,-,-,-,-,461,-,-,-,-,-,-,-,-,-,-
470,-,-,-,-,-,-,-,-,-,-,-,-,-,-,-,-,-,-,-,460,-,-,-,-,-,-,-,-,-,-
471,-,-,-,-,-,-,-,-,-,-,-,-,-,-,-,-,-,-,-,500,-,-,-,-,-,-,-,-,-,-
472,-,-,-,-,-,-,-,-,-,-,-,-,-,-,-,-,-,-,-,483,-,-,-,-,-,-,-,-,-,-
473,-,-,-,375,-,-,-,-,475,-,-,-,-,376,-,-,-,-,-,-,-,-,-,-,-,-,-,-,-,-
474,-,-,-,-,-,-,-,-,-,-,-,-,-,-,-,-,-,-,-,473,-,-,-,-,-,-,-,-,-,-
475,-,-,-,-,-,-,-,-,-,-,-,-,-,-,-,-,-,-,-,472,-,-,-,-,-,-,-,-,-,-
476,-,-,-,-,-,-,-,-,-,-,-,-,-,-,-,-,-,-,-,480,-,-,-,-,-,-,-,-,-,-
477,-,-,-,-,-,-,-,-,-,-,-,-,-,-,-,-,-,-,-,476,-,-,-,-,-,-,-,-,-,-
478,-,-,-,-,-,-,-,-,-,-,-,-,-,-,-,-,-,-,-,476,-,-,-,-,-,-,-,-,-,-
479,-,-,-,-,-,-,-,-,-,-,-,-,-,-,-,-,-,-,-,483,-,-,-,-,-,-,-,-,-,-
480,-,-,-,-,-,-,-,-,482,-,-,-,-,-,-,-,-,-,-,-,-,-,-,-,-,-,-,-,-,-
481,-,-,-,-,-,-,-,-,-,-,-,-,-,-,-,-,-,-,-,480,-,-,-,-,-,-,-,-,-,-
482,-,-,-,-,-,-,-,-,-,-,-,-,-,-,-,-,-,-,-,479,-,-,-,-,-,-,-,-,-,-
483,-,-,-,-,-,-,-,-,-,-,-,-,-,-,-,-,-,-,-,471,-,-,-,-,-,-,-,-,-,-
484,-,-,485,-,-,-,-,-,-,-,-,-,486,-,-,-,-,-,-,489,-,-,-,-,-,-,-,-,-,-
485,-,-,-,-,-,-,-,-,-,-,-,-,-,-,-,-,-,-,-,484,-,-,-,-,-,-,-,-,-,-
486,-,-,-,-,-,-,-,-,-,-,-,-,-,-,-,-,-,-,-,484,-,-,-,-,-,-,-,-,-,-
487,-,-,-,-,-,-,-,-,-,-,-,-,-,-,-,-,-,-,-,500,-,-,-,-,-,-,-,-,-,-
488,-,-,-,-,-,-,-,-,-,-,-,-,-,-,-,-,-,-,-,499,-,-,-,-,-,-,-,-,-,-
489,-,-,-,-,-,-,-,-,491,-,-,-,-,-,-,-,-,-,-,-,-,-,-,-,-,-,-,-,-,-
490,-,-,-,-,-,-,-,-,-,-,-,-,-,-,-,-,-,-,-,489,-,-,-,-,-,-,-,-,-,-
491,-,-,-,-,-,-,-,-,-,-,-,-,-,-,-,-,-,-,-,488,-,-,-,-,-,-,-,-,-,-
492,-,-,-,-,-,-,-,-,-,-,-,-,295,-,-,-,-,-,-,496,-,-,-,-,-,-,-,-,-,-
493,-,-,-,-,-,-,-,-,-,-,-,-,-,-,-,-,-,-,-,492,-,-,-,-,-,-,-,-,-,-
494,-,-,-,-,-,-,-,-,-,-,-,-,-,-,-,-,-,-,-,492,-,-,-,-,-,-,-,-,-,-
495,-,-,-,-,-,-,-,-,-,-,-,-,-,-,-,-,-,-,-,499,-,-,-,-,-,-,-,-,-,-
496,-,-,-,-,-,-,-,-,498,-,-,-,-,-,-,-,-,-,-,-,-,-,-,-,-,-,-,-,-,-
497,-,-,-,-,-,-,-,-,-,-,-,-,-,-,-,-,-,-,-,496,-,-,-,-,-,-,-,-,-,-
498,-,-,-,-,-,-,-,-,-,-,-,-,-,-,-,-,-,-,-,495,-,-,-,-,-,-,-,-,-,-
499,-,-,-,-,-,-,-,-,-,-,-,-,-,-,-,-,-,-,-,487,-,-,-,-,-,-,-,-,-,-
500,-,-,-,-,-,-,-,-,-,-,-,-,-,-,-,-,-,-,-,470,-,-,-,-,-,-,-,-,-,-
501,-,-,-,-,-,-,-,-,-,-,-,-,-,-,-,-,-,-,-,347,-,-,-,-,-,-,-,-,-,-
502,-,-,-,-,-,-,-,-,-,-,-,-,-,-,-,-,-,-,-,505,-,-,-,-,-,-,-,-,-,-
503,-,-,306,-,-,-,-,-,-,-,-,-,307,-,-,-,-,-,-,658,-,-,-,-,-,-,-,-,-,-
504,-,-,-,-,-,-,-,-,-,-,-,-,-,-,-,-,-,-,-,657,-,-,-,-,-,-,-,-,-,-
505,-,-,-,-,-,-,-,-,-,-,-,506,-,-,-,-,-,-,-,511,-,-,-,-,-,-,-,-,-,-
506,-,-,-,-,-,-,-,-,-,-,-,-,-,-,-,-,-,-,-,505,-,-,-,-,-,-,-,-,-,-
507,-,-,-,-,-,-,-,-,-,-,-,-,-,-,-,-,-,-,-,504,-,-,-,-,-,-,-,-,-,-
508,-,-,-,-,-,-,-,-,-,-,-,-,-,-,-,-,-,-,-,539,-,-,-,-,-,-,-,-,-,-
509,-,-,-,-,-,-,-,-,-,-,-,-,-,-,-,-,-,-,-,538,-,-,-,-,-,-,-,-,-,-
510,-,-,-,-,-,-,-,-,-,-,-,-,-,-,-,-,-,-,-,521,-,-,-,-,-,-,-,-,-,-
511,-,-,-,-,-,-,-,-,513,-,-,-,-,-,-,-,-,-,-,-,-,-,-,-,-,-,-,-,-,-
512,-,-,-,-,-,-,-,-,-,-,-,-,-,-,-,-,-,-,-,511,-,-,-,-,-,-,-,-,-,-
513,-,-,-,-,-,-,-,-,-,-,-,-,-,-,-,-,-,-,-,510,-,-,-,-,-,-,-,-,-,-
514,-,-,-,416,-,-,-,-,-,-,-,-,-,417,-,-,-,-,-,518,-,-,-,-,-,-,-,-,-,-
515,-,-,-,-,-,-,-,-,-,-,-,-,-,-,-,-,-,-,-,514,-,-,-,-,-,-,-,-,-,-
516,-,-,-,-,-,-,-,-,-,-,-,-,-,-,-,-,-,-,-,514,-,-,-,-,-,-,-,-,-,-
517,-,-,-,-,-,-,-,-,-,-,-,-,-,-,-,-,-,-,-,521,-,-,-,-,-,-,-,-,-,-
518,-,-,-,-,-,-,-,-,520,-,-,-,-,-,-,-,-,-,-,-,-,-,-,-,-,-,-,-,-,-
519,-,-,-,-,-,-,-,-,-,-,-,-,-,-,-,-,-,-,-,518,-,-,-,-,-,-,-,-,-,-
520,-,-,-,-,-,-,-,-,-,-,-,-,-,-,-,-,-,-,-,517,-,-,-,-,-,-,-,-,-,-
521,-,-,-,-,-,-,-,-,-,-,-,-,-,-,-,-,-,-,-,509,-,-,-,-,-,-,-,-,-,-
522,-,-,-,-,-,-,-,-,-,-,-,-,-,-,-,-,-,-,-,527,-,-,-,-,-,-,-,-,-,-
523,-,-,-,-,-,-,-,-,-,-,-,-,-,-,-,-,-,-,-,522,-,-,-,-,-,-,-,-,-,-
524,-,-,-,-,-,-,-,-,-,-,-,-,-,-,-,-,-,-,-,522,-,-,-,-,-,-,-,-,-,-
525,-,-,-,-,-,-,-,-,-,-,-,-,-,-,-,-,-,-,-,538,-,-,-,-,-,-,-,-,-,-
526,-,-,-,-,-,-,-,-,-,-,-,-,-,-,-,-,-,-,-,537,-,-,-,-,-,-,-,-,-,-
527,-,-,-,-,-,-,-,-,529,-,-,-,-,-,-,-,-,-,-,-,-,-,-,-,-,-,-,-,-,-
528,-,-,-,-,-,-,-,-,-,-,-,-,-,-,-,-,-,-,-,527,-,-,-,-,-,-,-,-,-,-
529,-,-,-,-,-,-,-,-,-,-,-,-,-,-,-,-,-,-,-,526,-,-,-,-,-,-,-,-,-,-
531,-,-,-,-,-,-,-,-,-,-,-,-,-,-,-,-,-,-,-,530,-,-,-,-,-,-,-,-,-,-
532,-,-,-,-,-,-,-,-,-,-,-,-,-,-,-,-,-,-,-,530,-,-,-,-,-,-,-,-,-,-
533,-,-,-,-,-,-,-,-,-,-,-,-,-,-,-,-,-,-,-,537,-,-,-,-,-,-,-,-,-,-
534,-,-,-,436,-,-,-,-,536,-,-,-,-,437,-,-,-,-,-,-,-,-,-,-,-,-,-,-,-,-
535,-,-,-,-,-,-,-,-,-,-,-,-,-,-,-,-,-,-,-,534,-,-,-,-,-,-,-,-,-,-
536,-,-,-,-,-,-,-,-,-,-,-,-,-,-,-,-,-,-,-,533,-,-,-,-,-,-,-,-,-,-
537,-,-,-,-,-,-,-,-,-,-,-,-,-,-,-,-,-,-,-,525,-,-,-,-,-,-,-,-,-,-
538,-,-,-,-,-,-,-,-,-,-,-,-,-,-,-,-,-,-,-,508,-,-,-,-,-,-,-,-,-,-
539,-,-,-,-,-,-,-,-,-,-,-,-,-,-,-,-,-,-,-,507,-,-,-,-,-,-,-,-,-,-
541,-,-,-,-,-,-,-,-,-,-,-,-,146,-,-,-,-,-,-,540,-,-,-,-,-,-,-,-,-,-
542,-,-,-,-,245,-,-,-,-,-,-,-,-,-,-,-,-,-,-,540,-,-,-,-,-,-,-,-,-,-
543,-,-,-,-,-,-,-,-,-,-,-,-,-,-,-,-,-,-,-,540,-,-,-,-,-,-,-,-,-,-
544,-,-,-,-,-,-,-,-,-,-,-,-,-,-,-,-,-,-,-,540,-,-,-,-,-,-,-,-,-,-
545,-,-,-,-,-,-,-,-,-,-,-,-,-,-,-,-,-,-,-,540,-,-,-,-,-,-,-,-,-,-
546,-,-,-,-,-,-,-,-,-,-,-,-,646,-,-,-,-,-,-,540,-,-,-,-,-,-,-,-,-,-
547,-,-,-,-,-,-,-,-,-,-,-,-,-,-,-,-,-,-,-,540,-,-,-,-,-,-,-,-,-,-
548,-,-,-,-,-,-,-,-,-,-,-,-,-,-,-,-,-,-,-,540,-,-,-,-,-,-,-,-,-,-
549,-,-,-,-,-,-,-,-,-,-,-,-,-,-,-,-,-,-,-,539,-,-,-,-,-,-,-,-,-,-
550,-,-,-,-,-,-,-,-,-,-,-,-,-,-,-,-,-,-,-,579,-,-,-,-,-,-,-,-,-,-
551,-,-,-,-,-,-,-,-,-,-,-,-,-,-,-,-,-,-,-,562,-,-,-,-,-,-,-,-,-,-
552,-,-,-,-,-,-,-,-,554,-,-,-,-,-,-,-,-,-,-,-,-,-,-,-,-,-,-,-,-,-
553,-,-,-,-,-,-,-,-,-,-,-,-,356,-,-,-,-,-,-,552,-,-,-,-,-,-,-,-,-,-
554,-,-,-,-,-,-,-,-,-,-,-,-,456,-,-,-,-,-,-,551,-,-,-,-,-,-,-,-,-,-
555,-,-,-,556,-,-,-,-,-,-,-,-,-,557,-,-,-,-,-,559,-,-,-,-,-,-,-,-,-,-
556,-,-,-,-,-,-,-,-,-,-,-,-,-,-,-,-,-,-,-,555,-,-,-,-,-,-,-,-,-,-
557,-,-,-,-,-,-,-,-,-,-,-,-,-,-,-,-,-,-,-,555,-,-,-,-,-,-,-,-,-,-
558,-,-,-,-,-,-,-,-,-,-,-,-,-,-,-,-,-,-,-,562,-,-,-,-,-,-,-,-,-,-
559,-,-,-,-,-,-,-,-,561,-,-,-,-,-,-,-,-,-,-,-,-,-,-,-,-,-,-,-,-,-
560,-,-,-,-,-,-,-,-,-,-,-,-,-,-,-,-,-,-,-,559,-,-,-,-,-,-,-,-,-,-
561,-,-,-,-,-,-,-,-,-,-,-,-,-,-,-,-,-,-,-,558,-,-,-,-,-,-,-,-,-,-
562,-,-,-,-,-,-,-,-,-,-,-,-,-,-,-,-,-,-,-,550,-,-,-,-,-,-,-,-,-,-
563,-,-,-,-,-,-,-,-,-,-,-,-,-,-,-,-,-,-,-,568,-,-,-,-,-,-,-,-,-,-
564,-,-,-,-,-,-,-,-,-,-,-,-,-,-,-,-,-,-,-,563,-,-,-,-,-,-,-,-,-,-
565,-,-,-,-,-,-,-,-,-,-,-,-,-,-,-,-,-,-,-,563,-,-,-,-,-,-,-,-,-,-
566,-,-,-,-,-,-,-,-,-,-,-,-,-,-,-,-,-,-,-,579,-,-,-,-,-,-,-,-,-,-
567,-,-,-,-,-,-,-,-,-,-,-,-,-,-,-,-,-,-,-,578,-,-,-,-,-,-,-,-,-,-
568,-,-,-,-,-,-,-,-,570,-,-,-,-,-,-,-,-,-,-,-,-,-,-,-,-,-,-,-,-,-
569,-,-,-,-,-,-,-,-,-,-,-,-,-,-,-,-,-,-,-,568,-,-,-,-,-,-,-,-,-,-
570,-,-,-,-,-,-,-,-,-,-,-,-,-,-,-,-,-,-,-,567,-,-,-,-,-,-,-,-,-,-
571,-,-,-,-,-,-,-,-,-,-,-,-,-,-,-,-,-,-,-,575,-,-,-,-,-,-,-,-,-,-
572,-,-,-,-,-,-,-,-,-,-,-,-,-,-,-,-,-,-,-,571,-,-,-,-,-,-,-,-,-,-
573,-,-,-,-,-,-,-,-,-,-,-,-,-,-,-,-,-,-,-,571,-,-,-,-,-,-,-,-,-,-
574,-,-,-,-,-,-,-,-,-,-,-,-,-,-,-,-,-,-,-,578,-,-,-,-,-,-,-,-,-,-
575,-,-,-,-,-,-,-,-,577,-,-,-,576,-,-,-,-,-,-,-,-,-,-,-,-,-,-,-,-,-
576,-,-,-,-,-,-,-,-,-,-,-,-,-,-,-,-,-,-,-,575,-,-,-,-,-,-,-,-,-,-
577,-,-,-,-,-,-,-,-,-,-,-,-,-,-,-,-,-,-,-,574,-,-,-,-,-,-,-,-,-,-
578,-,-,-,-,-,-,-,-,-,-,-,-,-,-,-,-,-,-,-,566,-,-,-,-,-,-,-,-,-,-
579,-,-,-,-,-,-,-,-,-,-,-,-,-,-,-,-,-,-,-,549,-,-,-,-,-,-,-,-,-,-
581,-,-,-,-,-,-,-,-,-,-,-,-,-,-,-,-,-,-,-,657,-,-,-,-,-,-,-,-,-,-
582,-,-,-,-,-,-,-,-,-,-,-,-,-,-,-,-,-,-,-,588,-,-,-,-,-,-,-,-,-,-
583,-,-,-,-,-,-,-,-,-,-,-,-,-,-,-,-,-,-,-,582,-,-,-,-,-,-,-,-,-,-
584,-,-,-,-,-,-,-,-,-,-,-,-,-,-,-,-,-,-,-,581,-,-,-,-,-,-,-,-,-,-
585,-,-,-,-,-,-,-,618,-,-,-,-,-,-,623,619,-,625,-,616,-,-,622,624,-,-,-,620,621,-
586,-,-,-,-,-,-,-,-,-,-,-,-,-,-,-,-,-,-,-,615,-,-,-,-,-,-,-,-,-,-
587,-,-,-,-,-,-,-,-,-,-,-,-,-,-,-,-,-,-,-,598,-,-,-,-,-,-,-,-,-,-
588,-,-,-,-,-,-,-,-,590,-,-,-,-,-,-,-,-,-,-,-,-,-,-,-,-,-,-,-,-,-
589,-,-,-,-,-,-,-,-,-,-,-,-,-,-,-,-,-,-,-,588,-,-,-,-,-,-,-,-,-,-
590,-,-,-,-,-,-,-,-,-,-,-,-,-,-,-,-,-,-,-,587,-,-,-,-,-,-,-,-,-,-
591,-,-,-,196,-,-,-,-,-,-,-,-,-,197,-,-,-,-,-,595,-,-,-,-,-,-,-,-,-,-
592,-,-,-,-,-,-,-,-,-,-,-,-,-,-,-,-,-,-,-,591,-,-,-,-,-,-,-,-,-,-
593,-,-,-,-,-,-,-,-,-,-,-,-,-,-,-,-,-,-,-,591,-,-,-,-,-,-,-,-,-,-
594,-,-,-,-,-,-,-,-,-,-,-,-,-,-,-,-,-,-,-,598,-,-,-,-,-,-,-,-,-,-
595,-,-,-,-,-,-,-,-,597,-,-,-,596,-,-,-,-,-,-,-,-,-,-,-,-,-,-,-,-,-
596,-,-,-,-,-,-,-,-,-,-,-,-,-,-,-,-,-,-,-,595,-,-,-,-,-,-,-,-,-,-
597,-,-,-,-,-,-,-,-,-,-,-,-,-,-,-,-,-,-,-,594,-,-,-,-,-,-,-,-,-,-
598,-,-,-,-,-,-,-,-,-,-,-,-,-,-,-,-,-,-,-,586,-,-,-,-,-,-,-,-,-,-
599,-,-,-,-,-,-,-,-,-,-,-,-,-,-,-,-,-,-,-,604,-,-,-,-,-,-,-,-,-,-
600,-,-,-,-,-,-,-,-,-,-,-,-,-,-,-,-,-,-,-,599,-,-,-,-,-,-,-,-,-,-
601,-,-,-,-,-,-,-,-,-,-,-,-,-,-,-,-,-,-,-,599,-,-,-,-,-,-,-,-,-,-
602,-,-,-,-,-,-,-,-,-,-,-,-,-,-,-,-,-,-,-,615,-,-,-,-,-,-,-,-,-,-
603,-,-,-,-,-,-,-,-,-,-,-,-,-,-,-,-,-,-,-,614,-,-,-,-,-,-,-,-,-,-
604,-,-,-,-,-,-,-,-,606,-,-,-,-,-,-,-,-,-,-,-,-,-,-,-,-,-,-,-,-,-
605,-,-,-,-,-,-,-,-,-,-,-,-,-,-,-,-,-,-,-,604,-,-,-,-,-,-,-,-,-,-
606,-,-,-,-,-,-,-,-,-,-,-,-,-,-,-,-,-,-,-,603,-,-,-,-,-,-,-,-,-,-
607,-,-,-,-,-,-,-,-,-,-,-,-,-,-,-,-,-,-,-,611,-,-,-,-,-,-,-,-,-,-
608,-,-,-,-,-,-,-,-,-,-,-,-,-,-,-,-,-,-,-,607,-,-,-,-,-,-,-,-,-,-
609,-,-,-,-,-,-,-,-,-,-,-,-,-,-,-,-,-,-,-,607,-,-,-,-,-,-,-,-,-,-
610,-,-,-,-,-,-,-,-,-,-,-,-,-,-,-,-,-,-,-,614,-,-,-,-,-,-,-,-,-,-
611,-,-,-,117,-,-,-,-,613,-,-,-,-,118,-,-,-,-,-,-,-,-,-,-,-,-,-,-,-,-
612,-,-,-,-,-,-,-,-,-,-,-,-,-,-,-,-,-,-,-,611,-,-,-,-,-,-,-,-,-,-
613,-,-,-,-,-,-,-,-,-,-,-,-,-,-,-,-,-,-,-,610,-,-,-,-,-,-,-,-,-,-
614,-,-,-,-,-,-,-,-,-,-,-,-,-,-,-,-,-,-,-,602,-,-,-,-,-,-,-,-,-,-
615,-,-,-,-,-,-,-,-,-,-,-,-,-,-,-,-,-,-,-,585,-,-,-,-,-,-,-,-,-,-
616,-,-,-,-,-,-,-,-,-,-,-,-,-,-,-,-,-,-,-,584,-,-,-,-,-,-,-,-,-,-
617,-,-,-,-,-,-,-,-,-,-,-,-,-,-,-,-,-,-,-,629,-,-,-,-,-,-,-,-,-,-
618,-,-,-,-,-,-,-,-,-,-,-,-,-,-,-,-,-,-,-,617,-,-,-,-,-,-,-,-,-,-
619,-,-,-,-,-,-,-,-,-,-,-,-,-,-,-,-,-,-,-,617,-,-,-,-,-,-,-,-,-,-
620,-,-,-,-,-,-,-,-,-,-,-,-,-,-,-,-,-,-,-,617,-,-,-,-,-,-,-,-,-,-
621,-,-,-,-,-,-,-,-,-,-,-,-,-,-,-,-,-,-,-,617,-,-,-,-,-,-,-,-,-,-
622,-,-,-,-,-,-,-,-,-,-,-,-,-,-,-,-,-,-,-,617,-,-,-,-,-,-,-,-,-,-
623,-,-,-,-,-,328,-,-,-,-,-,-,-,-,-,-,-,-,-,617,-,-,-,-,-,-,-,-,-,-
624,-,-,-,-,-,-,-,-,-,-,-,427,-,-,-,-,-,-,-,617,-,-,-,-,-,-,-,-,-,-
625,-,-,-,-,-,-,-,-,-,-,-,-,-,-,-,-,-,-,-,617,-,-,-,-,-,-,-,-,-,-
626,-,-,-,-,-,-,-,-,-,-,-,-,-,-,-,-,-,-,-,616,-,-,-,-,-,-,-,-,-,-
627,-,-,-,-,-,-,-,-,-,-,-,-,-,-,-,-,-,-,-,656,-,-,-,-,-,-,-,-,-,-
628,-,-,-,-,-,-,-,-,-,-,-,-,-,-,-,-,-,-,-,639,-,-,-,-,-,-,-,-,-,-
629,-,-,-,-,-,-,-,-,631,-,-,-,-,-,-,-,-,-,-,-,-,-,-,-,-,-,-,-,-,-
630,-,-,-,-,-,-,-,-,-,-,-,-,-,-,-,-,-,-,-,629,-,-,-,-,-,-,-,-,-,-
631,-,-,-,-,-,-,-,-,-,-,-,-,-,-,-,-,-,-,-,628,-,-,-,-,-,-,-,-,-,-
632,-,-,-,237,-,-,-,-,-,-,-,-,-,238,-,-,-,-,-,636,-,-,-,-,-,-,-,-,-,-
633,-,336,-,-,-,-,-,-,-,-,-,-,-,-,-,-,-,-,-,632,-,-,-,-,-,-,-,-,-,-
634,-,-,-,-,-,-,-,-,-,-,-,-,-,-,-,-,-,-,-,632,-,-,-,-,-,-,-,-,-,-
635,-,-,-,-,-,-,-,-,-,-,-,-,-,-,-,-,-,-,-,639,-,-,-,-,-,-,-,-,-,-
636,-,-,-,-,-,-,-,-,638,-,-,-,637,-,-,-,-,-,-,-,-,-,-,-,-,-,-,-,-,-
637,-,-,-,-,-,-,-,-,-,-,-,-,-,-,-,-,-,-,-,636,-,-,-,-,-,-,-,-,-,-
638,-,-,-,-,-,-,-,-,-,-,-,-,-,-,-,-,-,-,-,635,-,-,-,-,-,-,-,-,-,-
639,-,-,-,-,-,-,-,-,-,-,-,-,-,-,-,-,-,-,-,627,-,-,-,-,-,-,-,-,-,-
641,-,-,-,-,-,-,-,-,-,-,-,-,-,-,-,-,-,-,-,640,-,-,-,-,-,-,-,-,-,-
642,-,-,-,-,-,-,-,-,-,-,-,-,-,-,-,-,-,-,-,640,-,-,-,-,-,-,-,-,-,-
643,-,-,-,-,-,-,-,-,-,-,-,-,-,-,-,-,-,-,-,656,-,-,-,-,-,-,-,-,-,-
644,-,-,-,-,-,-,-,-,-,-,-,-,-,-,-,-,-,-,-,655,-,-,-,-,-,-,-,-,-,-
645,-,-,-,-,-,-,-,-,647,-,-,-,-,-,-,-,-,-,-,-,-,-,-,-,-,-,-,-,-,-
646,-,-,-,-,-,-,-,-,-,-,-,-,-,-,-,-,-,-,-,645,-,-,-,-,-,-,-,-,-,-
647,-,-,-,-,-,-,-,-,-,-,-,-,-,-,-,-,-,-,-,644,-,-,-,-,-,-,-,-,-,-
648,-,-,-,-,-,-,-,-,-,-,-,-,-,-,-,-,-,-,-,652,-,-,-,-,-,-,-,-,-,-
649,-,-,-,-,-,-,-,-,-,-,-,-,-,-,-,-,-,-,-,648,-,-,-,-,-,-,-,-,-,-
650,-,-,-,-,-,-,-,-,-,-,-,-,-,-,-,-,-,-,-,648,-,-,-,-,-,-,-,-,-,-
651,-,-,-,-,-,-,-,-,-,-,-,-,-,-,-,-,-,-,-,655,-,-,-,-,-,-,-,-,-,-
652,-,-,-,257,-,-,-,-,654,-,-,-,-,258,-,-,-,-,-,-,-,-,-,-,-,-,-,-,-,-
653,-,-,-,-,-,-,-,-,-,-,-,-,-,-,-,-,-,-,-,652,-,-,-,-,-,-,-,-,-,-
654,-,-,-,-,-,-,-,-,-,-,-,-,-,-,-,-,-,-,-,651,-,-,-,-,-,-,-,-,-,-
655,-,-,-,-,-,-,-,-,-,-,-,-,-,-,-,-,-,-,-,643,-,-,-,-,-,-,-,-,-,-
656,-,-,-,-,-,-,-,-,-,-,-,-,-,-,-,-,-,-,-,626,-,-,-,-,-,-,-,-,-,-
657,-,-,-,-,-,-,-,-,-,-,-,-,-,-,-,-,-,-,-,503,-,-,-,-,-,-,-,-,-,-
658,-,-,-,-,-,-,-,-,-,-,-,-,-,-,-,-,-,-,-,346,-,-,-,-,-,-,-,-,-,-
659,-,-,-,-,-,-,-,-,-,-,-,-,-,-,-,-,-,-,-,334,-,-,-,-,-,-,-,-,-,-
660,-,-,-,-,-,-,-,-,-,-,-,-,-,-,-,-,-,-,-,331,-,-,-,-,-,-,-,-,-,-
662,-,-,-,-,-,-,-,-,-,-,-,-,-,-,-,-,-,-,-,661,-,-,-,-,-,-,-,-,-,-
663,-,-,367,-,-,-,-,-,-,-,-,-,368,-,-,-,-,-,-,662,-,-,-,-,-,-,-,-,-,-
664,-,-,-,-,-,-,-,-,-,-,-,-,-,-,-,-,-,-,-,662,-,-,-,-,-,-,-,-,-,-
665,-,-,-,-,-,-,-,-,-,-,-,-,-,-,-,-,-,-,-,661,-,-,-,-,-,-,-,-,-,-
666,-,-,-,-,-,-,-,-,-,-,-,-,-,-,-,-,-,-,-,665,-,-,-,-,-,-,-,-,-,-
667,-,-,-,-,-,-,-,-,-,-,-,-,-,-,-,-,-,-,-,665,-,-,-,-,-,-,-,-,-,-
668,-,-,-,-,-,-,-,-,-,-,-,-,-,-,-,-,-,-,-,661,-,-,-,-,-,-,-,-,-,-
669,-,-,-,-,-,-,-,-,-,-,-,-,-,-,-,-,-,-,-,661,-,-,-,-,-,-,-,-,-,-
671,-,-,-,-,-,-,-,-,-,-,-,-,177,-,-,-,-,-,-,-,-,-,-,-,-,-,-,-,-,-
672,-,-,-,-,-,-,-,-,-,-,-,-,277,-,-,-,-,-,-,-,-,-,-,-,-,-,-,-,-,-
674,-,-,-,477,-,-,-,-,-,-,-,-,-,478,-,-,-,-,-,-,-,-,-,-,-,-,-,-,-,-
693,-,-,-,-,-,-,-,-,-,-,-,-,397,-,-,-,-,-,-,-,-,-,-,-,-,-,-,-,-,-
694,-,-,-,-,-,-,-,-,-,-,-,-,497,-,-,-,-,-,-,-,-,-,-,-,-,-,-,-,-,-
704,-,-,408,-,-,-,-,-,-,-,-,-,409,-,-,-,-,-,-,-,-,-,-,-,-,-,-,-,-,-
706,-,-,-,608,-,-,-,-,-,-,-,-,-,609,-,-,-,-,-,-,-,-,-,-,-,-,-,-,-,-
712,-,-,-,-,-,-,-,-,-,-,-,-,218,-,-,-,-,-,-,-,-,-,-,-,-,-,-,-,-,-
713,-,-,-,-,-,-,-,-,-,-,-,-,318,-,-,-,-,-,-,-,-,-,-,-,-,-,-,-,-,-
725,-,-,-,-,-,-,-,-,-,-,-,-,528,-,-,-,-,-,-,-,-,-,-,-,-,-,-,-,-,-
742,-,-,-,-,-,-,-,-,-,-,-,248,-,-,-,-,-,-,-,-,-,-,-,-,-,-,-,-,-,-
751,-,-,-,158,-,-,-,-,-,-,-,-,-,159,-,-,-,-,-,-,-,-,-,-,-,-,-,-,-,-
761,-,-,-,-,-,-,-,-,-,-,-,-,-,-,-,-,-,-,-,-,-,167,-,-,-,-,-,-,-,-
781,-,-,188,-,-,-,-,-,-,-,-,-,189,-,-,-,-,-,-,-,-,-,-,-,-,-,-,-,-,-
792,-,-,-,298,-,-,-,-,-,-,-,-,-,299,-,-,-,-,-,-,-,-,-,-,-,-,-,-,-,-
801,-,-,109,-,-,-,-,-,-,-,-,-,110,-,-,-,-,-,-,-,-,-,-,-,-,-,-,-,-,-
805,-,-,-,-,-,-,-,541,-,-,-,-,-,-,546,542,-,548,-,-,-,-,545,547,-,-,-,543,544,-
815,-,-,-,-,-,-,-,-,-,-,-,-,519,-,-,-,-,-,-,-,-,-,-,-,-,-,-,-,-,-
822,-,-,229,-,-,-,-,-,-,-,-,-,230,-,-,-,-,-,-,-,-,-,-,-,-,-,-,-,-,-
831,-,-,-,-,-,-,-,-,-,-,-,-,139,-,-,-,-,-,-,-,-,-,-,-,-,-,-,-,-,-
844,-,-,-,-,-,-,-,-,-,-,-,-,449,-,-,-,-,-,-,-,-,-,-,-,-,-,-,-,-,-
846,-,-,-,649,-,-,-,-,-,-,-,-,-,650,-,-,-,-,-,-,-,-,-,-,-,-,-,-,-,-
853,-,-,-,359,-,-,-,-,-,-,-,-,-,360,-,-,-,-,-,-,-,-,-,-,-,-,-,-,-,-
865,-,-,-,-,-,-,-,-,-,-,-,-,569,-,-,-,-,-,-,-,-,-,-,-,-,-,-,-,-,-
873,-,-,-,-,-,-,-,-,-,-,-,-,379,-,-,-,-,-,-,-,-,-,-,-,-,-,-,-,-,-
885,-,-,-,-,-,-,-,-,-,-,-,-,589,-,-,-,-,-,-,-,-,-,-,-,-,-,-,-,-,-
914,-,-,-,-,-,-,-,-,-,-,-,-,420,-,-,-,-,-,-,-,-,-,-,-,-,-,-,-,-,-
923,-,-,-,-,-,-,-,-,-,-,-,-,-,-,-,-,-,-,-,-,-,-,-,-,-,-,-,-,-,330
924,-,-,-,-,-,-,-,462,-,-,-,-,-,-,467,463,-,469,-,-,-,-,466,468,-,-,-,464,465,-
926,-,-,-,-,-,-,-,-,-,-,-,-,630,-,-,-,-,-,-,-,-,-,-,-,-,-,-,-,-,-
933,-,-,-,-,-,-,-,345,-,-,-,-,-,-,-,-,-,-,-,-,-,-,-,-,-,-,-,-,-,-
934,-,-,-,-,-,-,-,-,-,-,-,-,440,-,-,-,-,-,-,-,-,-,-,-,-,-,-,-,-,-
941,-,-,150,-,-,-,-,-,-,-,-,-,151,-,-,-,-,-,-,-,-,-,-,-,-,-,-,-,-,-
943,-,-,-,-,-,-,-,-,-,-,-,350,-,-,-,-,-,-,-,-,-,-,-,-,-,-,-,-,-,-
955,-,-,-,-,-,-,-,-,-,-,-,-,560,-,-,-,-,-,-,-,-,-,-,-,-,-,-,-,-,-
962,-,-,-,-,-,-,-,-,-,-,-,-,270,-,-,-,-,-,-,-,-,-,-,-,-,-,-,-,-,-
971,-,-,-,180,-,-,-,-,-,-,-,-,-,181,-,-,-,-,-,-,-,-,-,-,-,-,-,-,-,-
984,-,-,-,-,-,-,-,-,-,-,-,-,490,-,-,-,-,-,-,-,-,-,-,-,-,-,-,-,-,-
991,-,-,-,-,-,-,-,-,-,-,-,-,200,-,-,-,-,-,-,-,-,-,-,-,-,-,-,-,-,-
993,-,-,-,400,-,-,-,-,-,-,-,-,-,401,-,-,-,-,-,-,-,-,-,-,-,-,-,-,-,-
995,-,-,600,-,-,-,-,-,-,-,-,-,601,-,-,-,-,-,-,-,-,-,-,-,-,-,-,-,-,-
