[,+,*,>=,),!,#,factor,],IntegerNumber,(,true,Identifier,=,==,Character,false,&,-,>,ConstantString,<,|,!=,/,<=,",",e,FloatNumber,Function
0,-,-,-,-,-,-,-,-,-,-,-,[668],[326],-,-,[667],[669],-,-,-,-,-,-,-,-,-,-,-,-,[332]
1,-,-,-,-,-,-,-,-,-,[4],-,-,-,-,-,-,-,-,-,-,-,-,-,-,-,-,-,[3],-,-
2,-,-,-,-,[324],-,-,-,-,-,-,-,-,-,-,-,-,-,[21],-,-,-,-,-,-,-,-,-,-,-
3,-,-,-,-,-,-,-,-,-,"[29, 44]",-,-,[5],-,-,-,-,-,-,-,-,-,-,-,-,-,-,"[14, 304]",-,-
4,-,-,"[42, 402]",-,-,-,-,-,-,-,-,-,-,[10],-,-,-,-,-,-,-,-,-,-,"[43, 403]",-,-,-,-,-
5,[7],-,-,-,-,-,-,-,-,-,-,-,-,-,-,-,-,-,[501],-,-,-,-,-,-,-,-,[6],-,-
6,-,-,-,-,-,-,-,-,-,[63],-,-,-,-,-,-,-,-,-,-,[66],-,-,-,-,-,-,[4],[64],-
8,-,-,-,-,-,-,-,-,[9],-,-,-,-,-,-,-,-,-,-,-,-,-,-,-,-,-,-,-,-,-
9,-,-,-,-,-,-,-,-,-,-,-,-,-,-,-,-,-,-,-,-,-,-,-,-,-,-,-,"[6, 92]",-,-
10,-,-,-,-,-,-,-,-,-,-,-,-,-,-,-,-,-,-,-,-,-,-,-,-,-,-,-,[3],-,-
11,-,-,-,-,-,-,-,-,-,-,-,-,-,-,-,-,-,-,-,-,-,-,-,-,-,-,-,"[2, 115]",-,-
12,-,-,-,-,-,-,-,-,-,-,-,-,-,-,-,-,-,-,-,-,-,-,-,-,-,-,-,[167],-,-
13,-,-,-,-,-,-,-,-,-,-,-,-,-,-,-,-,-,-,-,-,-,-,-,-,-,-,-,[89],-,-
14,-,-,-,-,-,[15],-,-,-,-,-,-,-,-,-,-,-,-,-,-,-,-,-,-,-,-,-,[20],-,-
15,-,[152],-,-,-,-,-,-,-,-,-,-,-,-,-,-,-,-,[153],-,-,-,-,-,-,-,-,[14],-,-
16,-,-,-,-,-,-,-,-,-,-,-,-,-,-,-,-,-,-,-,-,-,-,-,-,-,-,-,"[13, 164]",-,-
17,-,-,-,[52],-,-,[57],-,-,-,-,-,-,[50],[55],-,-,-,-,[51],-,[53],-,[56],-,[54],-,[48],-,-
18,-,-,[182],-,-,-,-,-,-,-,-,-,-,-,-,-,-,-,-,-,-,-,-,-,[183],-,-,[31],-,-
19,-,-,-,-,-,-,-,-,-,-,-,-,-,-,-,-,-,-,-,-,-,-,-,-,-,-,-,[23],-,-
20,-,-,-,-,-,-,-,[22],-,-,-,-,-,-,-,-,-,-,-,-,-,-,-,-,-,-,-,-,-,-
21,-,-,-,-,-,-,-,-,-,-,-,-,-,-,-,-,-,-,-,-,-,-,-,-,-,-,-,[20],-,-
22,-,-,-,-,-,-,-,-,-,-,-,-,-,-,-,-,-,-,-,-,-,-,-,-,-,-,-,[19],-,-
23,-,-,[25],-,-,-,-,-,-,-,-,-,-,-,-,-,-,-,-,-,-,-,-,-,[26],-,-,"[18, 235]",-,-
24,-,-,-,-,-,-,-,-,-,-,-,-,-,-,-,-,-,-,-,-,-,-,-,-,-,-,-,[28],-,-
25,-,-,-,-,-,-,-,-,-,-,-,-,-,-,-,-,-,-,-,-,-,-,-,-,-,-,-,[24],-,-
26,-,-,-,-,-,-,-,-,-,-,-,-,-,-,-,-,-,-,-,-,-,-,-,-,-,-,-,[24],-,-
27,-,-,-,-,-,-,-,-,-,-,-,-,-,-,-,-,-,-,-,-,-,-,-,-,-,-,-,[23],-,-
28,-,-,-,-,-,-,-,[30],-,-,-,-,-,-,-,-,-,-,"[29, 281]",-,-,-,-,-,-,-,-,-,-,-
29,-,-,-,-,-,-,-,-,-,-,-,-,-,-,-,-,-,-,-,-,-,-,-,-,-,-,-,[28],-,-
30,-,-,-,-,-,-,-,-,-,-,-,-,-,-,-,-,-,-,-,-,-,-,-,-,-,-,-,[27],-,-
31,-,[33],-,-,-,-,-,-,-,-,-,-,-,-,-,-,-,-,[34],-,-,-,-,-,-,-,-,[17],-,-
32,-,-,-,-,-,-,-,-,-,-,-,-,-,-,-,-,-,-,-,-,-,-,-,-,-,-,-,[37],-,-
33,-,-,-,-,-,-,-,-,-,-,-,-,-,-,-,-,-,-,-,-,-,-,-,-,-,-,-,[32],-,-
34,-,-,-,-,-,-,-,-,-,-,-,-,-,[346],-,-,-,-,-,-,-,-,-,-,-,-,-,[32],-,-
35,-,-,-,-,-,[351],-,-,-,-,-,-,-,-,-,-,-,-,-,-,-,-,-,-,-,-,-,"[31, 356]",-,-
36,-,-,-,-,-,-,-,-,-,-,-,-,-,-,-,-,-,-,-,-,-,-,-,-,-,-,-,"[40, 364]",-,-
37,-,-,-,-,-,-,-,[39],-,-,-,-,-,-,-,-,-,-,[38],-,-,-,-,-,-,-,-,-,-,-
38,-,-,-,-,-,-,-,-,-,-,-,-,-,-,-,-,-,-,-,-,-,-,-,-,-,-,-,[37],-,-
39,-,-,-,-,-,-,-,-,-,-,-,-,-,-,-,-,-,-,-,-,-,-,-,-,-,-,-,[36],-,-
40,-,-,-,-,-,-,-,-,-,-,-,-,-,-,-,-,-,-,-,-,-,-,-,-,-,-,-,[35],-,-
41,-,-,-,-,-,-,-,-,-,-,-,-,-,-,-,-,-,-,-,-,-,-,-,-,-,-,-,[45],-,-
42,-,-,-,-,-,-,-,-,-,-,-,-,-,-,-,-,-,-,-,-,-,-,-,-,-,-,-,[41],-,-
43,-,-,-,-,-,-,-,-,-,-,-,-,-,-,-,-,-,-,-,-,-,-,-,-,-,-,-,[41],-,-
44,-,-,-,-,-,-,-,-,-,-,-,-,-,-,-,-,-,-,-,-,-,-,-,-,-,-,-,[40],-,-
45,-,-,-,-,-,-,-,[47],-,-,-,-,-,-,-,-,-,-,[46],-,-,-,-,-,-,-,-,-,-,-
46,-,-,-,-,-,-,-,-,-,-,-,-,-,-,-,-,-,-,-,-,-,-,-,-,-,-,-,[45],-,-
47,-,-,-,-,-,-,-,-,-,-,-,-,-,-,-,-,-,-,-,-,-,-,-,-,-,-,-,[44],-,-
48,-,-,-,-,-,-,-,-,-,-,-,-,-,-,-,-,-,-,-,-,-,-,-,-,-,-,-,[16],-,-
49,-,-,-,-,-,-,-,-,-,-,-,-,-,-,-,-,-,-,-,-,-,-,-,-,-,-,-,[61],-,-
50,-,-,-,-,-,-,-,-,-,-,-,-,-,-,-,-,-,-,-,-,-,-,-,-,-,-,-,[49],-,-
51,-,-,-,[545],-,-,[550],-,-,-,-,-,-,[543],[548],-,-,-,-,[544],-,[546],-,[549],-,[547],-,[49],-,-
52,-,-,-,-,-,-,-,-,-,-,-,-,-,-,-,-,-,-,-,-,-,-,-,-,-,-,-,[49],-,-
53,-,-,-,-,-,-,-,-,-,-,-,-,-,-,-,-,-,-,[531],-,-,-,-,-,-,-,-,[49],-,-
54,-,-,-,-,-,-,-,-,-,-,-,-,-,-,-,-,-,-,-,-,-,-,-,-,-,-,-,[49],-,-
55,-,-,-,-,-,-,-,-,-,-,-,-,-,-,-,-,-,-,-,-,-,-,-,-,-,-,-,[49],-,-
56,-,-,-,-,-,-,-,-,-,-,-,-,-,-,-,-,-,-,-,-,-,-,-,-,-,-,-,[49],-,-
57,-,-,-,-,-,-,-,-,-,-,-,-,-,-,-,-,-,-,-,-,-,-,-,-,-,-,-,[49],-,-
58,-,-,-,-,-,-,-,-,-,-,-,-,-,-,-,-,-,-,-,-,-,-,-,-,-,-,-,[48],-,-
59,-,-,-,-,-,-,-,-,-,-,-,-,-,-,-,-,-,-,-,-,-,-,-,-,-,-,-,[72],-,-
60,-,-,-,-,-,-,-,-,-,-,-,-,-,-,-,-,-,-,-,-,-,-,-,-,-,-,-,[64],-,-
61,-,-,-,-,-,-,-,[63],-,-,-,-,-,-,-,-,-,-,[62],-,-,-,-,-,-,-,-,-,-,-
62,-,-,-,-,-,-,-,-,-,-,-,-,-,-,-,-,-,-,-,-,-,-,-,-,-,-,-,"[61, 632]",-,-
63,-,-,-,-,-,-,-,-,-,-,-,-,-,-,-,-,-,-,-,-,-,-,-,-,-,-,-,[60],-,-
64,-,-,[66],-,-,-,-,-,-,-,-,-,-,-,-,-,-,-,[641],-,-,-,-,-,[67],-,-,[59],-,-
65,-,-,-,-,-,-,-,-,-,-,-,-,-,-,-,-,-,-,-,-,-,-,-,-,-,-,-,[69],-,-
66,-,-,-,-,-,-,-,-,-,-,-,-,-,-,-,-,-,-,-,-,-,-,-,-,-,-,-,[65],-,-
67,-,-,-,-,-,-,-,-,-,-,-,-,-,-,-,-,-,-,-,-,-,-,-,-,-,-,-,[65],-,-
68,-,-,-,-,-,-,-,-,-,-,-,-,-,-,-,-,-,-,-,-,-,-,-,-,-,-,-,[64],-,-
69,-,-,-,-,-,-,-,[71],-,-,-,-,-,-,-,-,-,-,[70],-,-,-,-,-,-,-,-,-,-,-
70,-,-,-,-,-,-,-,-,-,-,-,-,-,-,-,-,-,-,-,-,-,-,-,-,-,-,-,[69],-,-
71,-,-,-,-,-,-,-,-,-,-,-,-,-,-,-,-,-,-,-,-,-,-,-,-,-,-,-,[68],-,-
72,-,[74],-,-,-,-,-,-,-,-,-,-,-,-,-,-,-,-,[75],-,-,-,-,-,-,-,-,[58],-,-
73,-,-,-,-,-,-,-,-,-,-,-,-,-,-,-,-,-,-,-,-,-,-,-,-,-,-,-,[78],-,-
74,-,-,-,-,-,-,-,-,-,-,-,-,-,-,-,-,-,-,-,-,-,-,-,-,-,-,-,[73],-,-
75,-,-,-,-,-,-,-,-,-,-,-,-,-,-,-,-,-,-,-,-,-,-,-,-,-,-,-,[73],-,-
76,-,-,-,-,-,-,-,-,-,-,-,-,-,-,-,-,-,-,-,-,-,-,-,-,-,-,-,[72],-,-
77,-,-,-,-,-,-,-,-,-,-,-,-,-,-,-,-,-,-,-,-,-,-,-,-,-,-,-,[81],-,-
78,-,-,-,-,-,-,-,[80],-,-,-,-,-,-,-,-,-,-,[79],-,-,-,-,-,-,-,-,-,-,-
79,-,-,-,-,-,-,-,-,-,-,-,-,-,-,-,-,-,-,-,-,-,-,-,-,-,-,-,[78],-,-
80,-,-,-,-,-,-,-,-,-,-,-,-,-,-,-,-,-,-,-,-,-,-,-,-,-,-,-,[77],-,-
81,-,-,[83],-,-,-,-,-,-,-,-,-,-,-,-,-,-,-,-,-,-,-,-,-,[84],-,-,[76],-,-
82,-,-,-,-,-,-,-,-,-,-,-,-,-,-,-,-,-,-,-,-,-,-,-,-,-,-,-,[86],-,-
83,-,-,-,-,-,-,-,-,-,-,-,-,-,-,-,-,-,-,-,-,-,-,-,-,-,-,-,[82],-,-
84,-,-,-,-,-,-,-,-,-,-,-,-,-,-,-,-,-,-,-,-,-,-,-,-,-,-,-,[82],-,-
85,-,-,-,-,-,-,-,-,-,-,-,-,-,-,-,-,-,-,-,-,-,-,-,-,-,-,-,[81],-,-
86,-,-,-,-,-,-,-,[88],-,-,-,-,-,-,-,-,-,-,[87],-,-,-,-,-,-,-,-,-,-,-
87,-,-,-,-,-,-,-,-,-,-,-,-,-,-,-,-,-,-,-,-,-,-,-,-,-,-,-,[86],-,-
88,-,-,-,-,-,-,-,-,-,-,-,-,-,-,-,-,-,-,-,-,-,-,-,-,-,-,-,[85],-,-
89,-,-,-,-,-,-,-,-,-,-,-,-,-,-,-,-,-,[90],-,-,-,-,-,-,-,-,-,[12],-,-
91,-,-,-,-,-,-,-,-,-,-,-,-,-,-,-,-,-,-,-,-,-,-,-,-,-,-,-,[89],-,-
92,-,-,-,-,-,[93],-,-,-,-,-,-,-,-,-,-,-,-,-,-,-,-,-,-,-,-,-,[98],-,-
93,-,-,-,-,-,-,-,-,-,-,-,-,-,-,-,-,-,-,-,-,-,-,-,-,-,-,-,[92],-,-
94,-,-,-,-,-,-,-,-,-,-,-,-,-,-,-,-,-,-,-,-,-,-,-,-,-,-,-,[91],-,-
95,-,-,-,[130],-,-,[135],-,-,-,-,-,-,[128],[133],-,-,-,-,[129],-,[131],-,[134],-,[132],-,[126],-,-
96,-,-,-,-,-,-,-,-,-,-,-,-,-,-,-,-,-,-,-,-,-,-,-,-,-,-,-,[109],-,-
97,-,-,-,-,-,-,-,-,-,-,-,-,-,-,-,-,-,-,-,-,-,-,-,-,-,-,-,[101],-,-
98,-,-,-,-,-,-,-,[100],-,-,-,-,-,-,-,-,-,-,[99],-,-,-,-,-,-,-,-,-,-,-
99,-,-,-,-,-,-,-,-,-,-,-,-,-,-,-,-,-,-,-,-,-,-,-,-,-,-,-,[98],-,-
100,-,-,-,-,-,-,-,-,-,-,-,-,-,-,-,-,-,-,-,-,-,-,-,-,-,-,-,[97],-,-
101,-,-,[103],-,-,-,-,-,-,-,-,-,-,-,-,-,-,-,-,-,-,-,-,-,[104],-,-,[96],-,-
102,-,-,-,-,-,-,-,-,-,-,-,-,-,-,-,-,-,-,-,-,-,-,-,-,-,-,-,[106],-,-
103,-,-,-,-,-,-,-,-,-,-,-,-,-,-,-,-,-,-,-,-,-,-,-,-,-,-,-,[102],-,-
104,-,-,-,-,-,-,-,-,-,-,-,-,-,-,-,-,-,-,-,-,-,-,-,-,-,-,-,[102],-,-
105,-,-,-,-,-,-,-,-,-,-,-,-,-,-,-,-,-,-,-,-,-,-,-,-,-,-,-,[101],-,-
106,-,-,-,-,-,-,-,[108],-,-,-,-,-,-,-,-,-,-,[107],-,-,-,-,-,-,-,-,-,-,-
107,-,-,-,-,-,-,-,-,-,-,-,-,-,-,-,-,-,-,-,-,-,-,-,-,-,-,-,[106],-,-
108,-,-,-,-,-,-,-,-,-,-,-,-,-,-,-,-,-,-,-,-,-,-,-,-,-,-,-,[105],-,-
109,-,[111],-,-,-,-,-,-,-,-,-,-,-,-,-,-,-,-,[112],-,-,-,-,-,-,-,-,[95],-,-
111,-,-,-,-,-,-,-,-,-,-,-,-,-,-,-,-,-,-,-,-,-,-,-,-,-,-,-,[110],-,-
112,-,-,-,-,-,-,-,-,-,-,-,-,-,-,-,-,-,-,-,-,-,-,-,-,-,-,-,[110],-,-
113,-,-,-,-,-,-,-,-,-,-,-,-,-,-,-,-,-,-,-,-,-,-,-,-,-,-,-,[109],-,-
114,-,-,-,-,-,-,-,-,-,-,-,-,-,-,-,-,-,-,-,-,-,-,-,-,-,-,-,[118],-,-
115,-,-,-,-,-,-,-,[117],-,-,-,-,-,-,-,-,-,-,[116],-,-,-,-,-,-,-,-,-,-,-
116,-,-,-,-,-,-,-,-,-,-,-,-,-,-,-,-,-,-,-,-,-,-,-,-,-,-,-,[115],-,-
117,-,-,-,-,-,-,-,-,-,-,-,-,-,-,-,-,-,-,-,-,-,-,-,-,-,-,-,[114],-,-
118,-,-,[120],-,-,-,-,-,-,-,-,-,-,-,-,-,-,-,-,-,-,-,-,-,[121],-,-,[113],-,-
119,-,-,-,-,-,-,-,-,-,-,-,-,-,-,-,-,-,-,-,-,-,-,-,-,-,-,-,[123],-,-
120,-,-,-,-,-,-,-,-,-,-,-,-,-,-,-,-,-,-,-,-,-,-,-,-,-,-,-,[119],-,-
121,-,-,-,-,-,-,-,-,-,-,-,-,-,-,-,-,-,-,-,-,-,-,-,-,-,-,-,[119],-,-
122,-,-,-,-,-,-,-,-,-,-,-,-,-,-,-,-,-,-,-,-,-,-,-,-,-,-,-,[118],-,-
123,-,-,-,-,-,-,-,[125],-,-,-,-,-,-,-,-,-,-,[124],-,-,-,-,-,-,-,-,-,-,-
124,-,-,-,-,-,-,-,-,-,-,-,-,-,-,-,-,-,-,-,-,-,-,-,-,-,-,-,[123],-,-
125,-,-,-,-,-,-,-,-,-,-,-,-,-,-,-,-,-,-,-,-,-,-,-,-,-,-,-,[122],-,-
126,-,-,-,-,-,-,-,-,-,-,-,-,-,-,-,-,-,-,-,-,-,-,-,-,-,-,-,[94],-,-
127,-,-,-,-,-,-,-,-,-,-,-,-,-,-,-,-,-,-,-,-,-,-,-,-,-,-,-,[139],-,-
128,-,-,-,-,-,-,-,-,-,-,-,-,-,-,-,-,-,-,-,-,-,-,-,-,-,-,-,[127],-,-
129,-,-,-,-,-,-,-,-,-,-,-,-,-,-,-,-,-,-,-,-,-,-,-,-,-,-,-,[127],-,-
130,-,-,-,-,-,-,-,-,-,-,-,-,-,-,-,-,-,-,-,-,-,-,-,-,-,-,-,[127],-,-
131,-,-,-,-,-,-,-,-,-,-,-,-,-,-,-,-,-,-,-,-,-,-,-,-,-,-,-,[127],-,-
132,-,-,-,-,-,-,-,-,-,-,-,-,-,-,-,-,-,-,-,-,-,-,-,-,-,-,-,[127],-,-
133,-,-,-,-,-,-,-,-,-,-,-,-,-,-,-,-,-,-,-,-,-,-,-,-,-,-,-,[127],-,-
134,-,-,-,-,-,-,-,-,-,-,-,-,-,-,-,-,-,-,-,-,-,-,-,-,-,-,-,[127],-,-
135,-,-,-,-,-,-,-,-,-,-,-,-,-,-,-,-,-,-,-,-,-,-,-,-,-,-,-,[127],-,-
136,-,-,-,-,-,-,-,-,-,-,-,-,-,-,-,-,-,-,-,-,-,-,-,-,-,-,-,[126],-,-
137,-,-,-,-,-,-,-,-,-,-,-,-,-,-,-,-,-,-,-,-,-,-,-,-,-,-,-,[150],-,-
138,-,-,-,-,-,-,-,-,-,-,-,-,-,-,-,-,-,-,-,-,-,-,-,-,-,-,-,[142],-,-
139,-,-,-,-,-,-,-,[141],-,-,-,-,-,-,-,-,-,-,[140],-,-,-,-,-,-,-,-,-,-,-
140,-,-,-,-,-,-,-,-,-,-,-,-,-,-,-,-,-,-,-,-,-,-,-,-,-,-,-,[139],-,-
141,-,-,-,-,-,-,-,-,-,-,-,-,-,-,-,-,-,-,-,-,-,-,-,-,-,-,-,[138],-,-
142,-,-,[144],-,-,-,-,-,-,-,-,-,-,-,-,-,-,-,-,-,-,-,-,-,[145],-,-,[137],-,-
143,-,-,-,-,-,-,-,-,-,-,-,-,-,-,-,-,-,-,-,-,-,-,-,-,-,-,-,[147],-,-
144,-,-,-,-,-,-,-,-,-,-,-,-,-,-,-,-,-,-,-,-,-,-,-,-,-,-,-,[143],-,-
145,-,-,-,-,-,-,-,-,-,-,-,-,-,-,-,-,-,-,-,-,-,-,-,-,-,-,-,[143],-,-
146,-,-,-,-,-,-,-,-,-,-,-,-,-,-,-,-,-,-,-,-,-,-,-,-,-,-,-,[142],-,-
147,-,-,-,-,-,-,-,[149],-,-,-,-,-,-,-,-,-,-,[148],-,-,-,-,-,-,-,-,-,-,-
148,-,-,-,-,-,-,-,-,-,-,-,-,-,-,-,-,-,-,-,-,-,-,-,-,-,-,-,[147],-,-
149,-,-,-,-,-,-,-,-,-,-,-,-,-,-,-,-,-,-,-,-,-,-,-,-,-,-,-,[146],-,-
150,-,-,-,-,-,-,-,-,-,-,-,-,-,-,-,-,-,-,-,-,-,-,-,-,-,-,-,[136],-,-
151,-,-,-,-,-,-,-,-,-,-,-,-,-,-,-,-,-,-,-,-,-,-,-,-,-,-,-,[156],-,-
152,-,-,-,-,-,-,-,-,-,-,-,-,-,-,-,-,-,-,-,-,-,-,-,-,-,-,-,[151],-,-
153,-,-,-,-,-,-,-,-,-,-,-,-,-,-,-,-,-,-,-,-,-,-,-,-,-,-,-,[151],-,-
154,-,-,-,-,-,-,-,-,-,-,-,-,-,-,-,-,-,-,-,-,-,-,-,-,-,-,-,[150],-,-
155,-,-,-,-,-,-,-,-,-,-,-,-,-,-,-,-,-,-,-,-,-,-,-,-,-,-,-,[159],-,-
156,-,-,-,-,-,-,-,[158],-,-,-,-,-,-,-,-,-,-,[157],-,-,-,-,-,-,-,-,-,-,-
157,-,-,-,-,-,-,-,-,-,-,-,-,-,-,-,-,-,-,-,-,-,-,-,-,-,-,-,[156],-,-
158,-,-,-,-,-,-,-,-,-,-,-,-,-,-,-,-,-,-,-,-,-,-,-,-,-,-,-,[155],-,-
159,-,-,[161],-,-,-,-,-,-,-,-,-,-,-,-,-,-,-,-,-,-,-,-,-,[162],-,-,[154],-,-
161,-,-,-,-,-,-,-,-,-,-,-,-,-,-,-,-,-,-,-,-,-,-,-,-,-,-,-,[160],-,-
162,-,-,-,-,-,-,-,-,-,-,-,-,-,-,-,-,-,-,-,-,-,-,-,-,-,-,-,[160],-,-
163,-,-,-,-,-,-,-,-,-,-,-,-,-,-,-,-,-,-,-,-,-,-,-,-,-,-,-,[159],-,-
164,-,-,-,-,-,-,-,[166],-,-,-,-,-,-,-,-,-,-,[165],-,-,-,-,-,-,-,-,-,-,-
165,-,-,-,-,-,-,-,-,-,-,-,-,-,-,-,-,-,-,-,-,-,-,-,-,-,-,-,[164],-,-
166,-,-,-,-,-,-,-,-,-,-,-,-,-,-,-,-,-,-,-,-,-,-,-,-,-,-,-,[163],-,-
167,-,-,-,-,-,-,-,-,-,-,-,-,-,-,-,-,-,-,-,-,-,-,[168],-,-,-,-,[11],-,-
168,-,-,-,-,-,-,-,-,-,-,-,-,-,-,-,-,-,-,-,-,-,-,-,-,-,-,-,[171],-,-
169,-,-,-,-,-,-,-,-,-,-,-,-,-,-,-,-,-,-,-,-,-,-,-,-,-,-,-,[167],-,-
170,-,-,-,-,-,-,-,-,-,-,-,-,-,-,-,-,-,-,-,-,-,-,-,-,-,-,-,[246],-,-
171,-,-,-,-,-,[172],-,-,-,-,-,-,-,-,-,-,-,-,-,-,-,-,-,-,-,-,-,[177],-,-
172,-,-,-,-,-,-,-,-,-,-,-,-,-,-,-,-,-,-,-,-,-,-,-,-,-,-,-,[171],-,-
173,-,-,-,-,-,-,-,-,-,-,-,-,-,-,-,-,-,-,-,-,-,-,-,-,-,-,-,[170],-,-
174,-,-,-,[209],-,-,[214],-,-,-,-,-,-,[207],[212],-,-,-,-,[208],-,[210],-,[213],-,[211],-,[205],-,-
175,-,-,-,-,-,-,-,-,-,-,-,-,-,-,-,-,-,-,-,-,-,-,-,-,-,-,-,[188],-,-
176,-,-,-,-,-,-,-,-,-,-,-,-,-,-,-,-,-,-,-,-,-,-,-,-,-,-,-,[180],-,-
177,-,-,-,-,-,-,-,[179],-,-,-,-,-,-,-,-,-,-,[178],-,-,-,-,-,-,-,-,-,-,-
178,-,-,-,-,-,-,-,-,-,-,-,-,-,-,-,-,-,-,-,-,-,-,-,-,-,-,-,[177],-,-
179,-,-,-,-,-,-,-,-,-,-,-,-,-,-,-,-,-,-,-,-,-,-,-,-,-,-,-,[176],-,-
180,-,-,-,-,-,-,-,-,-,-,-,-,-,-,-,-,-,-,-,-,-,-,-,-,-,-,-,[175],-,-
181,-,-,-,-,-,-,-,-,-,-,-,-,-,-,-,-,-,-,-,-,-,-,-,-,-,-,-,[185],-,-
182,-,-,-,-,-,-,-,-,-,-,-,-,-,-,-,-,-,-,-,-,-,-,-,-,-,-,-,[181],-,-
183,-,-,-,-,-,-,-,-,-,-,-,-,-,-,-,-,-,-,-,-,-,-,-,-,-,-,-,[181],-,-
184,-,-,-,-,-,-,-,-,-,-,-,-,-,-,-,-,-,-,-,-,-,-,-,-,-,-,-,[180],-,-
185,-,-,-,-,-,-,-,[187],-,-,-,-,-,-,-,-,-,-,[186],-,-,-,-,-,-,-,-,-,-,-
186,-,-,-,-,-,-,-,-,-,-,-,-,-,-,-,-,-,-,-,-,-,-,-,-,-,-,-,[185],-,-
187,-,-,-,-,-,-,-,-,-,-,-,-,-,-,-,-,-,-,-,-,-,-,-,-,-,-,-,[184],-,-
188,-,[190],-,-,-,-,-,-,-,-,-,-,-,-,-,-,-,-,[191],-,-,-,-,-,-,-,-,[174],-,-
189,-,-,-,-,-,-,-,-,-,-,-,-,-,-,-,-,-,-,-,-,-,-,-,-,-,-,-,[194],-,-
190,-,-,-,-,-,-,-,-,-,-,-,-,-,-,-,-,-,-,-,-,-,-,-,-,-,-,-,[189],-,-
191,-,-,-,-,-,-,-,-,-,-,-,-,-,-,-,-,-,-,-,-,-,-,-,-,-,-,-,[189],-,-
192,-,-,-,-,-,-,-,-,-,-,-,-,-,-,-,-,-,-,-,-,-,-,-,-,-,-,-,[188],-,-
193,-,-,-,-,-,-,-,-,-,-,-,-,-,-,-,-,-,-,-,-,-,-,-,-,-,-,-,[197],-,-
194,-,-,-,-,-,-,-,[196],-,-,-,-,-,-,-,-,-,-,[195],-,-,-,-,-,-,-,-,-,-,-
195,-,-,-,-,-,-,-,-,-,-,-,-,-,-,-,-,-,-,-,-,-,-,-,-,-,-,-,[194],-,-
196,-,-,-,-,-,-,-,-,-,-,-,-,-,-,-,-,-,-,-,-,-,-,-,-,-,-,-,[193],-,-
197,-,-,[199],-,-,-,-,-,-,-,-,-,-,-,-,-,-,-,-,-,-,-,-,-,[200],-,-,[192],-,-
198,-,-,-,-,-,-,-,-,-,-,-,-,-,-,-,-,-,-,-,-,-,-,-,-,-,-,-,[202],-,-
199,-,-,-,-,-,-,-,-,-,-,-,-,-,-,-,-,-,-,-,-,-,-,-,-,-,-,-,[198],-,-
200,-,-,-,-,-,-,-,-,-,-,-,-,-,-,-,-,-,-,-,-,-,-,-,-,-,-,-,[198],-,-
201,-,-,-,-,-,-,-,-,-,-,-,-,-,-,-,-,-,-,-,-,-,-,-,-,-,-,-,[197],-,-
202,-,-,-,-,-,-,-,[204],-,-,-,-,-,-,-,-,-,-,[203],-,-,-,-,-,-,-,-,-,-,-
203,-,-,-,-,-,-,-,-,-,-,-,-,-,-,-,-,-,-,-,-,-,-,-,-,-,-,-,[202],-,-
204,-,-,-,-,-,-,-,-,-,-,-,-,-,-,-,-,-,-,-,-,-,-,-,-,-,-,-,[201],-,-
205,-,-,-,-,-,-,-,-,-,-,-,-,-,-,-,-,-,-,-,-,-,-,-,-,-,-,-,[173],-,-
206,-,-,-,-,-,-,-,-,-,-,-,-,-,-,-,-,-,-,-,-,-,-,-,-,-,-,-,[218],-,-
207,-,-,-,-,-,-,-,-,-,-,-,-,-,-,-,-,-,-,-,-,-,-,-,-,-,-,-,[206],-,-
208,-,-,-,-,-,-,-,-,-,-,-,-,-,-,-,-,-,-,-,-,-,-,-,-,-,-,-,[206],-,-
209,-,-,-,-,-,-,-,-,-,-,-,-,-,-,-,-,-,-,-,-,-,-,-,-,-,-,-,[206],-,-
210,-,-,-,-,-,-,-,-,-,-,-,-,-,-,-,-,-,-,-,-,-,-,-,-,-,-,-,[206],-,-
211,-,-,-,-,-,-,-,-,-,-,-,-,-,-,-,-,-,-,-,-,-,-,-,-,-,-,-,[206],-,-
212,-,-,-,-,-,-,-,-,-,-,-,-,-,-,-,-,-,-,-,-,-,-,-,-,-,-,-,[206],-,-
213,-,-,-,-,-,-,-,-,-,-,-,-,-,-,-,-,-,-,-,-,-,-,-,-,-,-,-,[206],-,-
214,-,-,-,-,-,-,-,-,-,-,-,-,-,-,-,-,-,-,-,-,-,-,-,-,-,-,-,[206],-,-
215,-,-,-,-,-,-,-,-,-,-,-,-,-,-,-,-,-,-,-,-,-,-,-,-,-,-,-,[205],-,-
216,-,-,-,-,-,-,-,-,-,-,-,-,-,-,-,-,-,-,-,-,-,-,-,-,-,-,-,[229],-,-
217,-,-,-,-,-,-,-,-,-,-,-,-,-,-,-,-,-,-,-,-,-,-,-,-,-,-,-,[221],-,-
218,-,-,-,-,-,-,-,[220],-,-,-,-,-,-,-,-,-,-,[219],-,-,-,-,-,-,-,-,-,-,-
219,-,-,-,-,-,-,-,-,-,-,-,-,-,-,-,-,-,-,-,-,-,-,-,-,-,-,-,[218],-,-
220,-,-,-,-,-,-,-,-,-,-,-,-,-,-,-,-,-,-,-,-,-,-,-,-,-,-,-,[217],-,-
221,-,-,[223],-,-,-,-,-,-,-,-,-,-,-,-,-,-,-,-,-,-,-,-,-,[224],-,-,[216],-,-
222,-,-,-,-,-,-,-,-,-,-,-,-,-,-,-,-,-,-,-,-,-,-,-,-,-,-,-,[226],-,-
223,-,-,-,-,-,-,-,-,-,-,-,-,-,-,-,-,-,-,-,-,-,-,-,-,-,-,-,[222],-,-
224,-,-,-,-,-,-,-,-,-,-,-,-,-,-,-,-,-,-,-,-,-,-,-,-,-,-,-,[222],-,-
225,-,-,-,-,-,-,-,-,-,-,-,-,-,-,-,-,-,-,-,-,-,-,-,-,-,-,-,[221],-,-
226,-,-,-,-,-,-,-,[228],-,-,-,-,-,-,-,-,-,-,[227],-,-,-,-,-,-,-,-,-,-,-
227,-,-,-,-,-,-,-,-,-,-,-,-,-,-,-,-,-,-,-,-,-,-,-,-,-,-,-,[226],-,-
228,-,-,-,-,-,-,-,-,-,-,-,-,-,-,-,-,-,-,-,-,-,-,-,-,-,-,-,[225],-,-
229,-,[231],-,-,-,-,-,-,-,-,-,-,-,-,-,-,-,-,[232],-,-,-,-,-,-,-,-,[215],-,-
231,-,-,-,-,-,-,-,-,-,-,-,-,-,-,-,-,-,-,-,-,-,-,-,-,-,-,-,[230],-,-
232,-,-,-,-,-,-,-,-,-,-,-,-,-,-,-,-,-,-,-,-,-,-,-,-,-,-,-,[230],-,-
233,-,-,-,-,-,-,-,-,-,-,-,-,-,-,-,-,-,-,-,-,-,-,-,-,-,-,-,[229],-,-
234,-,-,-,-,-,-,-,-,-,-,-,-,-,-,-,-,-,-,-,-,-,-,-,-,-,-,-,[238],-,-
235,-,-,-,-,-,-,-,[237],-,-,-,-,-,-,-,-,-,-,[236],-,-,-,-,-,-,-,-,-,-,-
236,-,-,-,-,-,-,-,-,-,-,-,-,-,-,-,-,-,-,-,-,-,-,-,-,-,-,-,[235],-,-
237,-,-,-,-,-,-,-,-,-,-,-,-,-,-,-,-,-,-,-,-,-,-,-,-,-,-,-,[234],-,-
238,-,-,[240],-,-,-,-,-,-,-,-,-,-,-,-,-,-,-,-,-,-,-,-,-,[241],-,-,[233],-,-
239,-,-,-,-,-,-,-,-,-,-,-,-,-,-,-,-,-,-,-,-,-,-,-,-,-,-,-,[243],-,-
240,-,-,-,-,-,-,-,-,-,-,-,-,-,-,-,-,-,-,-,-,-,-,-,-,-,-,-,[239],-,-
241,-,-,-,-,-,-,-,-,-,-,-,-,-,-,-,-,-,-,-,-,-,-,-,-,-,-,-,[239],-,-
242,-,-,-,-,-,-,-,-,-,-,-,-,-,-,-,-,-,-,-,-,-,-,-,-,-,-,-,[238],-,-
243,-,-,-,-,-,-,-,[245],-,-,-,-,-,-,-,-,-,-,[244],-,-,-,-,-,-,-,-,-,-,-
244,-,-,-,-,-,-,-,-,-,-,-,-,-,-,-,-,-,-,-,-,-,-,-,-,-,-,-,[243],-,-
245,-,-,-,-,-,-,-,-,-,-,-,-,-,-,-,-,-,-,-,-,-,-,-,-,-,-,-,[242],-,-
246,-,-,-,-,-,-,-,-,-,-,-,-,-,-,-,-,-,[247],-,-,-,-,-,-,-,-,-,[169],-,-
247,-,-,-,-,-,-,-,-,-,-,-,-,-,-,-,-,-,-,-,-,-,-,-,-,-,-,-,[249],-,-
248,-,-,-,-,-,-,-,-,-,-,-,-,-,-,-,-,-,-,-,-,-,-,-,-,-,-,-,[246],-,-
249,-,-,-,-,-,[250],-,-,-,-,-,-,-,-,-,-,-,-,-,-,-,-,-,-,-,-,-,[255],-,-
250,-,-,-,-,-,-,-,-,-,-,-,-,-,-,-,-,-,-,-,-,-,-,-,-,-,-,-,[249],-,-
251,-,-,-,-,-,-,-,-,-,-,-,-,-,-,-,-,-,-,-,-,-,-,-,-,-,-,-,[248],-,-
252,-,-,-,[287],-,-,[292],-,-,-,-,-,-,[285],[290],-,-,-,-,[286],-,[288],-,[291],-,[289],-,[283],-,-
253,-,-,-,-,-,-,-,-,-,-,-,-,-,-,-,-,-,-,-,-,-,-,-,-,-,-,-,[266],-,-
254,-,-,-,-,-,-,-,-,-,-,-,-,-,-,-,-,-,-,-,-,-,-,-,-,-,-,-,[258],-,-
255,-,-,-,-,-,-,-,[257],-,-,-,-,-,-,-,-,-,-,[256],-,-,-,-,-,-,-,-,-,-,-
256,-,-,-,-,-,-,-,-,-,-,-,-,-,-,-,-,-,-,-,-,-,-,-,-,-,-,-,[255],-,-
257,-,-,-,-,-,-,-,-,-,-,-,-,-,-,-,-,-,-,-,-,-,-,-,-,-,-,-,[254],-,-
258,-,-,[260],-,-,-,-,-,-,-,-,-,-,-,-,-,-,-,-,-,-,-,-,-,[261],-,-,[253],-,-
259,-,-,-,-,-,-,-,-,-,-,-,-,-,-,-,-,-,-,-,-,-,-,-,-,-,-,-,[263],-,-
260,-,-,-,-,-,-,-,-,-,-,-,-,-,-,-,-,-,-,-,-,-,-,-,-,-,-,-,[259],-,-
261,-,-,-,-,-,-,-,-,-,-,-,-,-,-,-,-,-,-,-,-,-,-,-,-,-,-,-,[259],-,-
262,-,-,-,-,-,-,-,-,-,-,-,-,-,-,-,-,-,-,-,-,-,-,-,-,-,-,-,[258],-,-
263,-,-,-,-,-,-,-,[265],-,-,-,-,-,-,-,-,-,-,[264],-,-,-,-,-,-,-,-,-,-,-
264,-,-,-,-,-,-,-,-,-,-,-,-,-,-,-,-,-,-,-,-,-,-,-,-,-,-,-,[263],-,-
265,-,-,-,-,-,-,-,-,-,-,-,-,-,-,-,-,-,-,-,-,-,-,-,-,-,-,-,[262],-,-
266,-,[268],-,-,-,-,-,-,-,-,-,-,-,-,-,-,-,-,[269],-,-,-,-,-,-,-,-,[252],-,-
267,-,-,-,-,-,-,-,-,-,-,-,-,-,-,-,-,-,-,-,-,-,-,-,-,-,-,-,[272],-,-
268,-,-,-,-,-,-,-,-,-,-,-,-,-,-,-,-,-,-,-,-,-,-,-,-,-,-,-,[267],-,-
269,-,-,-,-,-,-,-,-,-,-,-,-,-,-,-,-,-,-,-,-,-,-,-,-,-,-,-,[267],-,-
270,-,-,-,-,-,-,-,-,-,-,-,-,-,-,-,-,-,-,-,-,-,-,-,-,-,-,-,[266],-,-
271,-,-,-,-,-,-,-,-,-,-,-,-,-,-,-,-,-,-,-,-,-,-,-,-,-,-,-,[275],-,-
272,-,-,-,-,-,-,-,[274],-,-,-,-,-,-,-,-,-,-,[273],-,-,-,-,-,-,-,-,-,-,-
273,-,-,-,-,-,-,-,-,-,-,-,-,-,-,-,-,-,-,-,-,-,-,-,-,-,-,-,[272],-,-
274,-,-,-,-,-,-,-,-,-,-,-,-,-,-,-,-,-,-,-,-,-,-,-,-,-,-,-,[271],-,-
275,-,-,[277],-,-,-,-,-,-,-,-,-,-,-,-,-,-,-,-,-,-,-,-,-,[278],-,-,[270],-,-
276,-,-,-,-,-,-,-,-,-,-,-,-,-,-,-,-,-,-,-,-,-,-,-,-,-,-,-,[280],-,-
277,-,-,-,-,-,-,-,-,-,-,-,-,-,-,-,-,-,-,-,-,-,-,-,-,-,-,-,[276],-,-
278,-,-,-,-,-,-,-,-,-,-,-,-,-,-,-,-,-,-,-,-,-,-,-,-,-,-,-,[276],-,-
279,-,-,-,-,-,-,-,-,-,-,-,-,-,-,-,-,-,-,-,-,-,-,-,-,-,-,-,[275],-,-
280,-,-,-,-,-,-,-,[282],-,-,-,-,-,-,-,-,-,-,-,-,-,-,-,-,-,-,-,-,-,-
281,-,-,-,-,-,-,-,-,-,-,-,-,-,-,-,-,-,-,-,-,-,-,-,-,-,-,-,[280],-,-
282,-,-,-,-,-,-,-,-,-,-,-,-,-,-,-,-,-,-,-,-,-,-,-,-,-,-,-,[279],-,-
283,-,-,-,-,-,-,-,-,-,-,-,-,-,-,-,-,-,-,-,-,-,-,-,-,-,-,-,[251],-,-
284,-,-,-,-,-,-,-,-,-,-,-,-,-,-,-,-,-,-,-,-,-,-,-,-,-,-,-,[296],-,-
285,-,-,-,-,-,-,-,-,-,-,-,-,-,-,-,-,-,-,-,-,-,-,-,-,-,-,-,[284],-,-
286,-,-,-,-,-,-,-,-,-,-,-,-,-,-,-,-,-,-,-,-,-,-,-,-,-,-,-,[284],-,-
287,-,-,-,-,-,-,-,-,-,-,-,-,-,-,-,-,-,-,-,-,-,-,-,-,-,-,-,[284],-,-
288,-,-,-,-,-,-,-,-,-,-,-,-,-,-,-,-,-,-,-,-,-,-,-,-,-,-,-,[284],-,-
289,-,-,-,-,-,-,-,-,-,-,-,-,-,-,-,-,-,-,-,-,-,-,-,-,-,-,-,[284],-,-
290,-,-,-,-,-,-,-,-,-,-,-,-,-,-,-,-,-,-,-,-,-,-,-,-,-,-,-,[284],-,-
291,-,-,-,-,-,-,-,-,-,-,-,-,-,-,-,-,-,-,-,-,-,-,-,-,-,-,-,[284],-,-
292,-,-,-,-,-,-,-,-,-,-,-,-,-,-,-,-,-,-,-,-,-,-,-,-,-,-,-,[284],-,-
293,-,-,-,-,-,-,-,-,-,-,-,-,-,-,-,-,-,-,-,-,-,-,-,-,-,-,-,[283],-,-
294,-,-,-,-,-,-,-,-,-,-,-,-,-,-,-,-,-,-,-,-,-,-,-,-,-,-,-,[307],-,-
295,-,-,-,-,-,-,-,-,-,-,-,-,-,-,-,-,-,-,-,-,-,-,-,-,-,-,-,[299],-,-
296,-,-,-,-,-,-,-,[298],-,-,-,-,-,-,-,-,-,-,[297],-,-,-,-,-,-,-,-,-,-,-
297,-,-,-,-,-,-,-,-,-,-,-,-,-,-,-,-,-,-,-,-,-,-,-,-,-,-,-,[296],-,-
298,-,-,-,-,-,-,-,-,-,-,-,-,-,-,-,-,-,-,-,-,-,-,-,-,-,-,-,[295],-,-
299,-,-,[301],-,-,-,-,-,-,-,-,-,-,-,-,-,-,-,-,-,-,-,-,-,[302],-,-,[294],-,-
301,-,-,-,-,-,-,-,-,-,-,-,-,-,-,-,-,-,-,-,-,-,-,-,-,-,-,-,[300],-,-
302,-,-,-,-,-,-,-,-,-,-,-,-,-,-,-,-,-,-,-,-,-,-,-,-,-,-,-,[300],-,-
303,-,-,-,-,-,-,-,-,-,-,-,-,-,-,-,-,-,-,-,-,-,-,-,-,-,-,-,[299],-,-
304,-,-,-,-,-,-,-,[306],-,-,-,-,-,-,-,-,-,-,[305],-,-,-,-,-,-,-,-,-,-,-
305,-,-,-,-,-,-,-,-,-,-,-,-,-,-,-,-,-,-,-,-,-,-,-,-,-,-,-,[304],-,-
306,-,-,-,-,-,-,-,-,-,-,-,-,-,-,-,-,-,-,-,-,-,-,-,-,-,-,-,[303],-,-
307,-,[309],-,-,-,-,-,-,-,-,-,-,-,-,-,-,-,-,[310],-,-,-,-,-,-,-,-,[293],-,-
308,-,-,-,-,-,-,-,-,-,-,-,-,-,-,-,-,-,-,-,-,-,-,-,-,-,-,-,[313],-,-
309,-,-,-,-,-,-,-,-,-,-,-,-,-,-,-,-,-,-,-,-,-,-,-,-,-,-,-,[308],-,-
310,-,-,-,-,-,-,-,-,-,-,-,-,-,-,-,-,-,-,-,-,-,-,-,-,-,-,-,[308],-,-
311,-,-,-,-,-,-,-,-,-,-,-,-,-,-,-,-,-,-,-,-,-,-,-,-,-,-,-,[307],-,-
312,-,-,-,-,-,-,-,-,-,-,-,-,-,-,-,-,-,-,-,-,-,-,-,-,-,-,-,[316],-,-
313,-,-,-,-,-,-,-,[315],-,-,-,-,-,-,-,-,-,-,[314],-,-,-,-,-,-,-,-,-,-,-
314,-,-,-,-,-,-,-,-,-,-,-,-,-,-,-,-,-,-,-,-,-,-,-,-,-,-,-,[313],-,-
315,-,-,-,-,-,-,-,-,-,-,-,-,-,-,-,-,-,-,-,-,-,-,-,-,-,-,-,[312],-,-
316,-,-,[318],-,-,-,-,-,-,-,-,-,-,-,-,-,-,-,-,-,-,-,-,-,[319],-,-,[311],-,-
317,-,-,-,-,-,-,-,-,-,-,-,-,-,-,-,-,-,-,-,-,-,-,-,-,-,-,-,[321],-,-
318,-,-,-,-,-,-,-,-,-,-,-,-,-,-,-,-,-,-,-,-,-,-,-,-,-,-,-,[317],-,-
319,-,-,-,-,-,-,-,-,-,-,-,-,-,-,-,-,-,-,-,-,-,-,-,-,-,-,-,[317],-,-
320,-,-,-,-,-,-,-,-,-,-,-,-,-,-,-,-,-,-,-,-,-,-,-,-,-,-,-,[316],-,-
321,-,-,-,-,-,-,-,[323],-,-,-,-,-,-,-,-,-,-,[322],-,-,-,-,-,-,-,-,-,-,-
322,-,-,-,-,-,-,-,-,-,-,-,-,-,-,-,-,-,-,-,-,-,-,-,-,-,-,-,[321],-,-
323,-,-,-,-,-,-,-,-,-,-,-,-,-,-,-,-,-,-,-,-,-,-,-,-,-,-,-,[320],-,-
326,[328],-,-,-,-,-,-,-,-,-,-,-,-,-,-,-,-,-,-,-,-,-,-,-,-,-,-,[327],-,-
327,-,-,-,-,-,-,-,-,-,-,-,-,-,-,-,-,-,-,-,-,-,-,-,-,-,-,-,[325],-,-
329,-,-,-,-,-,-,-,-,[330],-,-,-,-,-,-,-,-,-,-,-,-,-,-,-,-,-,-,-,-,-
330,-,-,-,-,-,-,-,-,-,-,-,-,-,-,-,-,-,-,-,-,-,-,-,-,-,-,-,[327],-,-
332,-,-,-,-,-,-,-,-,-,-,[333],-,-,-,-,-,-,-,-,-,-,-,-,-,-,-,-,-,-,-
333,-,-,-,-,-,-,-,[335],-,-,-,-,-,-,-,-,-,-,-,-,-,-,-,-,-,-,-,[334],-,-
334,-,-,-,-,[660],-,-,-,-,-,-,-,-,-,-,-,-,-,-,-,-,-,-,-,-,-,-,-,-,-
335,-,-,-,-,-,-,-,-,-,-,-,-,-,-,-,-,-,-,-,-,-,-,-,-,-,-,-,[336],-,-
336,-,-,-,-,-,-,-,-,-,-,-,-,-,-,-,-,-,-,-,-,-,-,-,-,-,-,[337],[334],-,-
337,-,-,-,-,-,-,-,-,-,-,-,-,-,-,-,-,-,-,-,-,-,-,-,-,-,-,-,[339],-,-
338,-,-,-,-,-,-,-,-,-,-,-,-,-,-,-,-,-,-,-,-,-,-,-,-,-,-,-,[336],-,-
339,-,-,-,-,-,-,-,-,-,-,-,-,[341],-,-,-,-,-,-,-,-,-,-,-,-,-,-,[350],-,-
341,[343],-,-,-,-,-,-,-,-,-,-,-,-,-,-,-,-,-,-,-,-,-,-,-,-,-,-,[342],-,-
342,-,-,-,-,-,-,-,-,-,-,-,-,-,-,-,-,-,-,-,-,-,-,-,-,-,-,-,[340],-,-
344,-,-,-,-,-,-,-,-,[345],-,-,-,-,-,-,-,-,-,-,-,-,-,-,-,-,-,-,-,-,-
345,-,-,-,-,-,-,-,-,-,-,-,-,-,-,-,-,-,-,-,-,-,-,-,-,-,-,-,[342],-,-
346,-,-,-,-,-,-,-,-,-,-,-,-,-,-,-,-,-,-,-,-,-,-,-,-,-,-,-,[339],-,-
347,-,-,-,-,-,-,-,-,-,-,-,-,-,-,-,-,-,-,-,-,-,-,-,-,-,-,-,[338],-,-
348,-,-,-,-,-,-,-,-,-,-,-,-,-,-,-,-,-,-,-,-,-,-,-,-,-,-,-,[503],-,-
349,-,-,-,-,-,-,-,-,-,-,-,-,-,-,-,-,-,-,-,-,-,-,-,-,-,-,-,[425],-,-
351,-,-,-,-,-,-,-,-,-,-,-,-,-,-,-,-,-,-,-,-,-,-,-,-,-,-,-,[350],-,-
352,-,-,-,-,-,-,-,-,-,-,-,-,-,-,-,-,-,-,-,-,-,-,-,-,-,-,-,[349],-,-
353,-,-,-,[388],-,-,[393],-,-,-,-,-,-,[386],[391],-,-,-,-,[387],-,[389],-,[392],-,[390],-,[384],-,-
354,-,-,-,-,-,-,-,-,-,-,-,-,-,-,-,-,-,-,-,-,-,-,-,-,-,-,-,[367],-,-
355,-,-,-,-,-,-,-,-,-,-,-,-,-,-,-,-,-,-,-,-,-,-,-,-,-,-,-,[359],-,-
356,-,-,-,-,-,-,-,[358],-,-,-,-,-,-,-,-,-,-,[357],-,-,-,-,-,-,-,-,-,-,-
357,-,-,-,-,-,-,-,-,-,-,-,-,-,-,-,-,-,-,-,-,-,-,-,-,-,-,-,[356],-,-
358,-,-,-,-,-,-,-,-,-,-,-,-,-,-,-,-,-,-,-,-,-,-,-,-,-,-,-,[355],-,-
359,-,-,[361],-,-,-,-,-,-,-,-,-,-,-,-,-,-,-,-,-,-,-,-,-,[362],-,-,[354],-,-
361,-,-,-,-,-,-,-,-,-,-,-,-,-,-,-,-,-,-,-,-,-,-,-,-,-,-,-,[360],-,-
362,-,-,-,-,-,-,-,-,-,-,-,-,-,-,-,-,-,-,-,-,-,-,-,-,-,-,-,[360],-,-
363,-,-,-,-,-,-,-,-,-,-,-,-,-,-,-,-,-,-,-,-,-,-,-,-,-,-,-,[359],-,-
364,-,-,-,-,-,-,-,[366],-,-,-,-,-,-,-,-,-,-,[365],-,-,-,-,-,-,-,-,-,-,-
365,-,-,-,-,-,-,-,-,-,-,-,-,-,-,-,-,-,-,-,-,-,-,-,-,-,-,-,[364],-,-
366,-,-,-,-,-,-,-,-,-,-,-,-,-,-,-,-,-,-,-,-,-,-,-,-,-,-,-,[363],-,-
367,-,[369],-,-,-,-,-,-,-,-,-,-,-,-,-,-,-,-,[370],-,-,-,-,-,-,-,-,[353],-,-
368,-,-,-,-,-,-,-,-,-,-,-,-,-,-,-,-,-,-,-,-,-,-,-,-,-,-,-,[373],-,-
369,-,-,-,-,-,-,-,-,-,-,-,-,-,-,-,-,-,-,-,-,-,-,-,-,-,-,-,[368],-,-
370,-,-,-,-,-,-,-,-,-,-,-,-,-,-,-,-,-,-,-,-,-,-,-,-,-,-,-,[368],-,-
371,-,-,-,-,-,-,-,-,-,-,-,-,-,-,-,-,-,-,-,-,-,-,-,-,-,-,-,[367],-,-
372,-,-,-,-,-,-,-,-,-,-,-,-,-,-,-,-,-,-,-,-,-,-,-,-,-,-,-,[376],-,-
373,-,-,-,-,-,-,-,[375],-,-,-,-,-,-,-,-,-,-,[374],-,-,-,-,-,-,-,-,-,-,-
374,-,-,-,-,-,-,-,-,-,-,-,-,-,-,-,-,-,-,-,-,-,-,-,-,-,-,-,[373],-,-
375,-,-,-,-,-,-,-,-,-,-,-,-,-,-,-,-,-,-,-,-,-,-,-,-,-,-,-,[372],-,-
376,-,-,[378],-,-,-,-,-,-,-,-,-,-,-,-,-,-,-,-,-,-,-,-,-,[379],-,-,[371],-,-
377,-,-,-,-,-,-,-,-,-,-,-,-,-,-,-,-,-,-,-,-,-,-,-,-,-,-,-,[381],-,-
378,-,-,-,-,-,-,-,-,-,-,-,-,-,-,-,-,-,-,-,-,-,-,-,-,-,-,-,[377],-,-
379,-,-,-,-,-,-,-,-,-,-,-,-,-,-,-,-,-,-,-,-,-,-,-,-,-,-,-,[377],-,-
380,-,-,-,-,-,-,-,-,-,-,-,-,-,-,-,-,-,-,-,-,-,-,-,-,-,-,-,[376],-,-
381,-,-,-,-,-,-,-,[383],-,-,-,-,-,-,-,-,-,-,[382],-,-,-,-,-,-,-,-,-,-,-
382,-,-,-,-,-,-,-,-,-,-,-,-,-,-,-,-,-,-,-,-,-,-,-,-,-,-,-,[381],-,-
383,-,-,-,-,-,-,-,-,-,-,-,-,-,-,-,-,-,-,-,-,-,-,-,-,-,-,-,[380],-,-
384,-,-,-,-,-,-,-,-,-,-,-,-,-,-,-,-,-,-,-,-,-,-,-,-,-,-,-,[352],-,-
385,-,-,-,-,-,-,-,-,-,-,-,-,-,-,-,-,-,-,-,-,-,-,-,-,-,-,-,[397],-,-
386,-,-,-,-,-,-,-,-,-,-,-,-,-,-,-,-,-,-,-,-,-,-,-,-,-,-,-,[385],-,-
387,-,-,-,-,-,-,-,-,-,-,-,-,-,-,-,-,-,-,-,-,-,-,-,-,-,-,-,[385],-,-
388,-,-,-,-,-,-,-,-,-,-,-,-,-,-,-,-,-,-,-,-,-,-,-,-,-,-,-,[385],-,-
389,-,-,-,-,-,-,-,-,-,-,-,-,-,-,-,-,-,-,-,-,-,-,-,-,-,-,-,[385],-,-
390,-,-,-,-,-,-,-,-,-,-,-,-,-,-,-,-,-,-,-,-,-,-,-,-,-,-,-,[385],-,-
391,-,-,-,-,-,-,-,-,-,-,-,-,-,-,-,-,-,-,-,-,-,-,-,-,-,-,-,[385],-,-
392,-,-,-,-,-,-,-,-,-,-,-,-,-,-,-,-,-,-,-,-,-,-,-,-,-,-,-,[385],-,-
393,-,-,-,-,-,-,-,-,-,-,-,-,-,-,-,-,-,-,-,-,-,-,-,-,-,-,-,[385],-,-
394,-,-,-,-,-,-,-,-,-,-,-,-,-,-,-,-,-,-,-,-,-,-,-,-,-,-,-,[384],-,-
395,-,-,-,-,-,-,-,-,-,-,-,-,-,-,-,-,-,-,-,-,-,-,-,-,-,-,-,[408],-,-
396,-,-,-,-,-,-,-,-,-,-,-,-,-,-,-,-,-,-,-,-,-,-,-,-,-,-,-,[400],-,-
397,-,-,-,-,-,-,-,[399],-,-,-,-,-,-,-,-,-,-,[398],-,-,-,-,-,-,-,-,-,-,-
398,-,-,-,-,-,-,-,-,-,-,-,-,-,-,-,-,-,-,-,-,-,-,-,-,-,-,-,[397],-,-
399,-,-,-,-,-,-,-,-,-,-,-,-,-,-,-,-,-,-,-,-,-,-,-,-,-,-,-,[396],-,-
400,-,-,-,-,-,-,-,-,-,-,-,-,-,-,-,-,-,-,-,-,-,-,-,-,-,-,-,[395],-,-
401,-,-,-,-,-,-,-,-,-,-,-,-,-,-,-,-,-,-,-,-,-,-,-,-,-,-,-,[405],-,-
402,-,-,-,-,-,-,-,-,-,-,-,-,-,-,-,-,-,-,-,-,-,-,-,-,-,-,-,[401],-,-
403,-,-,-,-,-,-,-,-,-,-,-,-,-,-,-,-,-,-,-,-,-,-,-,-,-,-,-,[401],-,-
404,-,-,-,-,-,-,-,-,-,-,-,-,-,-,-,-,-,-,-,-,-,-,-,-,-,-,-,[400],-,-
405,-,-,-,-,-,-,-,[407],-,-,-,-,-,-,-,-,-,-,[406],-,-,-,-,-,-,-,-,-,-,-
406,-,-,-,-,-,-,-,-,-,-,-,-,-,-,-,-,-,-,-,-,-,-,-,-,-,-,-,[405],-,-
407,-,-,-,-,-,-,-,-,-,-,-,-,-,-,-,-,-,-,-,-,-,-,-,-,-,-,-,[404],-,-
408,-,[410],-,-,-,-,-,-,-,-,-,-,-,-,-,-,-,-,[411],-,-,-,-,-,-,-,-,[394],-,-
409,-,-,-,-,-,-,-,-,-,-,-,-,-,-,-,-,-,-,-,-,-,-,-,-,-,-,-,[414],-,-
410,-,-,-,-,-,-,-,-,-,-,-,-,-,-,-,-,-,-,-,-,-,-,-,-,-,-,-,[409],-,-
411,-,-,-,-,-,-,-,-,-,-,-,-,-,-,-,-,-,-,-,-,-,-,-,-,-,-,-,[409],-,-
412,-,-,-,-,-,-,-,-,-,-,-,-,-,-,-,-,-,-,-,-,-,-,-,-,-,-,-,[408],-,-
413,-,-,-,-,-,-,-,-,-,-,-,-,-,-,-,-,-,-,-,-,-,-,-,-,-,-,-,[417],-,-
414,-,-,-,-,-,-,-,[416],-,-,-,-,-,-,-,-,-,-,[415],-,-,-,-,-,-,-,-,-,-,-
415,-,-,-,-,-,-,-,-,-,-,-,-,-,-,-,-,-,-,-,-,-,-,-,-,-,-,-,[414],-,-
416,-,-,-,-,-,-,-,-,-,-,-,-,-,-,-,-,-,-,-,-,-,-,-,-,-,-,-,[413],-,-
417,-,-,[419],-,-,-,-,-,-,-,-,-,-,-,-,-,-,-,-,-,-,-,-,-,[420],-,-,[412],-,-
418,-,-,-,-,-,-,-,-,-,-,-,-,-,-,-,-,-,-,-,-,-,-,-,-,-,-,-,[422],-,-
419,-,-,-,-,-,-,-,-,-,-,-,-,-,-,-,-,-,-,-,-,-,-,-,-,-,-,-,[418],-,-
420,-,-,-,-,-,-,-,-,-,-,-,-,-,-,-,-,-,-,-,-,-,-,-,-,-,-,-,[418],-,-
421,-,-,-,-,-,-,-,-,-,-,-,-,-,-,-,-,-,-,-,-,-,-,-,-,-,-,-,[417],-,-
422,-,-,-,-,-,-,-,[424],-,-,-,-,-,-,-,-,-,-,[423],-,-,-,-,-,-,-,-,-,-,-
423,-,-,-,-,-,-,-,-,-,-,-,-,-,-,-,-,-,-,-,-,-,-,-,-,-,-,-,[422],-,-
424,-,-,-,-,-,-,-,-,-,-,-,-,-,-,-,-,-,-,-,-,-,-,-,-,-,-,-,[421],-,-
425,-,-,-,-,-,-,-,-,-,-,-,-,-,-,-,-,-,[426],-,-,-,-,-,-,-,-,-,[348],-,-
426,-,-,-,-,-,-,-,-,-,-,-,-,-,-,-,-,-,-,-,-,-,-,-,-,-,-,-,[428],-,-
427,-,-,-,-,-,-,-,-,-,-,-,-,-,-,-,-,-,-,-,-,-,-,-,-,-,-,-,[425],-,-
428,-,-,-,-,-,[429],-,-,-,-,-,-,-,-,-,-,-,-,-,-,-,-,-,-,-,-,-,[434],-,-
429,-,-,-,-,-,-,-,-,-,-,-,-,-,-,-,-,-,-,-,-,-,-,-,-,-,-,-,[428],-,-
430,-,-,-,-,-,-,-,-,-,-,-,-,-,-,-,-,-,-,-,-,-,-,-,-,-,-,-,[427],-,-
431,-,-,-,[466],-,-,[471],-,-,-,-,-,-,[464],[469],-,-,-,-,[465],-,[467],-,[470],-,[468],-,[462],-,-
432,-,-,-,-,-,-,-,-,-,-,-,-,-,-,-,-,-,-,-,-,-,-,-,-,-,-,-,[445],-,-
433,-,-,-,-,-,-,-,-,-,-,-,-,-,-,-,-,-,-,-,-,-,-,-,-,-,-,-,[437],-,-
434,-,-,-,-,-,-,-,[436],-,-,-,-,-,-,-,-,-,-,[435],-,-,-,-,-,-,-,-,-,-,-
435,-,-,-,-,-,-,-,-,-,-,-,-,-,-,-,-,-,-,-,-,-,-,-,-,-,-,-,[434],-,-
436,-,-,-,-,-,-,-,-,-,-,-,-,-,-,-,-,-,-,-,-,-,-,-,-,-,-,-,[433],-,-
437,-,-,[439],-,-,-,-,-,-,-,-,-,-,-,-,-,-,-,-,-,-,-,-,-,[440],-,-,[432],-,-
438,-,-,-,-,-,-,-,-,-,-,-,-,-,-,-,-,-,-,-,-,-,-,-,-,-,-,-,[442],-,-
439,-,-,-,-,-,-,-,-,-,-,-,-,-,-,-,-,-,-,-,-,-,-,-,-,-,-,-,[438],-,-
440,-,-,-,-,-,-,-,-,-,-,-,-,-,-,-,-,-,-,-,-,-,-,-,-,-,-,-,[438],-,-
441,-,-,-,-,-,-,-,-,-,-,-,-,-,-,-,-,-,-,-,-,-,-,-,-,-,-,-,[437],-,-
442,-,-,-,-,-,-,-,[444],-,-,-,-,-,-,-,-,-,-,[443],-,-,-,-,-,-,-,-,-,-,-
443,-,-,-,-,-,-,-,-,-,-,-,-,-,-,-,-,-,-,-,-,-,-,-,-,-,-,-,[442],-,-
444,-,-,-,-,-,-,-,-,-,-,-,-,-,-,-,-,-,-,-,-,-,-,-,-,-,-,-,[441],-,-
445,-,[447],-,-,-,-,-,-,-,-,-,-,-,-,-,-,-,-,[448],-,-,-,-,-,-,-,-,[431],-,-
446,-,-,-,-,-,-,-,-,-,-,-,-,-,-,-,-,-,-,-,-,-,-,-,-,-,-,-,[451],-,-
447,-,-,-,-,-,-,-,-,-,-,-,-,-,-,-,-,-,-,-,-,-,-,-,-,-,-,-,[446],-,-
448,-,-,-,-,-,-,-,-,-,-,-,-,-,-,-,-,-,-,-,-,-,-,-,-,-,-,-,[446],-,-
449,-,-,-,-,-,-,-,-,-,-,-,-,-,-,-,-,-,-,-,-,-,-,-,-,-,-,-,[445],-,-
450,-,-,-,-,-,-,-,-,-,-,-,-,-,-,-,-,-,-,-,-,-,-,-,-,-,-,-,[454],-,-
451,-,-,-,-,-,-,-,[453],-,-,-,-,-,-,-,-,-,-,[452],-,-,-,-,-,-,-,-,-,-,-
452,-,-,-,-,-,-,-,-,-,-,-,-,-,-,-,-,-,-,-,-,-,-,-,-,-,-,-,[451],-,-
453,-,-,-,-,-,-,-,-,-,-,-,-,-,-,-,-,-,-,-,-,-,-,-,-,-,-,-,[450],-,-
454,-,-,[456],-,-,-,-,-,-,-,-,-,-,-,-,-,-,-,-,-,-,-,-,-,[457],-,-,[449],-,-
455,-,-,-,-,-,-,-,-,-,-,-,-,-,-,-,-,-,-,-,-,-,-,-,-,-,-,-,[459],-,-
456,-,-,-,-,-,-,-,-,-,-,-,-,-,-,-,-,-,-,-,-,-,-,-,-,-,-,-,[455],-,-
457,-,-,-,-,-,-,-,-,-,-,-,-,-,-,-,-,-,-,-,-,-,-,-,-,-,-,-,[455],-,-
458,-,-,-,-,-,-,-,-,-,-,-,-,-,-,-,-,-,-,-,-,-,-,-,-,-,-,-,[454],-,-
459,-,-,-,-,-,-,-,[461],-,-,-,-,-,-,-,-,-,-,[460],-,-,-,-,-,-,-,-,-,-,-
460,-,-,-,-,-,-,-,-,-,-,-,-,-,-,-,-,-,-,-,-,-,-,-,-,-,-,-,[459],-,-
461,-,-,-,-,-,-,-,-,-,-,-,-,-,-,-,-,-,-,-,-,-,-,-,-,-,-,-,[458],-,-
462,-,-,-,-,-,-,-,-,-,-,-,-,-,-,-,-,-,-,-,-,-,-,-,-,-,-,-,[430],-,-
463,-,-,-,-,-,-,-,-,-,-,-,-,-,-,-,-,-,-,-,-,-,-,-,-,-,-,-,[475],-,-
464,-,-,-,-,-,-,-,-,-,-,-,-,-,-,-,-,-,-,-,-,-,-,-,-,-,-,-,[463],-,-
465,-,-,-,-,-,-,-,-,-,-,-,-,-,-,-,-,-,-,-,-,-,-,-,-,-,-,-,[463],-,-
466,-,-,-,-,-,-,-,-,-,-,-,-,-,-,-,-,-,-,-,-,-,-,-,-,-,-,-,[463],-,-
467,-,-,-,-,-,-,-,-,-,-,-,-,-,-,-,-,-,-,-,-,-,-,-,-,-,-,-,[463],-,-
468,-,-,-,-,-,-,-,-,-,-,-,-,-,-,-,-,-,-,-,-,-,-,-,-,-,-,-,[463],-,-
469,-,-,-,-,-,-,-,-,-,-,-,-,-,-,-,-,-,-,-,-,-,-,-,-,-,-,-,[463],-,-
470,-,-,-,-,-,-,-,-,-,-,-,-,-,-,-,-,-,-,-,-,-,-,-,-,-,-,-,[463],-,-
471,-,-,-,-,-,-,-,-,-,-,-,-,-,-,-,-,-,-,-,-,-,-,-,-,-,-,-,[463],-,-
472,-,-,-,-,-,-,-,-,-,-,-,-,-,-,-,-,-,-,-,-,-,-,-,-,-,-,-,[462],-,-
473,-,-,-,-,-,-,-,-,-,-,-,-,-,-,-,-,-,-,-,-,-,-,-,-,-,-,-,[486],-,-
474,-,-,-,-,-,-,-,-,-,-,-,-,-,-,-,-,-,-,-,-,-,-,-,-,-,-,-,[478],-,-
475,-,-,-,-,-,-,-,[477],-,-,-,-,-,-,-,-,-,-,[476],-,-,-,-,-,-,-,-,-,-,-
476,-,-,-,-,-,-,-,-,-,-,-,-,-,-,-,-,-,-,-,-,-,-,-,-,-,-,-,[475],-,-
477,-,-,-,-,-,-,-,-,-,-,-,-,-,-,-,-,-,-,-,-,-,-,-,-,-,-,-,[474],-,-
478,-,-,[480],-,-,-,-,-,-,-,-,-,-,-,-,-,-,-,-,-,-,-,-,-,[481],-,-,[473],-,-
479,-,-,-,-,-,-,-,-,-,-,-,-,-,-,-,-,-,-,-,-,-,-,-,-,-,-,-,[483],-,-
480,-,-,-,-,-,-,-,-,-,-,-,-,-,-,-,-,-,-,-,-,-,-,-,-,-,-,-,[479],-,-
481,-,-,-,-,-,-,-,-,-,-,-,-,-,-,-,-,-,-,-,-,-,-,-,-,-,-,-,[479],-,-
482,-,-,-,-,-,-,-,-,-,-,-,-,-,-,-,-,-,-,-,-,-,-,-,-,-,-,-,[478],-,-
483,-,-,-,-,-,-,-,[485],-,-,-,-,-,-,-,-,-,-,[484],-,-,-,-,-,-,-,-,-,-,-
484,-,-,-,-,-,-,-,-,-,-,-,-,-,-,-,-,-,-,-,-,-,-,-,-,-,-,-,[483],-,-
485,-,-,-,-,-,-,-,-,-,-,-,-,-,-,-,-,-,-,-,-,-,-,-,-,-,-,-,[482],-,-
486,-,[488],-,-,-,-,-,-,-,-,-,-,-,-,-,-,-,-,[489],-,-,-,-,-,-,-,-,[472],-,-
487,-,-,-,-,-,-,-,-,-,-,-,-,-,-,-,-,-,-,-,-,-,-,-,-,-,-,-,[492],-,-
488,-,-,-,-,-,-,-,-,-,-,-,-,-,-,-,-,-,-,-,-,-,-,-,-,-,-,-,[487],-,-
489,-,-,-,-,-,-,-,-,-,-,-,-,-,-,-,-,-,-,-,-,-,-,-,-,-,-,-,[487],-,-
490,-,-,-,-,-,-,-,-,-,-,-,-,-,-,-,-,-,-,-,-,-,-,-,-,-,-,-,[486],-,-
491,-,-,-,-,-,-,-,-,-,-,-,-,-,-,-,-,-,-,-,-,-,-,-,-,-,-,-,[495],-,-
492,-,-,-,-,-,-,-,[494],-,-,-,-,-,-,-,-,-,-,[493],-,-,-,-,-,-,-,-,-,-,-
493,-,-,-,-,-,-,-,-,-,-,-,-,-,-,-,-,-,-,-,-,-,-,-,-,-,-,-,[492],-,-
494,-,-,-,-,-,-,-,-,-,-,-,-,-,-,-,-,-,-,-,-,-,-,-,-,-,-,-,[491],-,-
495,-,-,[497],-,-,-,-,-,-,-,-,-,-,-,-,-,-,-,-,-,-,-,-,-,[498],-,-,[490],-,-
496,-,-,-,-,-,-,-,-,-,-,-,-,-,-,-,-,-,-,-,-,-,-,-,-,-,-,-,[500],-,-
497,-,-,-,-,-,-,-,-,-,-,-,-,-,-,-,-,-,-,-,-,-,-,-,-,-,-,-,[496],-,-
498,-,-,-,-,-,-,-,-,-,-,-,-,-,-,-,-,-,-,-,-,-,-,-,-,-,-,-,[496],-,-
499,-,-,-,-,-,-,-,-,-,-,-,-,-,-,-,-,-,-,-,-,-,-,-,-,-,-,-,[495],-,-
500,-,-,-,-,-,-,-,[502],-,-,-,-,-,-,-,-,-,-,-,-,-,-,-,-,-,-,-,-,-,-
501,-,-,-,-,-,-,-,-,-,-,-,-,-,-,-,-,-,-,-,-,-,-,-,-,-,-,-,[500],-,-
502,-,-,-,-,-,-,-,-,-,-,-,-,-,-,-,-,-,-,-,-,-,-,-,-,-,-,-,[499],-,-
503,-,-,-,-,-,-,-,-,-,-,-,-,-,-,-,-,-,-,-,-,-,-,[504],-,-,-,-,[347],-,-
504,-,-,-,-,-,-,-,-,-,-,-,-,-,-,-,-,-,-,-,-,-,-,-,-,-,-,-,[507],-,-
505,-,-,-,-,-,-,-,-,-,-,-,-,-,-,-,-,-,-,-,-,-,-,-,-,-,-,-,[503],-,-
506,-,-,-,-,-,-,-,-,-,-,-,-,-,-,-,-,-,-,-,-,-,-,-,-,-,-,-,[582],-,-
507,-,-,-,-,-,[508],-,-,-,-,-,-,-,-,-,-,-,-,-,-,-,-,-,-,-,-,-,[513],-,-
508,-,-,-,-,-,-,-,-,-,-,-,-,-,-,-,-,-,-,-,-,-,-,-,-,-,-,-,[507],-,-
509,-,-,-,-,-,-,-,-,-,-,-,-,-,-,-,-,-,-,-,-,-,-,-,-,-,-,-,[506],-,-
510,-,-,-,-,-,-,-,-,-,-,-,-,-,-,-,-,-,-,-,-,-,-,-,-,-,-,-,[541],-,-
511,-,-,-,-,-,-,-,-,-,-,-,-,-,-,-,-,-,-,-,-,-,-,-,-,-,-,-,[524],-,-
512,-,-,-,-,-,-,-,-,-,-,-,-,-,-,-,-,-,-,-,-,-,-,-,-,-,-,-,[516],-,-
513,-,-,-,-,-,-,-,[515],-,-,-,-,-,-,-,-,-,-,[514],-,-,-,-,-,-,-,-,-,-,-
514,-,-,-,-,-,-,-,-,-,-,-,-,-,-,-,-,-,-,-,-,-,-,-,-,-,-,-,[513],-,-
515,-,-,-,-,-,-,-,-,-,-,-,-,-,-,-,-,-,-,-,-,-,-,-,-,-,-,-,[512],-,-
516,-,-,[518],-,-,-,-,-,-,-,-,-,-,-,-,-,-,-,-,-,-,-,-,-,[519],-,-,[511],-,-
517,-,-,-,-,-,-,-,-,-,-,-,-,-,-,-,-,-,-,-,-,-,-,-,-,-,-,-,[521],-,-
518,-,-,-,-,-,-,-,-,-,-,-,-,-,-,-,-,-,-,-,-,-,-,-,-,-,-,-,[517],-,-
519,-,-,-,-,-,-,-,-,-,-,-,-,-,-,-,-,-,-,-,-,-,-,-,-,-,-,-,[517],-,-
520,-,-,-,-,-,-,-,-,-,-,-,-,-,-,-,-,-,-,-,-,-,-,-,-,-,-,-,[516],-,-
521,-,-,-,-,-,-,-,[523],-,-,-,-,-,-,-,-,-,-,[522],-,-,-,-,-,-,-,-,-,-,-
522,-,-,-,-,-,-,-,-,-,-,-,-,-,-,-,-,-,-,-,-,-,-,-,-,-,-,-,[521],-,-
523,-,-,-,-,-,-,-,-,-,-,-,-,-,-,-,-,-,-,-,-,-,-,-,-,-,-,-,[520],-,-
524,-,[526],-,-,-,-,-,-,-,-,-,-,-,-,-,-,-,-,[527],-,-,-,-,-,-,-,-,[510],-,-
525,-,-,-,-,-,-,-,-,-,-,-,-,-,-,-,-,-,-,-,-,-,-,-,-,-,-,-,[530],-,-
526,-,-,-,-,-,-,-,-,-,-,-,-,-,-,-,-,-,-,-,-,-,-,-,-,-,-,-,[525],-,-
527,-,-,-,-,-,-,-,-,-,-,-,-,-,-,-,-,-,-,-,-,-,-,-,-,-,-,-,[525],-,-
528,-,-,-,-,-,-,-,-,-,-,-,-,-,-,-,-,-,-,-,-,-,-,-,-,-,-,-,[524],-,-
529,-,-,-,-,-,-,-,-,-,-,-,-,-,-,-,-,-,-,-,-,-,-,-,-,-,-,-,[533],-,-
530,-,-,-,-,-,-,-,[532],-,-,-,-,-,-,-,-,-,-,-,-,-,-,-,-,-,-,-,-,-,-
531,-,-,-,-,-,-,-,-,-,-,-,-,-,-,-,-,-,-,-,-,-,-,-,-,-,-,-,[530],-,-
532,-,-,-,-,-,-,-,-,-,-,-,-,-,-,-,-,-,-,-,-,-,-,-,-,-,-,-,[529],-,-
533,-,-,[535],-,-,-,-,-,-,-,-,-,-,-,-,-,-,-,-,-,-,-,-,-,[536],-,-,[528],-,-
534,-,-,-,-,-,-,-,-,-,-,-,-,-,-,-,-,-,-,-,-,-,-,-,-,-,-,-,[538],-,-
535,-,-,-,-,-,-,-,-,-,-,-,-,-,-,-,-,-,-,-,-,-,-,-,-,-,-,-,[534],-,-
536,-,-,-,-,-,-,-,-,-,-,-,-,-,-,-,-,-,-,-,-,-,-,-,-,-,-,-,[534],-,-
537,-,-,-,-,-,-,-,-,-,-,-,-,-,-,-,-,-,-,-,-,-,-,-,-,-,-,-,[533],-,-
538,-,-,-,-,-,-,-,[540],-,-,-,-,-,-,-,-,-,-,[539],-,-,-,-,-,-,-,-,-,-,-
539,-,-,-,-,-,-,-,-,-,-,-,-,-,-,-,-,-,-,-,-,-,-,-,-,-,-,-,[538],-,-
540,-,-,-,-,-,-,-,-,-,-,-,-,-,-,-,-,-,-,-,-,-,-,-,-,-,-,-,[537],-,-
541,-,-,-,-,-,-,-,-,-,-,-,-,-,-,-,-,-,-,-,-,-,-,-,-,-,-,-,[509],-,-
542,-,-,-,-,-,-,-,-,-,-,-,-,-,-,-,-,-,-,-,-,-,-,-,-,-,-,-,[554],-,-
543,-,-,-,-,-,-,-,-,-,-,-,-,-,-,-,-,-,-,-,-,-,-,-,-,-,-,-,[542],-,-
544,-,-,-,-,-,-,-,-,-,-,-,-,-,-,-,-,-,-,-,-,-,-,-,-,-,-,-,[542],-,-
545,-,-,-,-,-,-,-,-,-,-,-,-,-,-,-,-,-,-,-,-,-,-,-,-,-,-,-,[542],-,-
546,-,-,-,-,-,-,-,-,-,-,-,-,-,-,-,-,-,-,-,-,-,-,-,-,-,-,-,[542],-,-
547,-,-,-,-,-,-,-,-,-,-,-,-,-,-,-,-,-,-,-,-,-,-,-,-,-,-,-,[542],-,-
548,-,-,-,-,-,-,-,-,-,-,-,-,-,-,-,-,-,-,-,-,-,-,-,-,-,-,-,[542],-,-
549,-,-,-,-,-,-,-,-,-,-,-,-,-,-,-,-,-,-,-,-,-,-,-,-,-,-,-,[542],-,-
550,-,-,-,-,-,-,-,-,-,-,-,-,-,-,-,-,-,-,-,-,-,-,-,-,-,-,-,[542],-,-
551,-,-,-,-,-,-,-,-,-,-,-,-,-,-,-,-,-,-,-,-,-,-,-,-,-,-,-,[541],-,-
552,-,-,-,-,-,-,-,-,-,-,-,-,-,-,-,-,-,-,-,-,-,-,-,-,-,-,-,[565],-,-
553,-,-,-,-,-,-,-,-,-,-,-,-,-,-,-,-,-,-,-,-,-,-,-,-,-,-,-,[557],-,-
554,-,-,-,-,-,-,-,[556],-,-,-,-,-,-,-,-,-,-,[555],-,-,-,-,-,-,-,-,-,-,-
555,-,-,-,-,-,-,-,-,-,-,-,-,-,-,-,-,-,-,-,-,-,-,-,-,-,-,-,[554],-,-
556,-,-,-,-,-,-,-,-,-,-,-,-,-,-,-,-,-,-,-,-,-,-,-,-,-,-,-,[553],-,-
557,-,-,[559],-,-,-,-,-,-,-,-,-,-,-,-,-,-,-,-,-,-,-,-,-,[560],-,-,[552],-,-
558,-,-,-,-,-,-,-,-,-,-,-,-,-,-,-,-,-,-,-,-,-,-,-,-,-,-,-,[562],-,-
559,-,-,-,-,-,-,-,-,-,-,-,-,-,-,-,-,-,-,-,-,-,-,-,-,-,-,-,[558],-,-
560,-,-,-,-,-,-,-,-,-,-,-,-,-,-,-,-,-,-,-,-,-,-,-,-,-,-,-,[558],-,-
561,-,-,-,-,-,-,-,-,-,-,-,-,-,-,-,-,-,-,-,-,-,-,-,-,-,-,-,[557],-,-
562,-,-,-,-,-,-,-,[564],-,-,-,-,-,-,-,-,-,-,[563],-,-,-,-,-,-,-,-,-,-,-
563,-,-,-,-,-,-,-,-,-,-,-,-,-,-,-,-,-,-,-,-,-,-,-,-,-,-,-,[562],-,-
564,-,-,-,-,-,-,-,-,-,-,-,-,-,-,-,-,-,-,-,-,-,-,-,-,-,-,-,[561],-,-
565,-,[567],-,-,-,-,-,-,-,-,-,-,-,-,-,-,-,-,[568],-,-,-,-,-,-,-,-,[551],-,-
566,-,-,-,-,-,-,-,-,-,-,-,-,-,-,-,-,-,-,-,-,-,-,-,-,-,-,-,[571],-,-
567,-,-,-,-,-,-,-,-,-,-,-,-,-,-,-,-,-,-,-,-,-,-,-,-,-,-,-,[566],-,-
568,-,-,-,-,-,-,-,-,-,-,-,-,-,-,-,-,-,-,-,-,-,-,-,-,-,-,-,[566],-,-
569,-,-,-,-,-,-,-,-,-,-,-,-,-,-,-,-,-,-,-,-,-,-,-,-,-,-,-,[565],-,-
570,-,-,-,-,-,-,-,-,-,-,-,-,-,-,-,-,-,-,-,-,-,-,-,-,-,-,-,[574],-,-
571,-,-,-,-,-,-,-,[573],-,-,-,-,-,-,-,-,-,-,[572],-,-,-,-,-,-,-,-,-,-,-
572,-,-,-,-,-,-,-,-,-,-,-,-,-,-,-,-,-,-,-,-,-,-,-,-,-,-,-,[571],-,-
573,-,-,-,-,-,-,-,-,-,-,-,-,-,-,-,-,-,-,-,-,-,-,-,-,-,-,-,[570],-,-
574,-,-,[576],-,-,-,-,-,-,-,-,-,-,-,-,-,-,-,-,-,-,-,-,-,[577],-,-,[569],-,-
575,-,-,-,-,-,-,-,-,-,-,-,-,-,-,-,-,-,-,-,-,-,-,-,-,-,-,-,[579],-,-
576,-,-,-,-,-,-,-,-,-,-,-,-,-,-,-,-,-,-,-,-,-,-,-,-,-,-,-,[575],-,-
577,-,-,-,-,-,-,-,-,-,-,-,-,-,-,-,-,-,-,-,-,-,-,-,-,-,-,-,[575],-,-
578,-,-,-,-,-,-,-,-,-,-,-,-,-,-,-,-,-,-,-,-,-,-,-,-,-,-,-,[574],-,-
579,-,-,-,-,-,-,-,[581],-,-,-,-,-,-,-,-,-,-,[580],-,-,-,-,-,-,-,-,-,-,-
580,-,-,-,-,-,-,-,-,-,-,-,-,-,-,-,-,-,-,-,-,-,-,-,-,-,-,-,[579],-,-
581,-,-,-,-,-,-,-,-,-,-,-,-,-,-,-,-,-,-,-,-,-,-,-,-,-,-,-,[578],-,-
582,-,-,-,-,-,-,-,-,-,-,-,-,-,-,-,-,-,[583],-,-,-,-,-,-,-,-,-,[505],-,-
583,-,-,-,-,-,-,-,-,-,-,-,-,-,-,-,-,-,-,-,-,-,-,-,-,-,-,-,[585],-,-
584,-,-,-,-,-,-,-,-,-,-,-,-,-,-,-,-,-,-,-,-,-,-,-,-,-,-,-,[582],-,-
585,-,-,-,-,-,[586],-,-,-,-,-,-,-,-,-,-,-,-,-,-,-,-,-,-,-,-,-,[591],-,-
586,-,-,-,-,-,-,-,-,-,-,-,-,-,-,-,-,-,-,-,-,-,-,-,-,-,-,-,[585],-,-
587,-,-,-,-,-,-,-,-,-,-,-,-,-,-,-,-,-,-,-,-,-,-,-,-,-,-,-,[584],-,-
588,-,-,-,[623],-,-,[628],-,-,-,-,-,-,[621],[626],-,-,-,-,[622],-,[624],-,[627],-,[625],-,[619],-,-
589,-,-,-,-,-,-,-,-,-,-,-,-,-,-,-,-,-,-,-,-,-,-,-,-,-,-,-,[602],-,-
590,-,-,-,-,-,-,-,-,-,-,-,-,-,-,-,-,-,-,-,-,-,-,-,-,-,-,-,[594],-,-
591,-,-,-,-,-,-,-,[593],-,-,-,-,-,-,-,-,-,-,[592],-,-,-,-,-,-,-,-,-,-,-
592,-,-,-,-,-,-,-,-,-,-,-,-,-,-,-,-,-,-,-,-,-,-,-,-,-,-,-,[591],-,-
593,-,-,-,-,-,-,-,-,-,-,-,-,-,-,-,-,-,-,-,-,-,-,-,-,-,-,-,[590],-,-
594,-,-,[596],-,-,-,-,-,-,-,-,-,-,-,-,-,-,-,-,-,-,-,-,-,[597],-,-,[589],-,-
595,-,-,-,-,-,-,-,-,-,-,-,-,-,-,-,-,-,-,-,-,-,-,-,-,-,-,-,[599],-,-
596,-,-,-,-,-,-,-,-,-,-,-,-,-,-,-,-,-,-,-,-,-,-,-,-,-,-,-,[595],-,-
597,-,-,-,-,-,-,-,-,-,-,-,-,-,-,-,-,-,-,-,-,-,-,-,-,-,-,-,[595],-,-
598,-,-,-,-,-,-,-,-,-,-,-,-,-,-,-,-,-,-,-,-,-,-,-,-,-,-,-,[594],-,-
599,-,-,-,-,-,-,-,[601],-,-,-,-,-,-,-,-,-,-,[600],-,-,-,-,-,-,-,-,-,-,-
600,-,-,-,-,-,-,-,-,-,-,-,-,-,-,-,-,-,-,-,-,-,-,-,-,-,-,-,[599],-,-
601,-,-,-,-,-,-,-,-,-,-,-,-,-,-,-,-,-,-,-,-,-,-,-,-,-,-,-,[598],-,-
602,-,[604],-,-,-,-,-,-,-,-,-,-,-,-,-,-,-,-,[605],-,-,-,-,-,-,-,-,[588],-,-
603,-,-,-,-,-,-,-,-,-,-,-,-,-,-,-,-,-,-,-,-,-,-,-,-,-,-,-,[608],-,-
604,-,-,-,-,-,-,-,-,-,-,-,-,-,-,-,-,-,-,-,-,-,-,-,-,-,-,-,[603],-,-
605,-,-,-,-,-,-,-,-,-,-,-,-,-,-,-,-,-,-,-,-,-,-,-,-,-,-,-,[603],-,-
606,-,-,-,-,-,-,-,-,-,-,-,-,-,-,-,-,-,-,-,-,-,-,-,-,-,-,-,[602],-,-
607,-,-,-,-,-,-,-,-,-,-,-,-,-,-,-,-,-,-,-,-,-,-,-,-,-,-,-,[611],-,-
608,-,-,-,-,-,-,-,[610],-,-,-,-,-,-,-,-,-,-,[609],-,-,-,-,-,-,-,-,-,-,-
609,-,-,-,-,-,-,-,-,-,-,-,-,-,-,-,-,-,-,-,-,-,-,-,-,-,-,-,[608],-,-
610,-,-,-,-,-,-,-,-,-,-,-,-,-,-,-,-,-,-,-,-,-,-,-,-,-,-,-,[607],-,-
611,-,-,[613],-,-,-,-,-,-,-,-,-,-,-,-,-,-,-,-,-,-,-,-,-,[614],-,-,[606],-,-
612,-,-,-,-,-,-,-,-,-,-,-,-,-,-,-,-,-,-,-,-,-,-,-,-,-,-,-,[616],-,-
613,-,-,-,-,-,-,-,-,-,-,-,-,-,-,-,-,-,-,-,-,-,-,-,-,-,-,-,[612],-,-
614,-,-,-,-,-,-,-,-,-,-,-,-,-,-,-,-,-,-,-,-,-,-,-,-,-,-,-,[612],-,-
615,-,-,-,-,-,-,-,-,-,-,-,-,-,-,-,-,-,-,-,-,-,-,-,-,-,-,-,[611],-,-
616,-,-,-,-,-,-,-,[618],-,-,-,-,-,-,-,-,-,-,[617],-,-,-,-,-,-,-,-,-,-,-
617,-,-,-,-,-,-,-,-,-,-,-,-,-,-,-,-,-,-,-,-,-,-,-,-,-,-,-,[616],-,-
618,-,-,-,-,-,-,-,-,-,-,-,-,-,-,-,-,-,-,-,-,-,-,-,-,-,-,-,[615],-,-
619,-,-,-,-,-,-,-,-,-,-,-,-,-,-,-,-,-,-,-,-,-,-,-,-,-,-,-,[587],-,-
621,-,-,-,-,-,-,-,-,-,-,-,-,-,-,-,-,-,-,-,-,-,-,-,-,-,-,-,[620],-,-
622,-,-,-,-,-,-,-,-,-,-,-,-,-,-,-,-,-,-,-,-,-,-,-,-,-,-,-,[620],-,-
623,-,-,-,-,-,-,-,-,-,-,-,-,-,-,-,-,-,-,-,-,-,-,-,-,-,-,-,[620],-,-
624,-,-,-,-,-,-,-,-,-,-,-,-,-,-,-,-,-,-,-,-,-,-,-,-,-,-,-,[620],-,-
625,-,-,-,-,-,-,-,-,-,-,-,-,-,-,-,-,-,-,-,-,-,-,-,-,-,-,-,[620],-,-
626,-,-,-,-,-,-,-,-,-,-,-,-,-,-,-,-,-,-,-,-,-,-,-,-,-,-,-,[620],-,-
627,-,-,-,-,-,-,-,-,-,-,-,-,-,-,-,-,-,-,-,-,-,-,-,-,-,-,-,[620],-,-
628,-,-,-,-,-,-,-,-,-,-,-,-,-,-,-,-,-,-,-,-,-,-,-,-,-,-,-,[620],-,-
629,-,-,-,-,-,-,-,-,-,-,-,-,-,-,-,-,-,-,-,-,-,-,-,-,-,-,-,[619],-,-
630,-,-,-,-,-,-,-,-,-,-,-,-,-,-,-,-,-,-,-,-,-,-,-,-,-,-,-,[643],-,-
631,-,-,-,-,-,-,-,-,-,-,-,-,-,-,-,-,-,-,-,-,-,-,-,-,-,-,-,[635],-,-
632,-,-,-,-,-,-,-,[634],-,-,-,-,-,-,-,-,-,-,[633],-,-,-,-,-,-,-,-,-,-,-
633,-,-,-,-,-,-,-,-,-,-,-,-,-,-,-,-,-,-,-,-,-,-,-,-,-,-,-,[632],-,-
634,-,-,-,-,-,-,-,-,-,-,-,-,-,-,-,-,-,-,-,-,-,-,-,-,-,-,-,[631],-,-
635,-,-,[637],-,-,-,-,-,-,-,-,-,-,-,-,-,-,-,-,-,-,-,-,-,[638],-,-,[630],-,-
636,-,-,-,-,-,-,-,-,-,-,-,-,-,-,-,-,-,-,-,-,-,-,-,-,-,-,-,[640],-,-
637,-,-,-,-,-,-,-,-,-,-,-,-,-,-,-,-,-,-,-,-,-,-,-,-,-,-,-,[636],-,-
638,-,-,-,-,-,-,-,-,-,-,-,-,-,-,-,-,-,-,-,-,-,-,-,-,-,-,-,[636],-,-
639,-,-,-,-,-,-,-,-,-,-,-,-,-,-,-,-,-,-,-,-,-,-,-,-,-,-,-,[635],-,-
640,-,-,-,-,-,-,-,[642],-,-,-,-,-,-,-,-,-,-,-,-,-,-,-,-,-,-,-,-,-,-
641,-,-,-,-,-,-,-,-,-,-,-,-,-,-,-,-,-,-,-,-,-,-,-,-,-,-,-,[640],-,-
642,-,-,-,-,-,-,-,-,-,-,-,-,-,-,-,-,-,-,-,-,-,-,-,-,-,-,-,[639],-,-
643,-,[645],-,-,-,-,-,-,-,-,-,-,-,-,-,-,-,-,[646],-,-,-,-,-,-,-,-,[629],-,-
644,-,-,-,-,-,-,-,-,-,-,-,-,-,-,-,-,-,-,-,-,-,-,-,-,-,-,-,[649],-,-
645,-,-,-,-,-,-,-,-,-,-,-,-,-,-,-,-,-,-,-,-,-,-,-,-,-,-,-,[644],-,-
646,-,-,-,-,-,-,-,-,-,-,-,-,-,-,-,-,-,-,-,-,-,-,-,-,-,-,-,[644],-,-
647,-,-,-,-,-,-,-,-,-,-,-,-,-,-,-,-,-,-,-,-,-,-,-,-,-,-,-,[643],-,-
648,-,-,-,-,-,-,-,-,-,-,-,-,-,-,-,-,-,-,-,-,-,-,-,-,-,-,-,[652],-,-
649,-,-,-,-,-,-,-,[651],-,-,-,-,-,-,-,-,-,-,[650],-,-,-,-,-,-,-,-,-,-,-
650,-,-,-,-,-,-,-,-,-,-,-,-,-,-,-,-,-,-,-,-,-,-,-,-,-,-,-,[649],-,-
651,-,-,-,-,-,-,-,-,-,-,-,-,-,-,-,-,-,-,-,-,-,-,-,-,-,-,-,[648],-,-
652,-,-,[654],-,-,-,-,-,-,-,-,-,-,-,-,-,-,-,-,-,-,-,-,-,[655],-,-,[647],-,-
653,-,-,-,-,-,-,-,-,-,-,-,-,-,-,-,-,-,-,-,-,-,-,-,-,-,-,-,[657],-,-
654,-,-,-,-,-,-,-,-,-,-,-,-,-,-,-,-,-,-,-,-,-,-,-,-,-,-,-,[653],-,-
655,-,-,-,-,-,-,-,-,-,-,-,-,-,-,-,-,-,-,-,-,-,-,-,-,-,-,-,[653],-,-
656,-,-,-,-,-,-,-,-,-,-,-,-,-,-,-,-,-,-,-,-,-,-,-,-,-,-,-,[652],-,-
657,-,-,-,-,-,-,-,[659],-,-,-,-,-,-,-,-,-,-,[658],-,-,-,-,-,-,-,-,-,-,-
658,-,-,-,-,-,-,-,-,-,-,-,-,-,-,-,-,-,-,-,-,-,-,-,-,-,-,-,[657],-,-
659,-,-,-,-,-,-,-,-,-,-,-,-,-,-,-,-,-,-,-,-,-,-,-,-,-,-,-,[656],-,-
660,-,-,-,-,-,-,-,-,-,-,-,-,-,-,-,-,-,-,-,-,-,-,-,-,-,-,-,[331],-,-
661,-,-,-,-,-,-,-,-,-,-,[1],-,-,-,-,-,-,-,-,-,-,-,-,-,-,-,-,-,-,-
662,-,-,-,-,-,-,-,-,-,-,-,-,-,-,-,-,-,-,-,-,-,-,-,-,-,-,-,[661],-,-
663,-,-,-,-,-,-,-,-,-,-,-,-,-,-,-,-,-,-,-,-,-,-,-,-,-,-,-,[662],-,-
664,-,-,-,-,-,-,-,-,-,-,-,-,-,-,-,-,-,-,-,-,-,-,-,-,-,-,-,[662],-,-
665,-,-,-,-,-,-,-,-,-,-,-,-,-,-,-,-,-,-,-,-,-,-,-,-,-,-,-,[661],-,-
666,-,-,-,-,-,-,-,-,-,-,-,-,-,-,-,-,-,-,-,-,-,-,-,-,-,-,-,[665],-,-
667,-,-,-,-,-,-,-,-,-,-,-,-,-,-,-,-,-,-,-,-,-,-,-,-,-,-,-,[665],-,-
668,-,-,-,-,-,-,-,-,-,-,-,-,-,-,-,-,-,-,-,-,-,-,-,-,-,-,-,[661],-,-
669,-,-,-,-,-,-,-,-,-,-,-,-,-,-,-,-,-,-,-,-,-,-,-,-,-,-,-,[661],-,-
