e,!,!=,#,&,(,),*,+,",",-,/,<,<=,=,==,>,>=,Character,Constant-String,Float-Number,Function,Identifier,Integer-Number,[,],factor,false,true,|
0,-,-,-,-,-,[1],-,-,-,-,-,-,-,-,-,-,-,-,[667],[666],[664],[332],[326],[663],-,-,-,[669],[668],-
1,-,[15],-,-,-,-,-,-,-,-,[305],-,-,-,-,-,-,-,-,-,-,-,[5],-,-,-,[22],-,-,-
3,-,[15],-,-,-,-,-,-,-,-,[305],-,-,-,-,-,-,-,-,-,-,-,[5],-,-,-,[22],-,-,-
5,-,-,-,-,-,-,-,[670],-,-,[501],[671],-,-,[10],-,-,-,-,-,-,-,-,-,[7],-,-,-,-,-
7,-,-,-,-,-,-,-,-,-,-,-,-,-,-,-,-,-,-,-,-,-,-,-,[8],-,-,-,-,-,-
8,-,-,-,-,-,-,-,-,-,-,-,-,-,-,-,-,-,-,-,-,-,-,-,-,-,[9],-,-,-,-
9,-,[93],-,-,-,-,-,[670],-,-,[99],[671],-,-,[10],-,-,-,-,-,-,-,-,-,-,-,[100],-,-,-
10,-,[15],-,-,-,-,-,-,-,-,[305],-,-,-,-,-,-,-,-,-,-,-,[5],-,-,-,[22],-,-,-
12,-,-,-,-,-,-,[324],-,-,-,[116],-,-,-,-,-,-,-,-,-,-,-,-,-,-,-,[117],-,-,[168]
14,-,[15],-,-,-,-,-,-,-,-,-,-,-,-,-,-,-,-,-,-,-,-,-,-,-,-,[22],-,-,-
15,-,[15],-,-,-,-,-,-,[152],-,[153],-,-,-,-,-,-,-,-,-,-,-,-,-,-,-,[22],-,-,-
17,-,-,[56],[57],[90],-,[324],-,-,-,[165],-,[53],[54],[50],[55],[51],[52],-,-,-,-,-,-,-,-,[166],-,-,[168]
19,-,-,[56],[57],[90],-,[324],[182],[33],-,[236],[183],[53],[54],[50],[55],[51],[52],-,-,-,-,-,-,-,-,[237],-,-,[168]
21,-,-,-,-,-,-,-,-,-,-,-,-,-,-,-,-,-,-,-,-,-,-,-,-,-,-,[22],-,-,-
22,-,-,[56],[57],[90],-,[324],[182],[33],-,[236],[183],[53],[54],[50],[55],[51],[52],-,-,-,-,-,-,-,-,[237],-,-,[168]
24,-,-,-,-,-,-,-,-,-,-,[672],-,-,-,-,-,-,-,-,-,-,-,-,-,-,-,[30],-,-,-
25,-,-,-,-,-,-,-,-,-,-,[672],-,-,-,-,-,-,-,-,-,-,-,-,-,-,-,[30],-,-,-
26,-,-,-,-,-,-,-,-,-,-,[672],-,-,-,-,-,-,-,-,-,-,-,-,-,-,-,[30],-,-,-
28,-,-,-,-,-,-,-,-,-,-,[672],-,-,-,-,-,-,-,-,-,-,-,-,-,-,-,[30],-,-,-
30,-,-,[56],[57],[90],-,[324],[182],[33],-,[236],[183],[53],[54],[50],[55],[51],[52],-,-,-,-,-,-,-,-,[237],-,-,[168]
32,-,-,-,-,-,-,-,-,-,-,[38],-,-,-,-,-,-,-,-,-,-,-,-,-,-,-,[39],-,-,-
33,-,-,-,-,-,-,-,-,-,-,[38],-,-,-,-,-,-,-,-,-,-,-,-,-,-,-,[39],-,-,-
34,-,-,-,-,-,-,-,-,-,-,[38],-,-,-,[346],-,-,-,-,-,-,-,-,-,-,-,[39],-,-,-
36,-,[351],[56],[57],[90],-,[324],-,[33],-,[357],-,[53],[54],[50],[55],[51],[52],-,-,-,-,-,-,-,-,[358],-,-,[168]
38,-,-,-,-,-,-,-,-,-,-,[38],-,-,-,-,-,-,-,-,-,-,-,-,-,-,-,[39],-,-,-
39,-,[351],[56],[57],[90],-,[324],-,[33],-,[357],-,[53],[54],[50],[55],[51],[52],-,-,-,-,-,-,-,-,[358],-,-,[168]
41,-,-,-,-,-,-,-,-,-,-,[46],-,-,-,-,-,-,-,-,-,-,-,-,-,-,-,[47],-,-,-
43,-,-,-,-,-,-,-,-,-,-,[46],-,-,-,-,-,-,-,-,-,-,-,-,-,-,-,[47],-,-,-
45,-,-,-,-,-,-,-,-,-,-,[46],-,-,-,-,-,-,-,-,-,-,-,-,-,-,-,[47],-,-,-
46,-,-,-,-,-,-,-,-,-,-,[46],-,-,-,-,-,-,-,-,-,-,-,-,-,-,-,[47],-,-,-
47,-,[351],[56],[57],[90],-,[324],-,[33],-,[357],-,[53],[54],[50],[55],[51],[52],-,-,-,-,-,-,-,-,[358],-,-,[168]
49,-,-,-,-,-,-,-,-,-,-,[62],-,-,-,-,-,-,-,-,-,-,-,-,-,-,-,[63],-,-,-
50,-,-,-,-,-,-,-,-,-,-,[62],-,-,-,-,-,-,-,-,-,-,-,-,-,-,-,[63],-,-,-
51,-,-,[549],[550],-,-,-,-,-,-,[62],-,[546],[547],[543],[548],[544],[545],-,-,-,-,-,-,-,-,[63],-,-,-
52,-,-,-,-,-,-,-,-,-,-,[62],-,-,-,-,-,-,-,-,-,-,-,-,-,-,-,[63],-,-,-
53,-,-,-,-,-,-,-,-,-,-,[62],-,-,-,-,-,-,-,-,-,-,-,-,-,-,-,[63],-,-,-
54,-,-,-,-,-,-,-,-,-,-,[62],-,-,-,-,-,-,-,-,-,-,-,-,-,-,-,[63],-,-,-
55,-,-,-,-,-,-,-,-,-,-,[62],-,-,-,-,-,-,-,-,-,-,-,-,-,-,-,[63],-,-,-
56,-,-,-,-,-,-,-,-,-,-,[62],-,-,-,-,-,-,-,-,-,-,-,-,-,-,-,[63],-,-,-
57,-,-,-,-,-,-,-,-,-,-,[62],-,-,-,-,-,-,-,-,-,-,-,-,-,-,-,[63],-,-,-
59,-,-,-,-,[90],-,[324],-,[74],-,[165],-,-,-,-,-,-,-,-,-,-,-,-,-,-,-,[166],-,-,[168]
61,-,-,-,-,-,-,-,-,-,-,[62],-,-,-,-,-,-,-,-,-,-,-,-,-,-,-,[63],-,-,-
62,-,-,-,-,-,-,-,-,-,-,[633],-,-,-,-,-,-,-,-,-,-,-,-,-,-,-,[634],-,-,-
63,-,-,-,-,[90],-,[324],[66],[74],-,[165],[67],-,-,-,-,-,-,-,-,-,-,-,-,-,-,[166],-,-,[168]
65,-,-,-,-,-,-,-,-,-,-,[70],-,-,-,-,-,-,-,-,-,-,-,-,-,-,-,[71],-,-,-
66,-,-,-,-,-,-,-,-,-,-,[70],-,-,-,-,-,-,-,-,-,-,-,-,-,-,-,[71],-,-,-
67,-,-,-,-,-,-,-,-,-,-,[70],-,-,-,-,-,-,-,-,-,-,-,-,-,-,-,[71],-,-,-
69,-,-,-,-,-,-,-,-,-,-,[70],-,-,-,-,-,-,-,-,-,-,-,-,-,-,-,[71],-,-,-
70,-,-,-,-,-,-,-,-,-,-,[70],-,-,-,-,-,-,-,-,-,-,-,-,-,-,-,[71],-,-,-
71,-,-,-,-,[90],-,[324],[66],[74],-,[165],[67],-,-,-,-,-,-,-,-,-,-,-,-,-,-,[166],-,-,[168]
73,-,-,-,-,-,-,-,-,-,-,[79],-,-,-,-,-,-,-,-,-,-,-,-,-,-,-,[80],-,-,-
74,-,-,-,-,-,-,-,-,-,-,[79],-,-,-,-,-,-,-,-,-,-,-,-,-,-,-,[80],-,-,-
75,-,-,-,-,-,-,-,-,-,-,[79],-,-,-,-,-,-,-,-,-,-,-,-,-,-,-,[80],-,-,-
77,-,-,-,-,[90],-,[324],[83],[74],-,[165],[84],-,-,-,-,-,-,-,-,-,-,-,-,-,-,[166],-,-,[168]
79,-,-,-,-,-,-,-,-,-,-,[79],-,-,-,-,-,-,-,-,-,-,-,-,-,-,-,[80],-,-,-
80,-,-,-,-,[90],-,[324],[83],[74],-,[165],[84],-,-,-,-,-,-,-,-,-,-,-,-,-,-,[166],-,-,[168]
82,-,-,-,-,-,-,-,-,-,-,[87],-,-,-,-,-,-,-,-,-,-,-,-,-,-,-,[88],-,-,-
83,-,-,-,-,-,-,-,-,-,-,[87],-,-,-,-,-,-,-,-,-,-,-,-,-,-,-,[88],-,-,-
84,-,-,-,-,-,-,-,-,-,-,[87],-,-,-,-,-,-,-,-,-,-,-,-,-,-,-,[88],-,-,-
86,-,-,-,-,-,-,-,-,-,-,[87],-,-,-,-,-,-,-,-,-,-,-,-,-,-,-,[88],-,-,-
87,-,-,-,-,-,-,-,-,-,-,[87],-,-,-,-,-,-,-,-,-,-,-,-,-,-,-,[88],-,-,-
88,-,-,-,-,[90],-,[324],[83],[74],-,[165],[84],-,-,-,-,-,-,-,-,-,-,-,-,-,-,[166],-,-,[168]
90,-,-,-,-,-,-,-,-,-,-,-,-,-,-,-,-,-,-,-,-,-,-,-,-,-,-,-,-,-,-
92,-,[93],-,-,-,-,-,-,-,-,[99],-,-,-,-,-,-,-,-,-,-,-,-,-,-,-,[100],-,-,-
93,-,[93],-,-,-,-,-,-,-,-,[99],-,-,-,-,-,-,-,-,-,-,-,-,-,-,-,[100],-,-,-
95,-,-,[134],[135],[90],-,[324],-,-,-,[116],-,[131],[132],[128],[133],[129],[130],-,-,-,-,-,-,-,-,[117],-,-,[168]
97,-,-,[134],[135],[90],-,[324],[103],[111],-,[116],[104],[131],[132],[128],[133],[129],[130],-,-,-,-,-,-,-,-,[117],-,-,[168]
99,-,-,-,-,-,-,-,-,-,-,[99],-,-,-,-,-,-,-,-,-,-,-,-,-,-,-,[100],-,-,-
100,-,-,[134],[135],[90],-,[324],[103],[111],-,[116],[104],[131],[132],[128],[133],[129],[130],-,-,-,-,-,-,-,-,[117],-,-,[168]
102,-,-,-,-,-,-,-,-,-,-,[107],-,-,-,-,-,-,-,-,-,-,-,-,-,-,-,[108],-,-,-
103,-,-,-,-,-,-,-,-,-,-,[107],-,-,-,-,-,-,-,-,-,-,-,-,-,-,-,[108],-,-,-
104,-,-,-,-,-,-,-,-,-,-,[107],-,-,-,-,-,-,-,-,-,-,-,-,-,-,-,[108],-,-,-
106,-,-,-,-,-,-,-,-,-,-,[107],-,-,-,-,-,-,-,-,-,-,-,-,-,-,-,[108],-,-,-
107,-,-,-,-,-,-,-,-,-,-,[107],-,-,-,-,-,-,-,-,-,-,-,-,-,-,-,[108],-,-,-
108,-,-,[134],[135],[90],-,[324],[103],[111],-,[116],[104],[131],[132],[128],[133],[129],[130],-,-,-,-,-,-,-,-,[117],-,-,[168]
110,-,-,-,-,-,-,-,-,-,-,-,-,-,-,-,-,-,-,-,-,-,-,-,-,-,-,-,-,-,-
111,-,-,-,-,-,-,-,-,-,-,-,-,-,-,-,-,-,-,-,-,-,-,-,-,-,-,-,-,-,-
112,-,-,-,-,-,-,-,-,-,-,-,-,-,-,-,-,-,-,-,-,-,-,-,-,-,-,-,-,-,-
114,-,-,[134],[135],[90],-,[324],[120],[111],-,[116],[121],[131],[132],[128],[133],[129],[130],-,-,-,-,-,-,-,-,[117],-,-,[168]
116,-,-,-,-,-,-,-,-,-,-,[116],-,-,-,-,-,-,-,-,-,-,-,-,-,-,-,[117],-,-,-
117,-,-,[134],[135],[90],-,[324],[120],[111],-,[116],[121],[131],[132],[128],[133],[129],[130],-,-,-,-,-,-,-,-,[117],-,-,[168]
119,-,-,-,-,-,-,-,-,-,-,[124],-,-,-,-,-,-,-,-,-,-,-,-,-,-,-,[125],-,-,-
120,-,-,-,-,-,-,-,-,-,-,[124],-,-,-,-,-,-,-,-,-,-,-,-,-,-,-,[125],-,-,-
121,-,-,-,-,-,-,-,-,-,-,[124],-,-,-,-,-,-,-,-,-,-,-,-,-,-,-,[125],-,-,-
123,-,-,-,-,-,-,-,-,-,-,[124],-,-,-,-,-,-,-,-,-,-,-,-,-,-,-,[125],-,-,-
124,-,-,-,-,-,-,-,-,-,-,[124],-,-,-,-,-,-,-,-,-,-,-,-,-,-,-,[125],-,-,-
125,-,-,[134],[135],[90],-,[324],[120],[111],-,[116],[121],[131],[132],[128],[133],[129],[130],-,-,-,-,-,-,-,-,[117],-,-,[168]
127,-,-,-,-,-,-,-,-,-,-,[140],-,-,-,-,-,-,-,-,-,-,-,-,-,-,-,[141],-,-,-
128,-,-,-,-,-,-,-,-,-,-,[140],-,-,-,-,-,-,-,-,-,-,-,-,-,-,-,[141],-,-,-
129,-,-,-,-,-,-,-,-,-,-,[140],-,-,-,-,-,-,-,-,-,-,-,-,-,-,-,[141],-,-,-
130,-,-,-,-,-,-,-,-,-,-,[140],-,-,-,-,-,-,-,-,-,-,-,-,-,-,-,[141],-,-,-
131,-,-,-,-,-,-,-,-,-,-,[140],-,-,-,-,-,-,-,-,-,-,-,-,-,-,-,[141],-,-,-
132,-,-,-,-,-,-,-,-,-,-,[140],-,-,-,-,-,-,-,-,-,-,-,-,-,-,-,[141],-,-,-
133,-,-,-,-,-,-,-,-,-,-,[140],-,-,-,-,-,-,-,-,-,-,-,-,-,-,-,[141],-,-,-
134,-,-,-,-,-,-,-,-,-,-,[140],-,-,-,-,-,-,-,-,-,-,-,-,-,-,-,[141],-,-,-
135,-,-,-,-,-,-,-,-,-,-,[140],-,-,-,-,-,-,-,-,-,-,-,-,-,-,-,[141],-,-,-
137,-,-,-,-,[90],-,[324],-,-,-,[116],-,-,-,-,-,-,-,-,-,-,-,-,-,-,-,[117],-,-,[168]
139,-,-,-,-,-,-,-,-,-,-,[140],-,-,-,-,-,-,-,-,-,-,-,-,-,-,-,[141],-,-,-
140,-,-,-,-,-,-,-,-,-,-,[140],-,-,-,-,-,-,-,-,-,-,-,-,-,-,-,[141],-,-,-
141,-,-,-,-,[90],-,[324],[144],-,-,[116],[145],-,-,-,-,-,-,-,-,-,-,-,-,-,-,[117],-,-,[168]
143,-,-,-,-,-,-,-,-,-,-,[148],-,-,-,-,-,-,-,-,-,-,-,-,-,-,-,[149],-,-,-
144,-,-,-,-,-,-,-,-,-,-,[148],-,-,-,-,-,-,-,-,-,-,-,-,-,-,-,[149],-,-,-
145,-,-,-,-,-,-,-,-,-,-,[148],-,-,-,-,-,-,-,-,-,-,-,-,-,-,-,[149],-,-,-
147,-,-,-,-,-,-,-,-,-,-,[148],-,-,-,-,-,-,-,-,-,-,-,-,-,-,-,[149],-,-,-
148,-,-,-,-,-,-,-,-,-,-,[148],-,-,-,-,-,-,-,-,-,-,-,-,-,-,-,[149],-,-,-
149,-,-,-,-,[90],-,[324],[144],-,-,[116],[145],-,-,-,-,-,-,-,-,-,-,-,-,-,-,[117],-,-,[168]
151,-,-,-,-,-,-,-,-,-,-,[157],-,-,-,-,-,-,-,-,-,-,-,-,-,-,-,[158],-,-,-
152,-,-,-,-,-,-,-,-,-,-,[157],-,-,-,-,-,-,-,-,-,-,-,-,-,-,-,[158],-,-,-
153,-,-,-,-,-,-,-,-,-,-,[157],-,-,-,-,-,-,-,-,-,-,-,-,-,-,-,[158],-,-,-
155,-,-,-,-,[90],-,[324],[161],-,-,[116],[162],-,-,-,-,-,-,-,-,-,-,-,-,-,-,[117],-,-,[168]
157,-,-,-,-,-,-,-,-,-,-,[157],-,-,-,-,-,-,-,-,-,-,-,-,-,-,-,[158],-,-,-
158,-,-,-,-,[90],-,[324],[161],-,-,[116],[162],-,-,-,-,-,-,-,-,-,-,-,-,-,-,[117],-,-,[168]
160,-,-,-,-,-,-,-,-,-,-,-,-,-,-,-,-,-,-,-,-,-,-,-,-,-,-,-,-,-,-
161,-,-,-,-,-,-,-,-,-,-,-,-,-,-,-,-,-,-,-,-,-,-,-,-,-,-,-,-,-,-
162,-,-,-,-,-,-,-,-,-,-,-,-,-,-,-,-,-,-,-,-,-,-,-,-,-,-,-,-,-,-
164,-,-,-,-,-,-,-,-,-,-,[165],-,-,-,-,-,-,-,-,-,-,-,-,-,-,-,[166],-,-,-
165,-,-,-,-,-,-,-,-,-,-,[165],-,-,-,-,-,-,-,-,-,-,-,-,-,-,-,[166],-,-,-
166,-,-,-,-,[90],-,[324],[161],-,-,[116],[162],-,-,-,-,-,-,-,-,-,-,-,-,-,-,[117],-,-,[168]
168,-,[172],-,-,-,-,-,-,-,-,[178],-,-,-,-,-,-,-,-,-,-,-,-,-,-,-,[179],-,-,-
170,-,-,-,-,[247],-,[324],-,-,-,[116],-,-,-,-,-,-,-,-,-,-,-,-,-,-,-,[117],-,-,[168]
172,-,[172],-,-,-,-,-,-,-,-,[178],-,-,-,-,-,-,-,-,-,-,-,-,-,-,-,[179],-,-,-
174,-,-,[213],[214],[247],-,[324],-,-,-,[116],-,[210],[211],[207],[212],[208],[209],-,-,-,-,-,-,-,-,[117],-,-,[168]
176,-,-,[213],[214],[247],-,[324],-,[190],-,[116],-,[210],[211],[207],[212],[208],[209],-,-,-,-,-,-,-,-,[117],-,-,[168]
178,-,-,-,-,-,-,-,-,-,-,[178],-,-,-,-,-,-,-,-,-,-,-,-,-,-,-,[179],-,-,-
179,-,-,[213],[214],[247],-,[324],-,[190],-,[116],-,[210],[211],[207],[212],[208],[209],-,-,-,-,-,-,-,-,[117],-,-,[168]
181,-,-,-,-,-,-,-,-,-,-,[186],-,-,-,-,-,-,-,-,-,-,-,-,-,-,-,[187],-,-,-
182,-,-,-,-,-,-,-,-,-,-,[186],-,-,-,-,-,-,-,-,-,-,-,-,-,-,-,[187],-,-,-
183,-,-,-,-,-,-,-,-,-,-,[186],-,-,-,-,-,-,-,-,-,-,-,-,-,-,-,[187],-,-,-
185,-,-,-,-,-,-,-,-,-,-,[186],-,-,-,-,-,-,-,-,-,-,-,-,-,-,-,[187],-,-,-
186,-,-,-,-,-,-,-,-,-,-,[186],-,-,-,-,-,-,-,-,-,-,-,-,-,-,-,[187],-,-,-
187,-,-,[213],[214],[247],-,[324],-,[190],-,[116],-,[210],[211],[207],[212],[208],[209],-,-,-,-,-,-,-,-,[117],-,-,[168]
189,-,-,-,-,-,-,-,-,-,-,[195],-,-,-,-,-,-,-,-,-,-,-,-,-,-,-,[196],-,-,-
190,-,-,-,-,-,-,-,-,-,-,[195],-,-,-,-,-,-,-,-,-,-,-,-,-,-,-,[196],-,-,-
191,-,-,-,-,-,-,-,-,-,-,[195],-,-,-,-,-,-,-,-,-,-,-,-,-,-,-,[196],-,-,-
193,-,-,[213],[214],[247],-,[324],[199],[190],-,[116],[200],[210],[211],[207],[212],[208],[209],-,-,-,-,-,-,-,-,[117],-,-,[168]
195,-,-,-,-,-,-,-,-,-,-,[195],-,-,-,-,-,-,-,-,-,-,-,-,-,-,-,[196],-,-,-
196,-,-,[213],[214],[247],-,[324],[199],[190],-,[116],[200],[210],[211],[207],[212],[208],[209],-,-,-,-,-,-,-,-,[117],-,-,[168]
198,-,-,-,-,-,-,-,-,-,-,[203],-,-,-,-,-,-,-,-,-,-,-,-,-,-,-,[204],-,-,-
199,-,-,-,-,-,-,-,-,-,-,[203],-,-,-,-,-,-,-,-,-,-,-,-,-,-,-,[204],-,-,-
200,-,-,-,-,-,-,-,-,-,-,[203],-,-,-,-,-,-,-,-,-,-,-,-,-,-,-,[204],-,-,-
202,-,-,-,-,-,-,-,-,-,-,[203],-,-,-,-,-,-,-,-,-,-,-,-,-,-,-,[204],-,-,-
203,-,-,-,-,-,-,-,-,-,-,[203],-,-,-,-,-,-,-,-,-,-,-,-,-,-,-,[204],-,-,-
204,-,-,[213],[214],[247],-,[324],[199],[190],-,[116],[200],[210],[211],[207],[212],[208],[209],-,-,-,-,-,-,-,-,[117],-,-,[168]
206,-,-,-,-,-,-,-,-,-,-,[219],-,-,-,-,-,-,-,-,-,-,-,-,-,-,-,[220],-,-,-
207,-,-,-,-,-,-,-,-,-,-,[219],-,-,-,-,-,-,-,-,-,-,-,-,-,-,-,[220],-,-,-
208,-,-,-,-,-,-,-,-,-,-,[219],-,-,-,-,-,-,-,-,-,-,-,-,-,-,-,[220],-,-,-
209,-,-,-,-,-,-,-,-,-,-,[219],-,-,-,-,-,-,-,-,-,-,-,-,-,-,-,[220],-,-,-
210,-,-,-,-,-,-,-,-,-,-,[219],-,-,-,-,-,-,-,-,-,-,-,-,-,-,-,[220],-,-,-
211,-,-,-,-,-,-,-,-,-,-,[219],-,-,-,-,-,-,-,-,-,-,-,-,-,-,-,[220],-,-,-
212,-,-,-,-,-,-,-,-,-,-,[219],-,-,-,-,-,-,-,-,-,-,-,-,-,-,-,[220],-,-,-
213,-,-,-,-,-,-,-,-,-,-,[219],-,-,-,-,-,-,-,-,-,-,-,-,-,-,-,[220],-,-,-
214,-,-,-,-,-,-,-,-,-,-,[219],-,-,-,-,-,-,-,-,-,-,-,-,-,-,-,[220],-,-,-
216,-,-,-,-,[247],-,[324],-,[231],-,[116],-,-,-,-,-,-,-,-,-,-,-,-,-,-,-,[117],-,-,[168]
218,-,-,-,-,-,-,-,-,-,-,[219],-,-,-,-,-,-,-,-,-,-,-,-,-,-,-,[220],-,-,-
219,-,-,-,-,-,-,-,-,-,-,[219],-,-,-,-,-,-,-,-,-,-,-,-,-,-,-,[220],-,-,-
220,-,-,-,-,[247],-,[324],[223],[231],-,[116],[224],-,-,-,-,-,-,-,-,-,-,-,-,-,-,[117],-,-,[168]
222,-,-,-,-,-,-,-,-,-,-,[227],-,-,-,-,-,-,-,-,-,-,-,-,-,-,-,[228],-,-,-
223,-,-,-,-,-,-,-,-,-,-,[227],-,-,-,-,-,-,-,-,-,-,-,-,-,-,-,[228],-,-,-
224,-,-,-,-,-,-,-,-,-,-,[227],-,-,-,-,-,-,-,-,-,-,-,-,-,-,-,[228],-,-,-
226,-,-,-,-,-,-,-,-,-,-,[227],-,-,-,-,-,-,-,-,-,-,-,-,-,-,-,[228],-,-,-
227,-,-,-,-,-,-,-,-,-,-,[227],-,-,-,-,-,-,-,-,-,-,-,-,-,-,-,[228],-,-,-
228,-,-,-,-,[247],-,[324],[223],[231],-,[116],[224],-,-,-,-,-,-,-,-,-,-,-,-,-,-,[117],-,-,[168]
230,-,-,-,-,-,-,-,-,-,-,-,-,-,-,-,-,-,-,-,-,-,-,-,-,-,-,-,-,-,-
231,-,-,-,-,-,-,-,-,-,-,-,-,-,-,-,-,-,-,-,-,-,-,-,-,-,-,-,-,-,-
232,-,-,-,-,-,-,-,-,-,-,-,-,-,-,-,-,-,-,-,-,-,-,-,-,-,-,-,-,-,-
234,-,-,-,-,[247],-,[324],[240],[231],-,[116],[241],-,-,-,-,-,-,-,-,-,-,-,-,-,-,[117],-,-,[168]
236,-,-,-,-,-,-,-,-,-,-,[236],-,-,-,-,-,-,-,-,-,-,-,-,-,-,-,[237],-,-,-
237,-,-,-,-,[247],-,[324],[240],[231],-,[116],[241],-,-,-,-,-,-,-,-,-,-,-,-,-,-,[117],-,-,[168]
239,-,-,-,-,-,-,-,-,-,-,[244],-,-,-,-,-,-,-,-,-,-,-,-,-,-,-,[245],-,-,-
240,-,-,-,-,-,-,-,-,-,-,[244],-,-,-,-,-,-,-,-,-,-,-,-,-,-,-,[245],-,-,-
241,-,-,-,-,-,-,-,-,-,-,[244],-,-,-,-,-,-,-,-,-,-,-,-,-,-,-,[245],-,-,-
243,-,-,-,-,-,-,-,-,-,-,[244],-,-,-,-,-,-,-,-,-,-,-,-,-,-,-,[245],-,-,-
244,-,-,-,-,-,-,-,-,-,-,[244],-,-,-,-,-,-,-,-,-,-,-,-,-,-,-,[245],-,-,-
245,-,-,-,-,[247],-,[324],[240],[231],-,[116],[241],-,-,-,-,-,-,-,-,-,-,-,-,-,-,[117],-,-,[168]
247,-,[250],-,-,-,-,-,-,-,-,[256],-,-,-,-,-,-,-,-,-,-,-,-,-,-,-,[257],-,-,-
249,-,[250],-,-,-,-,-,-,-,-,[256],-,-,-,-,-,-,-,-,-,-,-,-,-,-,-,[257],-,-,-
250,-,[250],-,-,-,-,-,-,-,-,[256],-,-,-,-,-,-,-,-,-,-,-,-,-,-,-,[257],-,-,-
252,-,-,[291],[292],[247],-,[324],-,-,-,[116],-,[288],[289],[285],[290],[286],[287],-,-,-,-,-,-,-,-,[117],-,-,[168]
254,-,-,[291],[292],[247],-,[324],[260],[268],-,[116],[261],[288],[289],[285],[290],[286],[287],-,-,-,-,-,-,-,-,[117],-,-,[168]
256,-,-,-,-,-,-,-,-,-,-,[256],-,-,-,-,-,-,-,-,-,-,-,-,-,-,-,[257],-,-,-
257,-,-,[291],[292],[247],-,[324],[260],[268],-,[116],[261],[288],[289],[285],[290],[286],[287],-,-,-,-,-,-,-,-,[117],-,-,[168]
259,-,-,-,-,-,-,-,-,-,-,[264],-,-,-,-,-,-,-,-,-,-,-,-,-,-,-,[265],-,-,-
260,-,-,-,-,-,-,-,-,-,-,[264],-,-,-,-,-,-,-,-,-,-,-,-,-,-,-,[265],-,-,-
261,-,-,-,-,-,-,-,-,-,-,[264],-,-,-,-,-,-,-,-,-,-,-,-,-,-,-,[265],-,-,-
263,-,-,-,-,-,-,-,-,-,-,[264],-,-,-,-,-,-,-,-,-,-,-,-,-,-,-,[265],-,-,-
264,-,-,-,-,-,-,-,-,-,-,[264],-,-,-,-,-,-,-,-,-,-,-,-,-,-,-,[265],-,-,-
265,-,-,[291],[292],[247],-,[324],[260],[268],-,[116],[261],[288],[289],[285],[290],[286],[287],-,-,-,-,-,-,-,-,[117],-,-,[168]
267,-,-,-,-,-,-,-,-,-,-,[273],-,-,-,-,-,-,-,-,-,-,-,-,-,-,-,[274],-,-,-
268,-,-,-,-,-,-,-,-,-,-,[273],-,-,-,-,-,-,-,-,-,-,-,-,-,-,-,[274],-,-,-
269,-,-,-,-,-,-,-,-,-,-,[273],-,-,-,-,-,-,-,-,-,-,-,-,-,-,-,[274],-,-,-
271,-,-,[291],[292],[247],-,[324],[277],[268],-,[116],[278],[288],[289],[285],[290],[286],[287],-,-,-,-,-,-,-,-,[117],-,-,[168]
273,-,-,-,-,-,-,-,-,-,-,[273],-,-,-,-,-,-,-,-,-,-,-,-,-,-,-,[274],-,-,-
274,-,-,[291],[292],[247],-,[324],[277],[268],-,[116],[278],[288],[289],[285],[290],[286],[287],-,-,-,-,-,-,-,-,[117],-,-,[168]
276,-,-,-,-,-,-,-,-,-,-,-,-,-,-,-,-,-,-,-,-,-,-,-,-,-,-,[282],-,-,-
277,-,-,-,-,-,-,-,-,-,-,-,-,-,-,-,-,-,-,-,-,-,-,-,-,-,-,[282],-,-,-
278,-,-,-,-,-,-,-,-,-,-,-,-,-,-,-,-,-,-,-,-,-,-,-,-,-,-,[282],-,-,-
280,-,-,-,-,-,-,-,-,-,-,-,-,-,-,-,-,-,-,-,-,-,-,-,-,-,-,[282],-,-,-
282,-,-,[291],[292],[247],-,[324],[277],[268],-,[116],[278],[288],[289],[285],[290],[286],[287],-,-,-,-,-,-,-,-,[117],-,-,[168]
284,-,-,-,-,-,-,-,-,-,-,[297],-,-,-,-,-,-,-,-,-,-,-,-,-,-,-,[298],-,-,-
285,-,-,-,-,-,-,-,-,-,-,[297],-,-,-,-,-,-,-,-,-,-,-,-,-,-,-,[298],-,-,-
286,-,-,-,-,-,-,-,-,-,-,[297],-,-,-,-,-,-,-,-,-,-,-,-,-,-,-,[298],-,-,-
287,-,-,-,-,-,-,-,-,-,-,[297],-,-,-,-,-,-,-,-,-,-,-,-,-,-,-,[298],-,-,-
288,-,-,-,-,-,-,-,-,-,-,[297],-,-,-,-,-,-,-,-,-,-,-,-,-,-,-,[298],-,-,-
289,-,-,-,-,-,-,-,-,-,-,[297],-,-,-,-,-,-,-,-,-,-,-,-,-,-,-,[298],-,-,-
290,-,-,-,-,-,-,-,-,-,-,[297],-,-,-,-,-,-,-,-,-,-,-,-,-,-,-,[298],-,-,-
291,-,-,-,-,-,-,-,-,-,-,[297],-,-,-,-,-,-,-,-,-,-,-,-,-,-,-,[298],-,-,-
292,-,-,-,-,-,-,-,-,-,-,[297],-,-,-,-,-,-,-,-,-,-,-,-,-,-,-,[298],-,-,-
294,-,-,-,-,[247],-,[324],-,[309],-,[116],-,-,-,-,-,-,-,-,-,-,-,-,-,-,-,[117],-,-,[168]
296,-,-,-,-,-,-,-,-,-,-,[297],-,-,-,-,-,-,-,-,-,-,-,-,-,-,-,[298],-,-,-
297,-,-,-,-,-,-,-,-,-,-,[297],-,-,-,-,-,-,-,-,-,-,-,-,-,-,-,[298],-,-,-
298,-,-,-,-,[247],-,[324],[301],[309],-,[116],[302],-,-,-,-,-,-,-,-,-,-,-,-,-,-,[117],-,-,[168]
300,-,-,-,-,-,-,-,-,-,-,-,-,-,-,-,-,-,-,-,-,-,-,-,-,-,-,-,-,-,-
301,-,-,-,-,-,-,-,-,-,-,-,-,-,-,-,-,-,-,-,-,-,-,-,-,-,-,-,-,-,-
302,-,-,-,-,-,-,-,-,-,-,-,-,-,-,-,-,-,-,-,-,-,-,-,-,-,-,-,-,-,-
304,-,-,-,-,-,-,-,-,-,-,[305],-,-,-,-,-,-,-,-,-,-,-,-,-,-,-,[306],-,-,-
305,-,-,-,-,-,-,-,-,-,-,[305],-,-,-,-,-,-,-,-,-,-,-,-,-,-,-,[306],-,-,-
306,-,-,-,-,[247],-,[324],[301],[309],-,[116],[302],-,-,-,-,-,-,-,-,-,-,-,-,-,-,[117],-,-,[168]
308,-,-,-,-,-,-,-,-,-,-,[314],-,-,-,-,-,-,-,-,-,-,-,-,-,-,-,[315],-,-,-
309,-,-,-,-,-,-,-,-,-,-,[314],-,-,-,-,-,-,-,-,-,-,-,-,-,-,-,[315],-,-,-
310,-,-,-,-,-,-,-,-,-,-,[314],-,-,-,-,-,-,-,-,-,-,-,-,-,-,-,[315],-,-,-
312,-,-,-,-,[247],-,[324],[318],[309],-,[116],[319],-,-,-,-,-,-,-,-,-,-,-,-,-,-,[117],-,-,[168]
314,-,-,-,-,-,-,-,-,-,-,[314],-,-,-,-,-,-,-,-,-,-,-,-,-,-,-,[315],-,-,-
315,-,-,-,-,[247],-,[324],[318],[309],-,[116],[319],-,-,-,-,-,-,-,-,-,-,-,-,-,-,[117],-,-,[168]
317,-,-,-,-,-,-,-,-,-,-,[322],-,-,-,-,-,-,-,-,-,-,-,-,-,-,-,[323],-,-,-
318,-,-,-,-,-,-,-,-,-,-,[322],-,-,-,-,-,-,-,-,-,-,-,-,-,-,-,[323],-,-,-
319,-,-,-,-,-,-,-,-,-,-,[322],-,-,-,-,-,-,-,-,-,-,-,-,-,-,-,[323],-,-,-
321,-,-,-,-,-,-,-,-,-,-,[322],-,-,-,-,-,-,-,-,-,-,-,-,-,-,-,[323],-,-,-
322,-,-,-,-,-,-,-,-,-,-,[322],-,-,-,-,-,-,-,-,-,-,-,-,-,-,-,[323],-,-,-
323,-,-,-,-,[247],-,[324],[318],[309],-,[116],[319],-,-,-,-,-,-,-,-,-,-,-,-,-,-,[117],-,-,[168]
(324),-,-,-,-,-,-,-,-,-,-,-,-,-,-,-,-,-,-,-,-,-,-,-,-,-,-,-,-,-,-
(326),-,-,-,-,-,-,-,-,-,-,-,-,-,-,-,-,-,-,-,-,-,-,-,-,[328],-,-,-,-,-
328,-,-,-,-,-,-,-,-,-,-,-,-,-,-,-,-,-,-,-,-,-,-,-,[329],-,-,-,-,-,-
329,-,-,-,-,-,-,-,-,-,-,-,-,-,-,-,-,-,-,-,-,-,-,-,-,-,[330],-,-,-,-
(330),-,-,-,-,-,-,-,-,-,-,-,-,-,-,-,-,-,-,-,-,-,-,-,-,-,-,-,-,-,-
332,-,-,-,-,-,[333],-,-,-,-,-,-,-,-,-,-,-,-,-,-,-,-,-,-,-,-,-,-,-,-
333,-,-,-,-,-,-,[660],-,-,-,-,-,-,-,-,-,-,-,-,-,-,-,-,-,-,-,[335],-,-,-
335,-,-,-,-,-,-,[660],-,-,[337],-,-,-,-,-,-,-,-,-,-,-,-,-,-,-,-,-,-,-,-
337,-,-,-,-,-,-,-,-,-,-,-,-,-,-,-,-,-,-,-,-,-,-,[341],-,-,-,-,-,-,-
339,-,-,-,-,-,-,-,-,-,-,-,-,-,-,-,-,-,-,-,-,-,-,[341],-,-,-,-,-,-,-
341,-,-,-,-,-,-,-,-,-,-,-,-,-,-,-,-,-,-,-,-,-,-,-,-,[343],-,-,-,-,-
343,-,-,-,-,-,-,-,-,-,-,-,-,-,-,-,-,-,-,-,-,-,-,-,[344],-,-,-,-,-,-
344,-,-,-,-,-,-,-,-,-,-,-,-,-,-,-,-,-,-,-,-,-,-,-,-,-,[345],-,-,-,-
345,-,-,-,-,-,-,-,-,-,-,-,-,-,-,-,-,-,-,-,-,-,-,-,-,-,-,-,-,-,-
346,-,-,-,-,-,-,-,-,-,-,-,-,-,-,-,-,-,-,-,-,-,-,[341],-,-,-,-,-,-,-
348,-,-,-,-,-,-,[660],-,-,[337],-,-,-,-,-,-,-,-,-,-,-,-,-,-,-,-,-,-,-,[504]
350,-,-,-,-,-,-,-,-,-,-,-,-,-,-,-,-,-,-,-,-,-,-,-,-,-,-,-,-,-,-
351,-,-,-,-,-,-,-,-,-,-,-,-,-,-,-,-,-,-,-,-,-,-,-,-,-,-,-,-,-,-
353,-,-,[392],[393],[426],-,[660],-,-,[337],-,-,[389],[390],[386],[391],[387],[388],-,-,-,-,-,-,-,-,-,-,-,[504]
355,-,-,[392],[393],[426],-,[660],[361],[369],[337],[370],[362],[389],[390],[386],[391],[387],[388],-,-,-,-,-,-,-,-,-,-,-,[504]
357,-,-,-,-,-,-,-,-,-,-,[357],-,-,-,-,-,-,-,-,-,-,-,-,-,-,-,[358],-,-,-
358,-,-,[392],[393],[426],-,[660],[361],[369],[337],[370],[362],[389],[390],[386],[391],[387],[388],-,-,-,-,-,-,-,-,-,-,-,[504]
360,-,-,-,-,-,-,-,-,-,-,-,-,-,-,-,-,-,-,-,-,-,-,-,-,-,-,-,-,-,-
361,-,-,-,-,-,-,-,-,-,-,-,-,-,-,-,-,-,-,-,-,-,-,-,-,-,-,-,-,-,-
362,-,-,-,-,-,-,-,-,-,-,-,-,-,-,-,-,-,-,-,-,-,-,-,-,-,-,-,-,-,-
364,-,-,-,-,-,-,-,-,-,-,[365],-,-,-,-,-,-,-,-,-,-,-,-,-,-,-,[366],-,-,-
365,-,-,-,-,-,-,-,-,-,-,[365],-,-,-,-,-,-,-,-,-,-,-,-,-,-,-,[366],-,-,-
366,-,-,[392],[393],[426],-,[660],[361],[369],[337],[370],[362],[389],[390],[386],[391],[387],[388],-,-,-,-,-,-,-,-,-,-,-,[504]
368,-,-,-,-,-,-,-,-,-,-,[374],-,-,-,-,-,-,-,-,-,-,-,-,-,-,-,[375],-,-,-
369,-,-,-,-,-,-,-,-,-,-,[374],-,-,-,-,-,-,-,-,-,-,-,-,-,-,-,[375],-,-,-
370,-,-,-,-,-,-,-,-,-,-,[374],-,-,-,-,-,-,-,-,-,-,-,-,-,-,-,[375],-,-,-
372,-,-,[392],[393],[426],-,[660],[378],[369],[337],[370],[379],[389],[390],[386],[391],[387],[388],-,-,-,-,-,-,-,-,-,-,-,[504]
374,-,-,-,-,-,-,-,-,-,-,[374],-,-,-,-,-,-,-,-,-,-,-,-,-,-,-,[375],-,-,-
375,-,-,[392],[393],[426],-,[660],[378],[369],[337],[370],[379],[389],[390],[386],[391],[387],[388],-,-,-,-,-,-,-,-,-,-,-,[504]
377,-,-,-,-,-,-,-,-,-,-,[382],-,-,-,-,-,-,-,-,-,-,-,-,-,-,-,[383],-,-,-
378,-,-,-,-,-,-,-,-,-,-,[382],-,-,-,-,-,-,-,-,-,-,-,-,-,-,-,[383],-,-,-
379,-,-,-,-,-,-,-,-,-,-,[382],-,-,-,-,-,-,-,-,-,-,-,-,-,-,-,[383],-,-,-
381,-,-,-,-,-,-,-,-,-,-,[382],-,-,-,-,-,-,-,-,-,-,-,-,-,-,-,[383],-,-,-
382,-,-,-,-,-,-,-,-,-,-,[382],-,-,-,-,-,-,-,-,-,-,-,-,-,-,-,[383],-,-,-
383,-,-,[392],[393],[426],-,[660],[378],[369],[337],[370],[379],[389],[390],[386],[391],[387],[388],-,-,-,-,-,-,-,-,-,-,-,[504]
385,-,-,-,-,-,-,-,-,-,-,[398],-,-,-,-,-,-,-,-,-,-,-,-,-,-,-,[399],-,-,-
386,-,-,-,-,-,-,-,-,-,-,[398],-,-,-,-,-,-,-,-,-,-,-,-,-,-,-,[399],-,-,-
387,-,-,-,-,-,-,-,-,-,-,[398],-,-,-,-,-,-,-,-,-,-,-,-,-,-,-,[399],-,-,-
388,-,-,-,-,-,-,-,-,-,-,[398],-,-,-,-,-,-,-,-,-,-,-,-,-,-,-,[399],-,-,-
389,-,-,-,-,-,-,-,-,-,-,[398],-,-,-,-,-,-,-,-,-,-,-,-,-,-,-,[399],-,-,-
390,-,-,-,-,-,-,-,-,-,-,[398],-,-,-,-,-,-,-,-,-,-,-,-,-,-,-,[399],-,-,-
391,-,-,-,-,-,-,-,-,-,-,[398],-,-,-,-,-,-,-,-,-,-,-,-,-,-,-,[399],-,-,-
392,-,-,-,-,-,-,-,-,-,-,[398],-,-,-,-,-,-,-,-,-,-,-,-,-,-,-,[399],-,-,-
393,-,-,-,-,-,-,-,-,-,-,[398],-,-,-,-,-,-,-,-,-,-,-,-,-,-,-,[399],-,-,-
395,-,-,-,-,[426],-,[660],-,[410],[337],[411],-,-,-,-,-,-,-,-,-,-,-,-,-,-,-,-,-,-,[504]
397,-,-,-,-,-,-,-,-,-,-,[398],-,-,-,-,-,-,-,-,-,-,-,-,-,-,-,[399],-,-,-
398,-,-,-,-,-,-,-,-,-,-,[398],-,-,-,-,-,-,-,-,-,-,-,-,-,-,-,[399],-,-,-
399,-,-,-,-,[426],-,[660],-,[410],[337],[411],-,-,-,-,-,-,-,-,-,-,-,-,-,-,-,-,-,-,[504]
401,-,-,-,-,-,-,-,-,-,-,[406],-,-,-,-,-,-,-,-,-,-,-,-,-,-,-,[407],-,-,-
403,-,-,-,-,-,-,-,-,-,-,[406],-,-,-,-,-,-,-,-,-,-,-,-,-,-,-,[407],-,-,-
405,-,-,-,-,-,-,-,-,-,-,[406],-,-,-,-,-,-,-,-,-,-,-,-,-,-,-,[407],-,-,-
406,-,-,-,-,-,-,-,-,-,-,[406],-,-,-,-,-,-,-,-,-,-,-,-,-,-,-,[407],-,-,-
407,-,-,-,-,[426],-,[660],-,[410],[337],[411],-,-,-,-,-,-,-,-,-,-,-,-,-,-,-,-,-,-,[504]
409,-,-,-,-,-,-,-,-,-,-,[415],-,-,-,-,-,-,-,-,-,-,-,-,-,-,-,[416],-,-,-
410,-,-,-,-,-,-,-,-,-,-,[415],-,-,-,-,-,-,-,-,-,-,-,-,-,-,-,[416],-,-,-
411,-,-,-,-,-,-,-,-,-,-,[415],-,-,-,-,-,-,-,-,-,-,-,-,-,-,-,[416],-,-,-
413,-,-,-,-,[426],-,[660],[419],[410],[337],[411],[420],-,-,-,-,-,-,-,-,-,-,-,-,-,-,-,-,-,[504]
415,-,-,-,-,-,-,-,-,-,-,[415],-,-,-,-,-,-,-,-,-,-,-,-,-,-,-,[416],-,-,-
416,-,-,-,-,[426],-,[660],[419],[410],[337],[411],[420],-,-,-,-,-,-,-,-,-,-,-,-,-,-,-,-,-,[504]
418,-,-,-,-,-,-,-,-,-,-,[423],-,-,-,-,-,-,-,-,-,-,-,-,-,-,-,[424],-,-,-
419,-,-,-,-,-,-,-,-,-,-,[423],-,-,-,-,-,-,-,-,-,-,-,-,-,-,-,[424],-,-,-
420,-,-,-,-,-,-,-,-,-,-,[423],-,-,-,-,-,-,-,-,-,-,-,-,-,-,-,[424],-,-,-
422,-,-,-,-,-,-,-,-,-,-,[423],-,-,-,-,-,-,-,-,-,-,-,-,-,-,-,[424],-,-,-
423,-,-,-,-,-,-,-,-,-,-,[423],-,-,-,-,-,-,-,-,-,-,-,-,-,-,-,[424],-,-,-
424,-,-,-,-,[426],-,[660],[419],[410],[337],[411],[420],-,-,-,-,-,-,-,-,-,-,-,-,-,-,-,-,-,[504]
426,-,[429],-,-,-,-,-,-,-,-,[435],-,-,-,-,-,-,-,-,-,-,-,-,-,-,-,[436],-,-,-
428,-,[429],-,-,-,-,-,-,-,-,[435],-,-,-,-,-,-,-,-,-,-,-,-,-,-,-,[436],-,-,-
429,-,[429],-,-,-,-,-,-,-,-,[435],-,-,-,-,-,-,-,-,-,-,-,-,-,-,-,[436],-,-,-
431,-,-,[470],[471],[426],-,[660],-,-,[337],-,-,[467],[468],[464],[469],[465],[466],-,-,-,-,-,-,-,-,-,-,-,[504]
433,-,-,[470],[471],[426],-,[660],[439],[447],[337],[448],[440],[467],[468],[464],[469],[465],[466],-,-,-,-,-,-,-,-,-,-,-,[504]
435,-,-,-,-,-,-,-,-,-,-,[435],-,-,-,-,-,-,-,-,-,-,-,-,-,-,-,[436],-,-,-
436,-,-,[470],[471],[426],-,[660],[439],[447],[337],[448],[440],[467],[468],[464],[469],[465],[466],-,-,-,-,-,-,-,-,-,-,-,[504]
438,-,-,-,-,-,-,-,-,-,-,[443],-,-,-,-,-,-,-,-,-,-,-,-,-,-,-,[444],-,-,-
439,-,-,-,-,-,-,-,-,-,-,[443],-,-,-,-,-,-,-,-,-,-,-,-,-,-,-,[444],-,-,-
440,-,-,-,-,-,-,-,-,-,-,[443],-,-,-,-,-,-,-,-,-,-,-,-,-,-,-,[444],-,-,-
442,-,-,-,-,-,-,-,-,-,-,[443],-,-,-,-,-,-,-,-,-,-,-,-,-,-,-,[444],-,-,-
443,-,-,-,-,-,-,-,-,-,-,[443],-,-,-,-,-,-,-,-,-,-,-,-,-,-,-,[444],-,-,-
444,-,-,[470],[471],[426],-,[660],[439],[447],[337],[448],[440],[467],[468],[464],[469],[465],[466],-,-,-,-,-,-,-,-,-,-,-,[504]
446,-,-,-,-,-,-,-,-,-,-,[452],-,-,-,-,-,-,-,-,-,-,-,-,-,-,-,[453],-,-,-
447,-,-,-,-,-,-,-,-,-,-,[452],-,-,-,-,-,-,-,-,-,-,-,-,-,-,-,[453],-,-,-
448,-,-,-,-,-,-,-,-,-,-,[452],-,-,-,-,-,-,-,-,-,-,-,-,-,-,-,[453],-,-,-
450,-,-,[470],[471],[426],-,[660],[456],[447],[337],[448],[457],[467],[468],[464],[469],[465],[466],-,-,-,-,-,-,-,-,-,-,-,[504]
452,-,-,-,-,-,-,-,-,-,-,[452],-,-,-,-,-,-,-,-,-,-,-,-,-,-,-,[453],-,-,-
453,-,-,[470],[471],[426],-,[660],[456],[447],[337],[448],[457],[467],[468],[464],[469],[465],[466],-,-,-,-,-,-,-,-,-,-,-,[504]
455,-,-,-,-,-,-,-,-,-,-,[460],-,-,-,-,-,-,-,-,-,-,-,-,-,-,-,[461],-,-,-
456,-,-,-,-,-,-,-,-,-,-,[460],-,-,-,-,-,-,-,-,-,-,-,-,-,-,-,[461],-,-,-
457,-,-,-,-,-,-,-,-,-,-,[460],-,-,-,-,-,-,-,-,-,-,-,-,-,-,-,[461],-,-,-
459,-,-,-,-,-,-,-,-,-,-,[460],-,-,-,-,-,-,-,-,-,-,-,-,-,-,-,[461],-,-,-
460,-,-,-,-,-,-,-,-,-,-,[460],-,-,-,-,-,-,-,-,-,-,-,-,-,-,-,[461],-,-,-
461,-,-,[470],[471],[426],-,[660],[456],[447],[337],[448],[457],[467],[468],[464],[469],[465],[466],-,-,-,-,-,-,-,-,-,-,-,[504]
463,-,-,-,-,-,-,-,-,-,-,[476],-,-,-,-,-,-,-,-,-,-,-,-,-,-,-,[477],-,-,-
464,-,-,-,-,-,-,-,-,-,-,[476],-,-,-,-,-,-,-,-,-,-,-,-,-,-,-,[477],-,-,-
465,-,-,-,-,-,-,-,-,-,-,[476],-,-,-,-,-,-,-,-,-,-,-,-,-,-,-,[477],-,-,-
466,-,-,-,-,-,-,-,-,-,-,[476],-,-,-,-,-,-,-,-,-,-,-,-,-,-,-,[477],-,-,-
467,-,-,-,-,-,-,-,-,-,-,[476],-,-,-,-,-,-,-,-,-,-,-,-,-,-,-,[477],-,-,-
468,-,-,-,-,-,-,-,-,-,-,[476],-,-,-,-,-,-,-,-,-,-,-,-,-,-,-,[477],-,-,-
469,-,-,-,-,-,-,-,-,-,-,[476],-,-,-,-,-,-,-,-,-,-,-,-,-,-,-,[477],-,-,-
470,-,-,-,-,-,-,-,-,-,-,[476],-,-,-,-,-,-,-,-,-,-,-,-,-,-,-,[477],-,-,-
471,-,-,-,-,-,-,-,-,-,-,[476],-,-,-,-,-,-,-,-,-,-,-,-,-,-,-,[477],-,-,-
473,-,-,-,-,[426],-,[660],-,[488],[337],[489],-,-,-,-,-,-,-,-,-,-,-,-,-,-,-,-,-,-,[504]
475,-,-,-,-,-,-,-,-,-,-,[476],-,-,-,-,-,-,-,-,-,-,-,-,-,-,-,[477],-,-,-
476,-,-,-,-,-,-,-,-,-,-,[476],-,-,-,-,-,-,-,-,-,-,-,-,-,-,-,[477],-,-,-
477,-,-,-,-,[426],-,[660],[480],[488],[337],[489],[481],-,-,-,-,-,-,-,-,-,-,-,-,-,-,-,-,-,[504]
479,-,-,-,-,-,-,-,-,-,-,[484],-,-,-,-,-,-,-,-,-,-,-,-,-,-,-,[485],-,-,-
480,-,-,-,-,-,-,-,-,-,-,[484],-,-,-,-,-,-,-,-,-,-,-,-,-,-,-,[485],-,-,-
481,-,-,-,-,-,-,-,-,-,-,[484],-,-,-,-,-,-,-,-,-,-,-,-,-,-,-,[485],-,-,-
483,-,-,-,-,-,-,-,-,-,-,[484],-,-,-,-,-,-,-,-,-,-,-,-,-,-,-,[485],-,-,-
484,-,-,-,-,-,-,-,-,-,-,[484],-,-,-,-,-,-,-,-,-,-,-,-,-,-,-,[485],-,-,-
485,-,-,-,-,[426],-,[660],[480],[488],[337],[489],[481],-,-,-,-,-,-,-,-,-,-,-,-,-,-,-,-,-,[504]
487,-,-,-,-,-,-,-,-,-,-,[493],-,-,-,-,-,-,-,-,-,-,-,-,-,-,-,[494],-,-,-
488,-,-,-,-,-,-,-,-,-,-,[493],-,-,-,-,-,-,-,-,-,-,-,-,-,-,-,[494],-,-,-
489,-,-,-,-,-,-,-,-,-,-,[493],-,-,-,-,-,-,-,-,-,-,-,-,-,-,-,[494],-,-,-
491,-,-,-,-,[426],-,[660],[497],[488],[337],[489],[498],-,-,-,-,-,-,-,-,-,-,-,-,-,-,-,-,-,[504]
493,-,-,-,-,-,-,-,-,-,-,[493],-,-,-,-,-,-,-,-,-,-,-,-,-,-,-,[494],-,-,-
494,-,-,-,-,[426],-,[660],[497],[488],[337],[489],[498],-,-,-,-,-,-,-,-,-,-,-,-,-,-,-,-,-,[504]
496,-,-,-,-,-,-,-,-,-,-,-,-,-,-,-,-,-,-,-,-,-,-,-,-,-,-,[502],-,-,-
497,-,-,-,-,-,-,-,-,-,-,-,-,-,-,-,-,-,-,-,-,-,-,-,-,-,-,[502],-,-,-
498,-,-,-,-,-,-,-,-,-,-,-,-,-,-,-,-,-,-,-,-,-,-,-,-,-,-,[502],-,-,-
500,-,-,-,-,-,-,-,-,-,-,-,-,-,-,-,-,-,-,-,-,-,-,-,-,-,-,[502],-,-,-
501,-,-,-,-,-,-,-,-,-,-,-,-,-,-,-,-,-,-,-,-,-,-,-,-,-,-,[502],-,-,-
502,-,-,-,-,[426],-,[660],[497],[488],[337],[489],[498],-,-,-,-,-,-,-,-,-,-,-,-,-,-,-,-,-,[504]
504,-,[508],-,-,-,-,-,-,-,-,[514],-,-,-,-,-,-,-,-,-,-,-,-,-,-,-,[515],-,-,-
506,-,-,-,-,[583],-,[660],-,-,[337],-,-,-,-,-,-,-,-,-,-,-,-,-,-,-,-,-,-,-,[504]
508,-,[508],-,-,-,-,-,-,-,-,[514],-,-,-,-,-,-,-,-,-,-,-,-,-,-,-,[515],-,-,-
510,-,-,-,-,[583],-,[660],-,-,[337],-,-,-,-,-,-,-,-,-,-,-,-,-,-,-,-,-,-,-,[504]
512,-,-,-,-,[583],-,[660],[518],[526],[337],[527],[519],-,-,-,-,-,-,-,-,-,-,-,-,-,-,-,-,-,[504]
514,-,-,-,-,-,-,-,-,-,-,[514],-,-,-,-,-,-,-,-,-,-,-,-,-,-,-,[515],-,-,-
515,-,-,-,-,[583],-,[660],[518],[526],[337],[527],[519],-,-,-,-,-,-,-,-,-,-,-,-,-,-,-,-,-,[504]
517,-,-,-,-,-,-,-,-,-,-,[522],-,-,-,-,-,-,-,-,-,-,-,-,-,-,-,[523],-,-,-
518,-,-,-,-,-,-,-,-,-,-,[522],-,-,-,-,-,-,-,-,-,-,-,-,-,-,-,[523],-,-,-
519,-,-,-,-,-,-,-,-,-,-,[522],-,-,-,-,-,-,-,-,-,-,-,-,-,-,-,[523],-,-,-
521,-,-,-,-,-,-,-,-,-,-,[522],-,-,-,-,-,-,-,-,-,-,-,-,-,-,-,[523],-,-,-
522,-,-,-,-,-,-,-,-,-,-,[522],-,-,-,-,-,-,-,-,-,-,-,-,-,-,-,[523],-,-,-
523,-,-,-,-,[583],-,[660],[518],[526],[337],[527],[519],-,-,-,-,-,-,-,-,-,-,-,-,-,-,-,-,-,[504]
525,-,-,-,-,-,-,-,-,-,-,-,-,-,-,-,-,-,-,-,-,-,-,-,-,-,-,[532],-,-,-
526,-,-,-,-,-,-,-,-,-,-,-,-,-,-,-,-,-,-,-,-,-,-,-,-,-,-,[532],-,-,-
527,-,-,-,-,-,-,-,-,-,-,-,-,-,-,-,-,-,-,-,-,-,-,-,-,-,-,[532],-,-,-
529,-,-,-,-,[583],-,[660],[535],[526],[337],[527],[536],-,-,-,-,-,-,-,-,-,-,-,-,-,-,-,-,-,[504]
531,-,-,-,-,-,-,-,-,-,-,-,-,-,-,-,-,-,-,-,-,-,-,-,-,-,-,[532],-,-,-
532,-,-,-,-,[583],-,[660],[535],[526],[337],[527],[536],-,-,-,-,-,-,-,-,-,-,-,-,-,-,-,-,-,[504]
534,-,-,-,-,-,-,-,-,-,-,[539],-,-,-,-,-,-,-,-,-,-,-,-,-,-,-,[540],-,-,-
535,-,-,-,-,-,-,-,-,-,-,[539],-,-,-,-,-,-,-,-,-,-,-,-,-,-,-,[540],-,-,-
536,-,-,-,-,-,-,-,-,-,-,[539],-,-,-,-,-,-,-,-,-,-,-,-,-,-,-,[540],-,-,-
538,-,-,-,-,-,-,-,-,-,-,[539],-,-,-,-,-,-,-,-,-,-,-,-,-,-,-,[540],-,-,-
539,-,-,-,-,-,-,-,-,-,-,[539],-,-,-,-,-,-,-,-,-,-,-,-,-,-,-,[540],-,-,-
540,-,-,-,-,[583],-,[660],[535],[526],[337],[527],[536],-,-,-,-,-,-,-,-,-,-,-,-,-,-,-,-,-,[504]
542,-,-,-,-,-,-,-,-,-,-,[555],-,-,-,-,-,-,-,-,-,-,-,-,-,-,-,[556],-,-,-
543,-,-,-,-,-,-,-,-,-,-,[555],-,-,-,-,-,-,-,-,-,-,-,-,-,-,-,[556],-,-,-
544,-,-,-,-,-,-,-,-,-,-,[555],-,-,-,-,-,-,-,-,-,-,-,-,-,-,-,[556],-,-,-
545,-,-,-,-,-,-,-,-,-,-,[555],-,-,-,-,-,-,-,-,-,-,-,-,-,-,-,[556],-,-,-
546,-,-,-,-,-,-,-,-,-,-,[555],-,-,-,-,-,-,-,-,-,-,-,-,-,-,-,[556],-,-,-
547,-,-,-,-,-,-,-,-,-,-,[555],-,-,-,-,-,-,-,-,-,-,-,-,-,-,-,[556],-,-,-
548,-,-,-,-,-,-,-,-,-,-,[555],-,-,-,-,-,-,-,-,-,-,-,-,-,-,-,[556],-,-,-
549,-,-,-,-,-,-,-,-,-,-,[555],-,-,-,-,-,-,-,-,-,-,-,-,-,-,-,[556],-,-,-
550,-,-,-,-,-,-,-,-,-,-,[555],-,-,-,-,-,-,-,-,-,-,-,-,-,-,-,[556],-,-,-
552,-,-,-,-,[583],-,[660],-,[567],[337],[568],-,-,-,-,-,-,-,-,-,-,-,-,-,-,-,-,-,-,[504]
554,-,-,-,-,-,-,-,-,-,-,[555],-,-,-,-,-,-,-,-,-,-,-,-,-,-,-,[556],-,-,-
555,-,-,-,-,-,-,-,-,-,-,[555],-,-,-,-,-,-,-,-,-,-,-,-,-,-,-,[556],-,-,-
556,-,-,-,-,[583],-,[660],[559],[567],[337],[568],[560],-,-,-,-,-,-,-,-,-,-,-,-,-,-,-,-,-,[504]
558,-,-,-,-,-,-,-,-,-,-,[563],-,-,-,-,-,-,-,-,-,-,-,-,-,-,-,[564],-,-,-
559,-,-,-,-,-,-,-,-,-,-,[563],-,-,-,-,-,-,-,-,-,-,-,-,-,-,-,[564],-,-,-
560,-,-,-,-,-,-,-,-,-,-,[563],-,-,-,-,-,-,-,-,-,-,-,-,-,-,-,[564],-,-,-
562,-,-,-,-,-,-,-,-,-,-,[563],-,-,-,-,-,-,-,-,-,-,-,-,-,-,-,[564],-,-,-
563,-,-,-,-,-,-,-,-,-,-,[563],-,-,-,-,-,-,-,-,-,-,-,-,-,-,-,[564],-,-,-
564,-,-,-,-,[583],-,[660],[559],[567],[337],[568],[560],-,-,-,-,-,-,-,-,-,-,-,-,-,-,-,-,-,[504]
566,-,-,-,-,-,-,-,-,-,-,[572],-,-,-,-,-,-,-,-,-,-,-,-,-,-,-,[573],-,-,-
567,-,-,-,-,-,-,-,-,-,-,[572],-,-,-,-,-,-,-,-,-,-,-,-,-,-,-,[573],-,-,-
568,-,-,-,-,-,-,-,-,-,-,[572],-,-,-,-,-,-,-,-,-,-,-,-,-,-,-,[573],-,-,-
570,-,-,-,-,[583],-,[660],[576],[567],[337],[568],[577],-,-,-,-,-,-,-,-,-,-,-,-,-,-,-,-,-,[504]
572,-,-,-,-,-,-,-,-,-,-,[572],-,-,-,-,-,-,-,-,-,-,-,-,-,-,-,[573],-,-,-
573,-,-,-,-,[583],-,[660],[576],[567],[337],[568],[577],-,-,-,-,-,-,-,-,-,-,-,-,-,-,-,-,-,[504]
575,-,-,-,-,-,-,-,-,-,-,[580],-,-,-,-,-,-,-,-,-,-,-,-,-,-,-,[581],-,-,-
576,-,-,-,-,-,-,-,-,-,-,[580],-,-,-,-,-,-,-,-,-,-,-,-,-,-,-,[581],-,-,-
577,-,-,-,-,-,-,-,-,-,-,[580],-,-,-,-,-,-,-,-,-,-,-,-,-,-,-,[581],-,-,-
579,-,-,-,-,-,-,-,-,-,-,[580],-,-,-,-,-,-,-,-,-,-,-,-,-,-,-,[581],-,-,-
580,-,-,-,-,-,-,-,-,-,-,[580],-,-,-,-,-,-,-,-,-,-,-,-,-,-,-,[581],-,-,-
581,-,-,-,-,[583],-,[660],[576],[567],[337],[568],[577],-,-,-,-,-,-,-,-,-,-,-,-,-,-,-,-,-,[504]
583,-,[586],-,-,-,-,-,-,-,-,[592],-,-,-,-,-,-,-,-,-,-,-,-,-,-,-,[593],-,-,-
585,-,[586],-,-,-,-,-,-,-,-,[592],-,-,-,-,-,-,-,-,-,-,-,-,-,-,-,[593],-,-,-
586,-,[586],-,-,-,-,-,-,-,-,[592],-,-,-,-,-,-,-,-,-,-,-,-,-,-,-,[593],-,-,-
588,-,-,[627],[628],[583],-,[660],-,-,[337],-,-,[624],[625],[621],[626],[622],[623],-,-,-,-,-,-,-,-,-,-,-,[504]
590,-,-,[627],[628],[583],-,[660],[596],[604],[337],[605],[597],[624],[625],[621],[626],[622],[623],-,-,-,-,-,-,-,-,-,-,-,[504]
592,-,-,-,-,-,-,-,-,-,-,[592],-,-,-,-,-,-,-,-,-,-,-,-,-,-,-,[593],-,-,-
593,-,-,[627],[628],[583],-,[660],[596],[604],[337],[605],[597],[624],[625],[621],[626],[622],[623],-,-,-,-,-,-,-,-,-,-,-,[504]
595,-,-,-,-,-,-,-,-,-,-,[600],-,-,-,-,-,-,-,-,-,-,-,-,-,-,-,[601],-,-,-
596,-,-,-,-,-,-,-,-,-,-,[600],-,-,-,-,-,-,-,-,-,-,-,-,-,-,-,[601],-,-,-
597,-,-,-,-,-,-,-,-,-,-,[600],-,-,-,-,-,-,-,-,-,-,-,-,-,-,-,[601],-,-,-
599,-,-,-,-,-,-,-,-,-,-,[600],-,-,-,-,-,-,-,-,-,-,-,-,-,-,-,[601],-,-,-
600,-,-,-,-,-,-,-,-,-,-,[600],-,-,-,-,-,-,-,-,-,-,-,-,-,-,-,[601],-,-,-
601,-,-,[627],[628],[583],-,[660],[596],[604],[337],[605],[597],[624],[625],[621],[626],[622],[623],-,-,-,-,-,-,-,-,-,-,-,[504]
603,-,-,-,-,-,-,-,-,-,-,[609],-,-,-,-,-,-,-,-,-,-,-,-,-,-,-,[610],-,-,-
604,-,-,-,-,-,-,-,-,-,-,[609],-,-,-,-,-,-,-,-,-,-,-,-,-,-,-,[610],-,-,-
605,-,-,-,-,-,-,-,-,-,-,[609],-,-,-,-,-,-,-,-,-,-,-,-,-,-,-,[610],-,-,-
607,-,-,[627],[628],[583],-,[660],[613],[604],[337],[605],[614],[624],[625],[621],[626],[622],[623],-,-,-,-,-,-,-,-,-,-,-,[504]
609,-,-,-,-,-,-,-,-,-,-,[609],-,-,-,-,-,-,-,-,-,-,-,-,-,-,-,[610],-,-,-
610,-,-,[627],[628],[583],-,[660],[613],[604],[337],[605],[614],[624],[625],[621],[626],[622],[623],-,-,-,-,-,-,-,-,-,-,-,[504]
612,-,-,-,-,-,-,-,-,-,-,[617],-,-,-,-,-,-,-,-,-,-,-,-,-,-,-,[618],-,-,-
613,-,-,-,-,-,-,-,-,-,-,[617],-,-,-,-,-,-,-,-,-,-,-,-,-,-,-,[618],-,-,-
614,-,-,-,-,-,-,-,-,-,-,[617],-,-,-,-,-,-,-,-,-,-,-,-,-,-,-,[618],-,-,-
616,-,-,-,-,-,-,-,-,-,-,[617],-,-,-,-,-,-,-,-,-,-,-,-,-,-,-,[618],-,-,-
617,-,-,-,-,-,-,-,-,-,-,[617],-,-,-,-,-,-,-,-,-,-,-,-,-,-,-,[618],-,-,-
618,-,-,[627],[628],[583],-,[660],[613],[604],[337],[605],[614],[624],[625],[621],[626],[622],[623],-,-,-,-,-,-,-,-,-,-,-,[504]
620,-,-,-,-,-,-,-,-,-,-,-,-,-,-,-,-,-,-,-,-,-,-,-,-,-,-,-,-,-,-
621,-,-,-,-,-,-,-,-,-,-,-,-,-,-,-,-,-,-,-,-,-,-,-,-,-,-,-,-,-,-
622,-,-,-,-,-,-,-,-,-,-,-,-,-,-,-,-,-,-,-,-,-,-,-,-,-,-,-,-,-,-
623,-,-,-,-,-,-,-,-,-,-,-,-,-,-,-,-,-,-,-,-,-,-,-,-,-,-,-,-,-,-
624,-,-,-,-,-,-,-,-,-,-,-,-,-,-,-,-,-,-,-,-,-,-,-,-,-,-,-,-,-,-
625,-,-,-,-,-,-,-,-,-,-,-,-,-,-,-,-,-,-,-,-,-,-,-,-,-,-,-,-,-,-
626,-,-,-,-,-,-,-,-,-,-,-,-,-,-,-,-,-,-,-,-,-,-,-,-,-,-,-,-,-,-
627,-,-,-,-,-,-,-,-,-,-,-,-,-,-,-,-,-,-,-,-,-,-,-,-,-,-,-,-,-,-
628,-,-,-,-,-,-,-,-,-,-,-,-,-,-,-,-,-,-,-,-,-,-,-,-,-,-,-,-,-,-
630,-,-,-,-,[583],-,[660],-,[645],[337],[646],-,-,-,-,-,-,-,-,-,-,-,-,-,-,-,-,-,-,[504]
632,-,-,-,-,-,-,-,-,-,-,[633],-,-,-,-,-,-,-,-,-,-,-,-,-,-,-,[634],-,-,-
633,-,-,-,-,-,-,-,-,-,-,[633],-,-,-,-,-,-,-,-,-,-,-,-,-,-,-,[634],-,-,-
634,-,-,-,-,[583],-,[660],[637],[645],[337],[646],[638],-,-,-,-,-,-,-,-,-,-,-,-,-,-,-,-,-,[504]
636,-,-,-,-,-,-,-,-,-,-,-,-,-,-,-,-,-,-,-,-,-,-,-,-,-,-,[642],-,-,-
637,-,-,-,-,-,-,-,-,-,-,-,-,-,-,-,-,-,-,-,-,-,-,-,-,-,-,[642],-,-,-
638,-,-,-,-,-,-,-,-,-,-,-,-,-,-,-,-,-,-,-,-,-,-,-,-,-,-,[642],-,-,-
640,-,-,-,-,-,-,-,-,-,-,-,-,-,-,-,-,-,-,-,-,-,-,-,-,-,-,[642],-,-,-
641,-,-,-,-,-,-,-,-,-,-,-,-,-,-,-,-,-,-,-,-,-,-,-,-,-,-,[642],-,-,-
642,-,-,-,-,[583],-,[660],[637],[645],[337],[646],[638],-,-,-,-,-,-,-,-,-,-,-,-,-,-,-,-,-,[504]
644,-,-,-,-,-,-,-,-,-,-,[650],-,-,-,-,-,-,-,-,-,-,-,-,-,-,-,[651],-,-,-
645,-,-,-,-,-,-,-,-,-,-,[650],-,-,-,-,-,-,-,-,-,-,-,-,-,-,-,[651],-,-,-
646,-,-,-,-,-,-,-,-,-,-,[650],-,-,-,-,-,-,-,-,-,-,-,-,-,-,-,[651],-,-,-
648,-,-,-,-,[583],-,[660],[654],[645],[337],[646],[655],-,-,-,-,-,-,-,-,-,-,-,-,-,-,-,-,-,[504]
650,-,-,-,-,-,-,-,-,-,-,[650],-,-,-,-,-,-,-,-,-,-,-,-,-,-,-,[651],-,-,-
651,-,-,-,-,[583],-,[660],[654],[645],[337],[646],[655],-,-,-,-,-,-,-,-,-,-,-,-,-,-,-,-,-,[504]
653,-,-,-,-,-,-,-,-,-,-,[658],-,-,-,-,-,-,-,-,-,-,-,-,-,-,-,[659],-,-,-
654,-,-,-,-,-,-,-,-,-,-,[658],-,-,-,-,-,-,-,-,-,-,-,-,-,-,-,[659],-,-,-
655,-,-,-,-,-,-,-,-,-,-,[658],-,-,-,-,-,-,-,-,-,-,-,-,-,-,-,[659],-,-,-
657,-,-,-,-,-,-,-,-,-,-,[658],-,-,-,-,-,-,-,-,-,-,-,-,-,-,-,[659],-,-,-
658,-,-,-,-,-,-,-,-,-,-,[658],-,-,-,-,-,-,-,-,-,-,-,-,-,-,-,[659],-,-,-
659,-,-,-,-,[583],-,[660],[654],[645],[337],[646],[655],-,-,-,-,-,-,-,-,-,-,-,-,-,-,-,-,-,[504]
(660),-,-,-,-,-,-,-,-,-,-,-,-,-,-,-,-,-,-,-,-,-,-,-,-,-,-,-,-,-,-
(662),-,-,-,-,-,-,-,-,-,-,-,-,-,-,-,-,-,-,-,-,-,-,-,-,-,-,-,-,-,-
(663),-,-,-,-,-,-,-,-,-,-,-,-,-,-,-,-,-,-,-,-,-,-,-,-,-,-,-,-,-,-
(664),-,-,-,-,-,-,-,-,-,-,-,-,-,-,-,-,-,-,-,-,-,-,-,-,-,-,-,-,-,-
(666),-,-,-,-,-,-,-,-,-,-,-,-,-,-,-,-,-,-,-,-,-,-,-,-,-,-,-,-,-,-
(667),-,-,-,-,-,-,-,-,-,-,-,-,-,-,-,-,-,-,-,-,-,-,-,-,-,-,-,-,-,-
(668),-,-,-,-,-,-,-,-,-,-,-,-,-,-,-,-,-,-,-,-,-,-,-,-,-,-,-,-,-,-
(669),-,-,-,-,-,-,-,-,-,-,-,-,-,-,-,-,-,-,-,-,-,-,-,-,-,-,-,-,-,-
670,-,-,-,-,-,-,-,-,-,-,[406],-,-,-,-,-,-,-,-,-,-,-,-,-,-,-,[407],-,-,-
671,-,-,-,-,-,-,-,-,-,-,[406],-,-,-,-,-,-,-,-,-,-,-,-,-,-,-,[407],-,-,-
672,-,-,-,-,-,-,-,-,-,-,[672],-,-,-,-,-,-,-,-,-,-,-,-,-,-,-,[282],-,-,-
