e,!,!=,#,&,(,),*,+,",",-,/,;,<,<=,=,==,>,>=,Identifier,Integer-Number,[,],bool,break,char,else,factor,float,if,int,return,statement,string,void,while,{,|,}
0,-,[16],-,-,-,-,-,-,-,-,[22],-,[325],-,-,-,-,-,-,[6],-,-,-,-,[1364],-,-,[23],-,[381],-,[1038],-,-,-,[711],[327],-,-
2,-,-,-,-,-,-,-,-,-,-,-,-,[325],-,-,-,-,-,-,-,-,-,-,-,-,-,-,-,-,-,-,-,-,-,-,-,-,-,-
4,-,[16],-,-,-,-,-,-,-,-,[22],-,-,-,-,-,-,-,-,[6],-,-,-,-,-,-,-,[23],-,-,-,-,-,-,-,-,-,-,-
6,-,-,-,-,-,-,-,-,-,-,[625],-,-,-,-,[11],-,-,-,-,-,[8],-,-,-,-,-,[626],-,-,-,-,-,-,-,-,-,-,-
8,-,-,-,-,[801],-,-,-,-,-,-,-,-,-,-,-,-,-,-,-,[9],-,-,-,-,-,-,-,-,-,-,-,-,-,-,-,-,-,-
9,-,-,-,-,[91],-,-,-,-,-,[906],-,-,-,-,-,-,-,-,-,-,-,[10],-,-,-,-,[907],-,-,-,-,-,-,-,-,-,-,-
10,-,-,-,-,-,-,-,-,-,-,[625],-,-,-,-,[11],-,-,-,-,-,-,-,-,-,-,-,[626],-,-,-,-,-,-,-,-,-,-,-
11,-,[16],-,-,-,-,-,-,[112],-,[22],-,-,-,-,-,-,-,-,[6],-,-,-,-,-,-,-,[23],-,-,-,-,-,-,-,-,-,-,-
13,-,-,-,-,-,-,-,[302],-,-,[1366],[303],[325],-,-,-,-,-,-,-,-,-,-,-,-,-,-,[126],-,-,-,-,-,-,-,-,-,[169],-
15,-,[16],-,-,-,-,-,-,-,-,[22],-,-,-,-,-,-,-,-,-,-,-,-,-,-,-,-,[23],-,-,-,-,-,-,-,-,-,-,-
16,-,[16],-,-,-,-,-,[162],-,-,[22],[163],-,-,-,-,-,-,-,-,-,-,-,-,-,-,-,[23],-,-,-,-,-,-,-,-,-,-,-
18,-,-,[57],[58],-,-,-,[302],[492],-,[1366],[303],[325],[54],[55],[51],[56],[52],[53],-,-,-,-,-,-,-,-,[126],-,-,-,-,-,-,-,-,-,[169],-
20,-,-,[57],[58],-,-,-,[302],[492],-,[245],[303],[325],[54],[55],[51],[56],[52],[53],-,-,-,-,-,-,-,-,[246],-,-,-,-,-,-,-,-,-,[169],-
22,-,-,-,-,-,-,-,-,-,-,[22],-,-,-,-,-,-,-,-,-,-,-,-,-,-,-,-,[23],-,-,-,-,-,-,-,-,-,-,-
23,-,-,[57],[58],-,-,-,[302],[492],-,[245],[303],[325],[54],[55],[51],[56],[52],[53],-,-,-,-,-,-,-,-,[246],-,-,-,-,-,-,-,-,-,[169],-
25,-,[251],-,-,-,-,-,-,-,-,[257],-,-,-,-,-,-,-,-,-,-,-,-,-,-,-,-,[258],-,-,-,-,-,-,-,-,-,-,-
26,-,[251],-,-,-,-,-,-,-,-,[265],-,-,-,-,-,-,-,-,-,-,-,-,-,-,-,-,[266],-,-,-,-,-,-,-,-,-,-,-
27,-,[251],-,-,-,-,-,-,-,-,[257],-,-,-,-,-,-,-,-,-,-,-,-,-,-,-,-,[258],-,-,-,-,-,-,-,-,-,-,-
29,-,-,-,-,-,-,-,-,-,-,[30],-,-,-,-,-,-,-,-,-,-,-,-,-,-,-,-,[31],-,-,-,-,-,-,-,-,-,-,-
30,-,-,-,-,-,-,-,-,-,-,[30],-,-,-,-,-,-,-,-,-,-,-,-,-,-,-,-,[31],-,-,-,-,-,-,-,-,-,-,-
31,-,-,[57],[58],-,-,-,[302],[492],-,[245],[303],[325],[54],[55],[51],[56],[52],[53],-,-,-,-,-,-,-,-,[246],-,-,-,-,-,-,-,-,-,[169],-
33,-,-,-,-,-,-,-,-,-,-,[39],-,-,-,-,-,-,-,-,[339],-,-,-,-,-,-,-,[40],-,-,-,-,-,-,-,-,-,-,-
34,-,-,-,-,-,-,-,-,-,-,[39],-,-,-,-,-,-,-,-,[339],-,-,-,-,-,-,-,[40],-,-,-,-,-,-,-,-,-,-,-
35,-,-,-,-,-,-,-,-,-,-,[39],-,-,-,-,-,-,-,-,[339],-,-,[351],-,-,-,-,[40],-,-,-,-,-,-,-,-,-,-,-
37,-,-,[57],[58],-,-,-,[302],[492],-,[1366],[303],[325],[54],[55],[51],[56],[52],[53],[363],-,-,-,-,-,-,-,[126],-,-,-,-,-,-,-,-,-,[169],-
39,-,-,-,-,-,-,-,-,-,-,[39],-,-,-,-,-,-,-,-,-,-,-,-,-,-,-,-,[40],-,-,-,-,-,-,-,-,-,-,-
40,-,-,[57],[58],-,-,-,[302],[492],-,[1366],[303],[325],[54],[55],[51],[56],[52],[53],[363],-,-,-,-,-,-,-,[126],-,-,-,-,-,-,-,-,-,[169],-
42,-,-,-,-,-,-,-,-,-,-,[47],-,-,-,-,-,-,-,-,-,-,-,-,-,-,-,-,[48],-,-,-,-,-,-,-,-,-,-,-
43,-,-,-,-,-,-,-,-,-,-,[443],-,-,-,-,-,-,-,-,-,-,-,-,-,-,-,-,[444],-,-,-,-,-,-,-,-,-,-,-
44,-,-,-,-,-,-,-,-,-,-,[47],-,-,-,-,-,-,-,-,-,-,-,-,-,-,-,-,[48],-,-,-,-,-,-,-,-,-,-,-
46,-,-,-,-,-,-,-,-,-,-,[47],-,-,-,-,-,-,-,-,-,-,-,-,-,-,-,-,[48],-,-,-,-,-,-,-,-,-,-,-
47,-,-,-,-,[471],-,-,-,-,-,[47],-,-,-,-,-,-,-,-,-,-,-,-,-,-,-,-,[48],-,-,-,-,-,-,-,-,-,-,-
48,-,-,[57],[58],-,-,-,[302],[492],-,[1366],[303],[325],[54],[55],[51],[56],[52],[53],[363],-,-,-,-,-,-,-,[126],-,-,-,-,-,-,-,-,-,[169],-
50,-,-,-,-,-,-,-,-,-,-,-,-,-,-,-,-,-,-,-,-,-,-,-,-,-,-,-,-,-,-,-,-,-,-,-,-,-,-,-
51,-,-,-,-,-,-,-,-,-,-,-,-,-,-,-,-,-,-,-,-,-,-,-,-,-,-,-,-,-,-,-,-,-,-,-,-,-,-,-
52,-,-,-,-,-,-,-,-,-,-,[521],-,-,-,-,-,-,-,-,-,-,-,-,-,-,-,-,-,-,-,-,-,-,-,-,-,-,-,-
53,-,-,-,-,-,-,-,-,-,-,-,-,-,-,-,-,-,-,-,-,-,-,-,-,-,-,-,-,-,-,-,-,-,-,-,-,-,-,-
54,-,-,-,-,-,-,-,[542],-,-,-,[543],-,-,-,-,-,-,-,-,-,-,-,-,-,-,-,-,-,-,-,-,-,-,-,-,-,-,-
55,-,-,-,-,-,-,-,-,-,-,-,-,-,-,-,-,-,-,-,-,-,-,-,-,-,-,-,-,-,-,-,-,-,-,-,-,-,-,-
56,-,-,-,-,-,-,-,-,-,-,-,-,-,-,-,-,-,-,-,-,-,-,-,-,-,-,-,-,-,-,-,-,-,-,-,-,-,-,-
57,-,-,-,-,-,-,-,-,-,-,[576],-,-,-,-,-,-,-,-,-,-,-,-,-,-,-,-,[577],-,-,-,-,-,-,-,-,-,-,-
58,-,-,-,-,-,-,-,-,-,-,-,-,-,-,-,-,-,-,-,-,-,-,-,-,-,-,-,-,-,-,-,-,-,-,-,-,-,-,-
60,-,-,-,-,-,-,-,[302],[492],-,[1366],[303],[325],-,-,-,-,-,-,-,-,-,-,-,-,-,-,[126],-,-,-,-,-,-,-,-,-,[169],-
62,-,-,-,-,-,-,-,-,-,-,[625],-,-,-,-,-,-,-,-,-,-,-,-,-,-,-,-,[626],-,-,-,-,-,-,-,-,-,-,-
63,-,[631],-,-,-,-,-,-,-,-,[637],-,-,-,-,-,-,-,-,-,-,-,-,-,-,-,-,[638],-,-,-,-,-,-,-,-,-,-,-
64,-,-,-,-,-,-,-,[302],[492],-,[645],[303],[325],-,-,-,-,-,-,-,-,-,-,-,-,-,-,[646],-,-,-,-,-,-,-,-,-,[169],-
66,-,-,-,-,-,-,-,-,-,-,-,-,-,-,-,-,-,-,-,-,-,-,-,-,-,-,-,[72],-,-,-,-,-,-,-,-,-,-,-
67,-,-,-,-,-,-,-,-,-,-,-,-,-,-,-,-,-,-,-,-,-,-,-,-,-,-,-,[72],-,-,-,-,-,-,-,-,-,-,-
68,-,-,-,-,-,-,-,[682],-,-,-,[683],-,-,-,-,-,-,-,-,-,-,-,-,-,-,-,[72],-,-,-,-,-,-,-,-,-,-,-
70,-,-,-,-,-,-,-,-,-,-,-,-,-,-,-,-,-,-,-,-,-,-,-,-,-,-,-,[72],-,-,-,-,-,-,-,-,-,-,-
71,-,-,-,-,-,-,-,-,-,-,-,-,-,-,-,-,-,-,-,-,-,-,-,-,-,-,-,[72],-,-,-,-,-,-,-,-,-,-,-
72,-,-,-,-,-,-,-,[302],[492],-,[1366],[303],[325],-,-,-,-,-,-,-,-,-,-,-,-,-,-,[126],-,-,-,-,-,-,-,-,-,[169],-
74,-,-,-,-,-,-,-,-,-,-,[80],-,-,-,-,-,-,-,-,-,-,-,-,-,-,-,-,[81],-,-,-,-,-,-,-,-,-,-,-
75,-,-,-,-,-,-,-,-,-,-,[80],-,-,-,-,-,-,-,-,-,-,-,-,-,-,-,-,[81],-,-,-,-,-,-,-,-,-,-,-
76,-,-,-,-,-,-,-,-,-,-,[773],-,-,-,-,-,-,-,-,-,-,-,-,-,-,-,-,[774],-,-,-,-,-,-,-,-,-,-,-
78,-,-,-,-,-,-,-,[302],[492],-,[1366],[303],[325],-,-,-,-,-,-,-,-,-,-,-,-,-,-,[126],-,-,-,-,-,-,-,-,-,[169],-
80,-,-,-,-,-,-,-,-,-,-,[80],-,-,-,-,-,-,-,-,-,-,-,-,-,-,-,-,[81],-,-,-,-,-,-,-,-,-,-,-
81,-,-,-,-,-,-,-,[302],[492],-,[1366],[303],[325],-,-,-,-,-,-,-,-,-,-,-,-,-,-,[126],-,-,-,-,-,-,-,-,-,[169],-
83,-,-,-,-,-,-,-,[872],-,-,[835],[873],-,-,-,-,-,-,-,-,-,-,-,-,-,-,-,[836],-,-,-,-,-,-,-,-,-,-,-
84,-,-,-,-,-,-,-,[872],-,-,[835],[873],-,-,-,-,-,-,-,-,-,-,-,-,-,-,-,[836],-,-,-,-,-,-,-,-,-,-,-
85,-,-,-,-,-,-,-,[872],-,-,[835],[873],-,-,-,-,-,-,-,-,-,-,-,-,-,-,-,[836],-,-,-,-,-,-,-,-,-,-,-
87,-,-,-,-,-,-,-,[872],-,-,[88],[873],-,-,-,-,-,-,-,-,-,-,-,-,-,-,-,[89],-,-,-,-,-,-,-,-,-,-,-
88,-,-,-,-,-,-,-,[872],-,-,[88],[873],-,-,-,-,-,-,-,-,-,-,-,-,-,-,-,[89],-,-,-,-,-,-,-,-,-,-,-
89,-,-,-,-,-,-,-,[302],[492],-,[1366],[303],[325],-,-,-,-,-,-,-,-,-,-,-,-,-,-,[126],-,-,-,-,-,-,-,-,-,[169],-
91,-,[94],-,-,-,-,-,-,-,-,[100],-,-,-,-,-,-,-,-,-,-,-,-,-,-,-,-,[101],-,-,-,-,-,-,-,-,-,-,-
93,-,[94],-,-,-,-,-,-,-,-,[100],-,-,-,-,-,-,-,-,-,-,-,-,-,-,-,-,[101],-,-,-,-,-,-,-,-,-,-,-
94,-,[94],-,-,-,-,-,-,[942],-,[100],-,-,-,-,-,-,-,-,-,-,-,-,-,-,-,-,[101],-,-,-,-,-,-,-,-,-,-,-
96,-,[961],[135],[136],-,-,-,[302],-,-,[955],[303],[325],[132],[133],[129],[134],[130],[131],-,-,-,-,-,-,-,-,[956],-,-,-,-,-,-,-,-,-,[169],-
98,-,[961],[135],[136],-,-,-,[302],-,-,[955],[303],[325],[132],[133],[129],[134],[130],[131],-,-,-,-,-,-,-,-,[956],-,-,-,-,-,-,-,-,-,[169],-
100,-,-,-,-,-,-,-,-,-,-,[100],-,-,-,-,-,-,-,-,-,-,-,-,-,-,-,-,[101],-,-,-,-,-,-,-,-,-,-,-
101,-,[961],[135],[136],-,-,-,[302],-,-,[955],[303],[325],[132],[133],[129],[134],[130],[131],-,-,-,-,-,-,-,-,[956],-,-,-,-,-,-,-,-,-,[169],-
103,-,-,-,-,-,-,-,-,-,-,[1076],-,-,-,-,-,-,-,-,-,-,-,-,-,-,-,-,[1077],-,-,-,-,-,-,-,-,-,-,-
104,-,-,-,-,-,-,-,-,-,-,[1076],-,-,-,-,-,-,-,-,-,-,-,-,-,-,-,-,[1077],-,-,-,-,-,-,-,-,-,-,-
105,-,-,-,-,-,-,-,-,-,-,[1076],-,-,-,-,-,-,-,-,-,-,-,-,-,-,-,-,[1077],-,-,-,-,-,-,-,-,-,-,-
107,-,-,-,-,-,-,-,-,-,-,[1076],-,-,-,-,-,-,-,-,-,-,-,-,-,-,-,-,[1077],-,-,-,-,-,-,-,-,-,-,-
108,-,-,-,-,-,-,-,-,-,-,[1076],-,-,-,-,-,-,-,-,-,-,-,-,-,-,-,-,[1077],-,-,-,-,-,-,-,-,-,-,-
109,-,[961],[135],[136],-,-,-,[302],-,-,[955],[303],[325],[132],[133],[129],[134],[130],[131],-,-,-,-,-,-,-,-,[956],-,-,-,-,-,-,-,-,-,[169],-
111,-,-,-,-,-,-,-,-,[1112],-,[117],-,-,-,-,-,-,-,-,-,-,-,-,-,-,-,-,[118],-,-,-,-,-,-,-,-,-,-,-
112,-,-,-,-,-,-,-,-,[1112],-,[1125],-,-,-,-,-,-,-,-,-,-,-,-,-,-,-,-,[1126],-,-,-,-,-,-,-,-,-,-,-
113,-,[1131],-,-,-,-,-,-,[1112],-,[1137],-,-,-,-,-,-,-,-,-,-,-,-,-,-,-,-,[1138],-,-,-,-,-,-,-,-,-,-,-
115,-,[961],[135],[136],-,-,-,[302],-,-,[1145],[303],[325],[132],[133],[129],[134],[130],[131],-,-,-,-,-,-,-,-,[1146],-,-,-,-,-,-,-,-,-,[169],-
117,-,-,-,-,-,-,-,-,-,-,[117],-,-,-,-,-,-,-,-,-,-,-,-,-,-,-,-,[118],-,-,-,-,-,-,-,-,-,-,-
118,-,[961],[135],[136],-,-,-,[302],-,-,[1145],[303],[325],[132],[133],[129],[134],[130],[131],-,-,-,-,-,-,-,-,[1146],-,-,-,-,-,-,-,-,-,[169],-
120,-,-,-,-,-,-,-,-,-,-,-,-,-,-,-,-,-,-,-,-,-,-,-,-,-,-,-,-,-,-,-,-,-,-,-,-,-,-,-
121,-,-,-,-,-,-,-,-,-,-,-,-,-,-,-,-,-,-,-,-,-,-,-,-,-,-,-,-,-,-,-,-,-,-,-,-,-,-,-
122,-,-,-,-,-,-,-,-,-,-,-,-,-,-,-,-,-,-,-,-,-,-,-,-,-,-,-,-,-,-,-,-,-,-,-,-,-,-,-
124,-,-,-,-,-,-,-,-,-,-,[1366],-,-,-,-,-,-,-,-,-,-,-,-,-,-,-,-,[126],-,-,-,-,-,-,-,-,-,-,-
126,-,[961],[135],[136],-,-,-,[302],-,-,[1265],[303],[325],[132],[133],[129],[134],[130],[131],-,-,-,-,-,-,-,-,[1266],-,-,-,-,-,-,-,-,-,[169],-
128,-,-,-,-,-,-,-,-,-,-,-,-,-,-,-,-,-,-,-,-,-,-,-,-,-,-,-,[142],-,-,-,-,-,-,-,-,-,-,-
129,-,-,[1329],[1330],-,-,-,-,-,-,-,-,-,[1326],[1327],[1323],[1328],[1324],[1325],-,-,-,-,-,-,-,-,[142],-,-,-,-,-,-,-,-,-,-,-
130,-,-,-,-,-,-,-,-,-,-,-,-,-,-,-,-,-,-,-,-,-,-,-,-,-,-,-,[142],-,-,-,-,-,-,-,-,-,-,-
131,-,-,-,-,-,-,-,-,-,-,[1311],-,-,-,-,-,-,-,-,-,-,-,-,-,-,-,-,[142],-,-,-,-,-,-,-,-,-,-,-
132,-,-,-,-,-,-,-,-,-,-,-,-,-,-,-,-,-,-,-,-,-,-,-,-,-,-,-,[142],-,-,-,-,-,-,-,-,-,-,-
133,-,-,-,-,-,-,-,-,-,-,-,-,-,-,-,-,-,-,-,-,-,-,-,-,-,-,-,[142],-,-,-,-,-,-,-,-,-,-,-
134,-,-,-,-,-,-,-,-,-,-,-,-,-,-,-,-,-,-,-,-,-,-,-,-,-,-,-,[142],-,-,-,-,-,-,-,-,-,-,-
135,-,-,-,-,-,-,-,-,-,-,-,-,-,-,-,-,-,-,-,-,-,-,-,-,-,-,-,[142],-,-,-,-,-,-,-,-,-,-,-
136,-,-,-,-,-,-,-,-,-,-,-,-,-,-,-,-,-,-,-,-,-,-,-,-,-,-,-,[142],-,-,-,-,-,-,-,-,-,-,-
138,-,-,-,-,-,-,-,[302],[153],-,[955],[303],[325],-,-,-,-,-,-,-,-,-,-,-,-,-,-,[956],-,-,-,-,-,-,-,-,-,[169],-
140,-,-,-,-,-,-,-,-,-,-,-,-,-,-,-,-,-,-,-,-,-,-,-,-,-,-,-,[142],-,-,-,-,-,-,-,-,-,-,-
141,-,-,-,-,-,-,-,-,-,-,-,-,-,-,-,-,-,-,-,-,-,-,-,-,-,-,-,[142],-,-,-,-,-,-,-,-,-,-,-
142,-,-,-,-,-,-,-,[302],[153],-,[955],[303],[325],-,-,-,-,-,-,-,-,-,-,-,-,-,-,[956],-,-,-,-,-,-,-,-,-,[169],-
144,-,-,-,-,-,-,-,-,-,-,[149],-,-,-,-,-,-,-,-,-,-,-,-,-,-,-,-,[150],-,-,-,-,-,-,-,-,-,-,-
145,-,-,-,-,-,-,-,-,-,-,[149],-,-,-,-,-,-,-,-,-,-,-,-,-,-,-,-,[150],-,-,-,-,-,-,-,-,-,-,-
146,-,-,-,-,-,-,-,-,-,-,[149],-,-,-,-,-,-,-,-,-,-,-,-,-,-,-,-,[150],-,-,-,-,-,-,-,-,-,-,-
148,-,-,-,-,-,-,-,-,-,-,[149],-,-,-,-,-,-,-,-,-,-,-,-,-,-,-,-,[150],-,-,-,-,-,-,-,-,-,-,-
149,-,-,-,-,-,-,-,-,-,-,[149],-,-,-,-,-,-,-,-,-,-,-,-,-,-,-,-,[150],-,-,-,-,-,-,-,-,-,-,-
150,-,-,-,-,-,-,-,[302],[153],-,[955],[303],[325],-,-,-,-,-,-,-,-,-,-,-,-,-,-,[956],-,-,-,-,-,-,-,-,-,[169],-
152,-,-,-,-,-,-,-,-,-,-,[158],-,-,-,-,-,-,-,-,-,-,-,-,-,-,-,-,[159],-,-,-,-,-,-,-,-,-,-,-
153,-,-,-,-,-,-,-,-,-,-,[158],-,-,-,-,-,-,-,-,-,-,-,-,-,-,-,-,[159],-,-,-,-,-,-,-,-,-,-,-
154,-,-,-,-,-,-,-,-,-,-,[158],-,-,-,-,-,-,-,-,-,-,-,-,-,-,-,-,[159],-,-,-,-,-,-,-,-,-,-,-
156,-,-,-,-,-,-,-,[302],[153],-,[955],[303],[325],-,-,-,-,-,-,-,-,-,-,-,-,-,-,[956],-,-,-,-,-,-,-,-,-,[169],-
158,-,-,-,-,-,-,-,-,-,-,[158],-,-,-,-,-,-,-,-,-,-,-,-,-,-,-,-,[159],-,-,-,-,-,-,-,-,-,-,-
159,-,-,-,-,-,-,-,[302],[153],-,[955],[303],[325],-,-,-,-,-,-,-,-,-,-,-,-,-,-,[956],-,-,-,-,-,-,-,-,-,[169],-
161,-,-,-,-,-,-,-,-,-,-,[166],-,-,-,-,-,-,-,-,-,-,-,-,-,-,-,-,[167],-,-,-,-,-,-,-,-,-,-,-
162,-,-,-,-,-,-,-,-,-,-,[166],-,-,-,-,-,-,-,-,-,-,-,-,-,-,-,-,[167],-,-,-,-,-,-,-,-,-,-,-
163,-,-,-,-,-,-,-,-,-,-,[166],-,-,-,-,-,-,-,-,-,-,-,-,-,-,-,-,[167],-,-,-,-,-,-,-,-,-,-,-
165,-,-,-,-,-,-,-,-,-,-,[166],-,-,-,-,-,-,-,-,-,-,-,-,-,-,-,-,[167],-,-,-,-,-,-,-,-,-,-,-
166,-,-,-,-,-,-,-,-,-,-,[166],-,-,-,-,-,-,-,-,-,-,-,-,-,-,-,-,[167],-,-,-,-,-,-,-,-,-,-,-
167,-,-,-,-,-,-,-,[302],[153],-,[955],[303],[325],-,-,-,-,-,-,-,-,-,-,-,-,-,-,[956],-,-,-,-,-,-,-,-,-,[169],-
169,-,[173],-,-,-,-,-,-,-,-,[179],-,-,-,-,-,-,-,-,-,-,-,-,-,-,-,-,[180],-,-,-,-,-,-,-,-,-,-,-
171,-,-,-,-,[248],-,-,[302],-,-,[1366],[303],[325],-,-,-,-,-,-,-,-,-,-,-,-,-,-,[126],-,-,-,-,-,-,-,-,-,[169],-
173,-,[173],-,-,-,-,-,-,-,-,[179],-,-,-,-,-,-,-,-,-,-,-,-,-,-,-,-,[180],-,-,-,-,-,-,-,-,-,-,-
175,-,-,[214],[215],[248],-,-,[302],-,-,[1366],[303],[325],[211],[212],[208],[213],[209],[210],-,-,-,-,-,-,-,-,[126],-,-,-,-,-,-,-,-,-,[169],-
177,-,-,[214],[215],[248],-,-,[302],[191],-,[1366],[303],[325],[211],[212],[208],[213],[209],[210],-,-,-,-,-,-,-,-,[126],-,-,-,-,-,-,-,-,-,[169],-
179,-,-,-,-,-,-,-,-,-,-,[179],-,-,-,-,-,-,-,-,-,-,-,-,-,-,-,-,[180],-,-,-,-,-,-,-,-,-,-,-
180,-,-,[214],[215],[248],-,-,[302],[191],-,[1366],[303],[325],[211],[212],[208],[213],[209],[210],-,-,-,-,-,-,-,-,[126],-,-,-,-,-,-,-,-,-,[169],-
182,-,-,-,-,-,-,-,-,-,-,[187],-,-,-,-,-,-,-,-,-,-,-,-,-,-,-,-,[188],-,-,-,-,-,-,-,-,-,-,-
183,-,-,-,-,-,-,-,-,-,-,[187],-,-,-,-,-,-,-,-,-,-,-,-,-,-,-,-,[188],-,-,-,-,-,-,-,-,-,-,-
184,-,-,-,-,-,-,-,-,-,-,[187],-,-,-,-,-,-,-,-,-,-,-,-,-,-,-,-,[188],-,-,-,-,-,-,-,-,-,-,-
186,-,-,-,-,-,-,-,-,-,-,[187],-,-,-,-,-,-,-,-,-,-,-,-,-,-,-,-,[188],-,-,-,-,-,-,-,-,-,-,-
187,-,-,-,-,-,-,-,-,-,-,[187],-,-,-,-,-,-,-,-,-,-,-,-,-,-,-,-,[188],-,-,-,-,-,-,-,-,-,-,-
188,-,-,[214],[215],[248],-,-,[302],[191],-,[1366],[303],[325],[211],[212],[208],[213],[209],[210],-,-,-,-,-,-,-,-,[126],-,-,-,-,-,-,-,-,-,[169],-
190,-,-,-,-,-,-,-,-,-,-,-,-,-,-,-,-,-,-,-,-,-,-,-,-,-,-,-,-,-,-,-,-,-,-,-,-,-,-,-
191,-,-,-,-,-,-,-,-,-,-,-,-,-,-,-,-,-,-,-,-,-,-,-,-,-,-,-,-,-,-,-,-,-,-,-,-,-,-,-
192,-,-,-,-,-,-,-,-,-,-,-,-,-,-,-,-,-,-,-,-,-,-,-,-,-,-,-,-,-,-,-,-,-,-,-,-,-,-,-
194,-,-,[214],[215],[248],-,-,[302],[191],-,[1366],[303],[325],[211],[212],[208],[213],[209],[210],-,-,-,-,-,-,-,-,[126],-,-,-,-,-,-,-,-,-,[169],-
196,-,-,-,-,-,-,-,-,-,-,[196],-,-,-,-,-,-,-,-,-,-,-,-,-,-,-,-,[197],-,-,-,-,-,-,-,-,-,-,-
197,-,-,[214],[215],[248],-,-,[302],[191],-,[1366],[303],[325],[211],[212],[208],[213],[209],[210],-,-,-,-,-,-,-,-,[126],-,-,-,-,-,-,-,-,-,[169],-
199,-,-,-,-,-,-,-,-,-,-,[204],-,-,-,-,-,-,-,-,-,-,-,-,-,-,-,-,[205],-,-,-,-,-,-,-,-,-,-,-
200,-,-,-,-,-,-,-,-,-,-,[204],-,-,-,-,-,-,-,-,-,-,-,-,-,-,-,-,[205],-,-,-,-,-,-,-,-,-,-,-
201,-,-,-,-,-,-,-,-,-,-,[204],-,-,-,-,-,-,-,-,-,-,-,-,-,-,-,-,[205],-,-,-,-,-,-,-,-,-,-,-
203,-,-,-,-,-,-,-,-,-,-,[204],-,-,-,-,-,-,-,-,-,-,-,-,-,-,-,-,[205],-,-,-,-,-,-,-,-,-,-,-
204,-,-,-,-,-,-,-,-,-,-,[204],-,-,-,-,-,-,-,-,-,-,-,-,-,-,-,-,[205],-,-,-,-,-,-,-,-,-,-,-
205,-,-,[214],[215],[248],-,-,[302],[191],-,[1366],[303],[325],[211],[212],[208],[213],[209],[210],-,-,-,-,-,-,-,-,[126],-,-,-,-,-,-,-,-,-,[169],-
207,-,-,-,-,-,-,-,-,-,-,[220],-,-,-,-,-,-,-,-,-,-,-,-,-,-,-,-,[221],-,-,-,-,-,-,-,-,-,-,-
208,-,-,-,-,-,-,-,-,-,-,[220],-,-,-,-,-,-,-,-,-,-,-,-,-,-,-,-,[221],-,-,-,-,-,-,-,-,-,-,-
209,-,-,-,-,-,-,-,-,-,-,[220],-,-,-,-,-,-,-,-,-,-,-,-,-,-,-,-,[221],-,-,-,-,-,-,-,-,-,-,-
210,-,-,-,-,-,-,-,-,-,-,[220],-,-,-,-,-,-,-,-,-,-,-,-,-,-,-,-,[221],-,-,-,-,-,-,-,-,-,-,-
211,-,-,-,-,-,-,-,-,-,-,[220],-,-,-,-,-,-,-,-,-,-,-,-,-,-,-,-,[221],-,-,-,-,-,-,-,-,-,-,-
212,-,-,-,-,-,-,-,-,-,-,[220],-,-,-,-,-,-,-,-,-,-,-,-,-,-,-,-,[221],-,-,-,-,-,-,-,-,-,-,-
213,-,-,-,-,-,-,-,-,-,-,[220],-,-,-,-,-,-,-,-,-,-,-,-,-,-,-,-,[221],-,-,-,-,-,-,-,-,-,-,-
214,-,-,-,-,-,-,-,-,-,-,[220],-,-,-,-,-,-,-,-,-,-,-,-,-,-,-,-,[221],-,-,-,-,-,-,-,-,-,-,-
215,-,-,-,-,-,-,-,-,-,-,[220],-,-,-,-,-,-,-,-,-,-,-,-,-,-,-,-,[221],-,-,-,-,-,-,-,-,-,-,-
217,-,-,-,-,[248],-,-,[302],-,-,[1366],[303],[325],-,-,-,-,-,-,-,-,-,-,-,-,-,-,[126],-,-,-,-,-,-,-,-,-,[169],-
219,-,-,-,-,-,-,-,-,-,-,[220],-,-,-,-,-,-,-,-,-,-,-,-,-,-,-,-,[221],-,-,-,-,-,-,-,-,-,-,-
220,-,-,-,-,-,-,-,-,-,-,[220],-,-,-,-,-,-,-,-,-,-,-,-,-,-,-,-,[221],-,-,-,-,-,-,-,-,-,-,-
221,-,-,-,-,[248],-,-,[302],-,-,[1366],[303],[325],-,-,-,-,-,-,-,-,-,-,-,-,-,-,[126],-,-,-,-,-,-,-,-,-,[169],-
223,-,-,-,-,-,-,-,-,-,-,[228],-,-,-,-,-,-,-,-,-,-,-,-,-,-,-,-,[229],-,-,-,-,-,-,-,-,-,-,-
224,-,-,-,-,-,-,-,-,-,-,[228],-,-,-,-,-,-,-,-,-,-,-,-,-,-,-,-,[229],-,-,-,-,-,-,-,-,-,-,-
225,-,-,-,-,-,-,-,-,-,-,[228],-,-,-,-,-,-,-,-,-,-,-,-,-,-,-,-,[229],-,-,-,-,-,-,-,-,-,-,-
227,-,-,-,-,-,-,-,-,-,-,[228],-,-,-,-,-,-,-,-,-,-,-,-,-,-,-,-,[229],-,-,-,-,-,-,-,-,-,-,-
228,-,-,-,-,-,-,-,-,-,-,[228],-,-,-,-,-,-,-,-,-,-,-,-,-,-,-,-,[229],-,-,-,-,-,-,-,-,-,-,-
229,-,-,-,-,[248],-,-,[302],-,-,[1366],[303],[325],-,-,-,-,-,-,-,-,-,-,-,-,-,-,[126],-,-,-,-,-,-,-,-,-,[169],-
231,-,-,-,-,-,-,-,-,-,-,[237],-,-,-,-,-,-,-,-,-,-,-,-,-,-,-,-,[238],-,-,-,-,-,-,-,-,-,-,-
232,-,-,-,-,-,-,-,-,-,-,[237],-,-,-,-,-,-,-,-,-,-,-,-,-,-,-,-,[238],-,-,-,-,-,-,-,-,-,-,-
233,-,-,-,-,-,-,-,-,-,-,[237],-,-,-,-,-,-,-,-,-,-,-,-,-,-,-,-,[238],-,-,-,-,-,-,-,-,-,-,-
235,-,-,-,-,[248],-,-,[302],-,-,[1366],[303],[325],-,-,-,-,-,-,-,-,-,-,-,-,-,-,[126],-,-,-,-,-,-,-,-,-,[169],-
237,-,-,-,-,-,-,-,-,-,-,[237],-,-,-,-,-,-,-,-,-,-,-,-,-,-,-,-,[238],-,-,-,-,-,-,-,-,-,-,-
238,-,-,-,-,[248],-,-,[302],-,-,[1366],[303],[325],-,-,-,-,-,-,-,-,-,-,-,-,-,-,[126],-,-,-,-,-,-,-,-,-,[169],-
240,-,-,-,-,-,-,-,-,-,-,-,-,-,-,-,-,-,-,-,-,-,-,-,-,-,-,-,-,-,-,-,-,-,-,-,-,-,-,-
241,-,-,-,-,-,-,-,-,-,-,-,-,-,-,-,-,-,-,-,-,-,-,-,-,-,-,-,-,-,-,-,-,-,-,-,-,-,-,-
242,-,-,-,-,-,-,-,-,-,-,-,-,-,-,-,-,-,-,-,-,-,-,-,-,-,-,-,-,-,-,-,-,-,-,-,-,-,-,-
244,-,-,-,-,-,-,-,-,-,-,[245],-,-,-,-,-,-,-,-,-,-,-,-,-,-,-,-,[246],-,-,-,-,-,-,-,-,-,-,-
245,-,-,-,-,-,-,-,-,-,-,[245],-,-,-,-,-,-,-,-,-,-,-,-,-,-,-,-,[246],-,-,-,-,-,-,-,-,-,-,-
246,-,-,-,-,[248],-,-,[302],-,-,[1366],[303],[325],-,-,-,-,-,-,-,-,-,-,-,-,-,-,[126],-,-,-,-,-,-,-,-,-,[169],-
248,-,-,-,-,-,-,-,-,-,-,-,-,-,-,-,-,-,-,-,-,-,-,-,-,-,-,-,-,-,-,-,-,-,-,-,-,-,-,-
250,-,-,-,-,-,-,-,-,-,-,-,-,-,-,-,-,-,-,-,-,-,-,-,-,-,-,-,-,-,-,-,-,-,-,-,-,-,-,-
251,-,-,-,-,-,-,-,-,-,-,-,-,-,-,-,-,-,-,-,-,-,-,-,-,-,-,-,-,-,-,-,-,-,-,-,-,-,-,-
253,-,-,[292],[293],[248],-,-,[302],-,-,[1366],[303],[325],[289],[290],[286],[291],[287],[288],-,-,-,-,-,-,-,-,[126],-,-,-,-,-,-,-,-,-,[169],-
255,-,-,[292],[293],[248],-,-,[302],[269],-,[1366],[303],[325],[289],[290],[286],[291],[287],[288],-,-,-,-,-,-,-,-,[126],-,-,-,-,-,-,-,-,-,[169],-
257,-,-,-,-,-,-,-,-,-,-,[257],-,-,-,-,-,-,-,-,-,-,-,-,-,-,-,-,[258],-,-,-,-,-,-,-,-,-,-,-
258,-,-,[292],[293],[248],-,-,[302],[269],-,[1366],[303],[325],[289],[290],[286],[291],[287],[288],-,-,-,-,-,-,-,-,[126],-,-,-,-,-,-,-,-,-,[169],-
260,-,-,-,-,-,-,-,-,-,-,-,-,-,-,-,-,-,-,-,-,-,-,-,-,-,-,-,-,-,-,-,-,-,-,-,-,-,-,-
261,-,-,-,-,-,-,-,-,-,-,-,-,-,-,-,-,-,-,-,-,-,-,-,-,-,-,-,-,-,-,-,-,-,-,-,-,-,-,-
262,-,-,-,-,-,-,-,-,-,-,-,-,-,-,-,-,-,-,-,-,-,-,-,-,-,-,-,-,-,-,-,-,-,-,-,-,-,-,-
264,-,-,-,-,-,-,-,-,-,-,[265],-,-,-,-,-,-,-,-,-,-,-,-,-,-,-,-,[266],-,-,-,-,-,-,-,-,-,-,-
265,-,-,-,-,-,-,-,-,-,-,[265],-,-,-,-,-,-,-,-,-,-,-,-,-,-,-,-,[266],-,-,-,-,-,-,-,-,-,-,-
266,-,-,[292],[293],[248],-,-,[302],[269],-,[1366],[303],[325],[289],[290],[286],[291],[287],[288],-,-,-,-,-,-,-,-,[126],-,-,-,-,-,-,-,-,-,[169],-
268,-,-,-,-,-,-,-,-,-,-,[274],-,-,-,-,-,-,-,-,-,-,-,-,-,-,-,-,[275],-,-,-,-,-,-,-,-,-,-,-
269,-,-,-,-,-,-,-,-,-,-,[274],-,-,-,-,-,-,-,-,-,-,-,-,-,-,-,-,[275],-,-,-,-,-,-,-,-,-,-,-
270,-,-,-,-,-,-,-,-,-,-,[274],-,-,-,-,-,-,-,-,-,-,-,-,-,-,-,-,[275],-,-,-,-,-,-,-,-,-,-,-
272,-,-,[292],[293],[248],-,-,[302],[269],-,[1366],[303],[325],[289],[290],[286],[291],[287],[288],-,-,-,-,-,-,-,-,[126],-,-,-,-,-,-,-,-,-,[169],-
274,-,-,-,-,-,-,-,-,-,-,[274],-,-,-,-,-,-,-,-,-,-,-,-,-,-,-,-,[275],-,-,-,-,-,-,-,-,-,-,-
275,-,-,[292],[293],[248],-,-,[302],[269],-,[1366],[303],[325],[289],[290],[286],[291],[287],[288],-,-,-,-,-,-,-,-,[126],-,-,-,-,-,-,-,-,-,[169],-
277,-,-,-,-,-,-,-,-,-,-,[282],-,-,-,-,-,-,-,-,-,-,-,-,-,-,-,-,[283],-,-,-,-,-,-,-,-,-,-,-
278,-,-,-,-,-,-,-,-,-,-,[282],-,-,-,-,-,-,-,-,-,-,-,-,-,-,-,-,[283],-,-,-,-,-,-,-,-,-,-,-
279,-,-,-,-,-,-,-,-,-,-,[282],-,-,-,-,-,-,-,-,-,-,-,-,-,-,-,-,[283],-,-,-,-,-,-,-,-,-,-,-
281,-,-,-,-,-,-,-,-,-,-,[282],-,-,-,-,-,-,-,-,-,-,-,-,-,-,-,-,[283],-,-,-,-,-,-,-,-,-,-,-
282,-,-,-,-,-,-,-,-,-,-,[282],-,-,-,-,-,-,-,-,-,-,-,-,-,-,-,-,[283],-,-,-,-,-,-,-,-,-,-,-
283,-,-,[292],[293],[248],-,-,[302],[269],-,[1366],[303],[325],[289],[290],[286],[291],[287],[288],-,-,-,-,-,-,-,-,[126],-,-,-,-,-,-,-,-,-,[169],-
285,-,-,-,-,-,-,-,-,-,-,[298],-,-,-,-,-,-,-,-,-,-,-,-,-,-,-,-,[299],-,-,-,-,-,-,-,-,-,-,-
286,-,-,-,-,-,-,-,-,-,-,[298],-,-,-,-,-,-,-,-,-,-,-,-,-,-,-,-,[299],-,-,-,-,-,-,-,-,-,-,-
287,-,-,-,-,-,-,-,-,-,-,[298],-,-,-,-,-,-,-,-,-,-,-,-,-,-,-,-,[299],-,-,-,-,-,-,-,-,-,-,-
288,-,-,-,-,-,-,-,-,-,-,[298],-,-,-,-,-,-,-,-,-,-,-,-,-,-,-,-,[299],-,-,-,-,-,-,-,-,-,-,-
289,-,-,-,-,-,-,-,-,-,-,[298],-,-,-,-,-,-,-,-,-,-,-,-,-,-,-,-,[299],-,-,-,-,-,-,-,-,-,-,-
290,-,-,-,-,-,-,-,-,-,-,[298],-,-,-,-,-,-,-,-,-,-,-,-,-,-,-,-,[299],-,-,-,-,-,-,-,-,-,-,-
291,-,-,-,-,-,-,-,-,-,-,[298],-,-,-,-,-,-,-,-,-,-,-,-,-,-,-,-,[299],-,-,-,-,-,-,-,-,-,-,-
292,-,-,-,-,-,-,-,-,-,-,[298],-,-,-,-,-,-,-,-,-,-,-,-,-,-,-,-,[299],-,-,-,-,-,-,-,-,-,-,-
293,-,-,-,-,-,-,-,-,-,-,[298],-,-,-,-,-,-,-,-,-,-,-,-,-,-,-,-,[299],-,-,-,-,-,-,-,-,-,-,-
295,-,-,-,-,[248],-,-,[302],[310],-,[1366],[303],[325],-,-,-,-,-,-,-,-,-,-,-,-,-,-,[126],-,-,-,-,-,-,-,-,-,[169],-
297,-,-,-,-,-,-,-,-,-,-,[298],-,-,-,-,-,-,-,-,-,-,-,-,-,-,-,-,[299],-,-,-,-,-,-,-,-,-,-,-
298,-,-,-,-,-,-,-,-,-,-,[298],-,-,-,-,-,-,-,-,-,-,-,-,-,-,-,-,[299],-,-,-,-,-,-,-,-,-,-,-
299,-,-,-,-,[248],-,-,[302],[310],-,[1366],[303],[325],-,-,-,-,-,-,-,-,-,-,-,-,-,-,[126],-,-,-,-,-,-,-,-,-,[169],-
301,-,-,-,-,-,-,-,-,-,-,[306],-,-,-,-,-,-,-,-,-,-,-,-,-,-,-,-,[307],-,-,-,-,-,-,-,-,-,-,-
302,-,-,-,-,-,-,-,-,-,-,[306],-,-,-,-,-,-,-,-,-,-,-,-,-,-,-,-,[307],-,-,-,-,-,-,-,-,-,-,-
303,-,-,-,-,-,-,-,-,-,-,[306],-,-,-,-,-,-,-,-,-,-,-,-,-,-,-,-,[307],-,-,-,-,-,-,-,-,-,-,-
305,-,-,-,-,-,-,-,-,-,-,[306],-,-,-,-,-,-,-,-,-,-,-,-,-,-,-,-,[307],-,-,-,-,-,-,-,-,-,-,-
306,-,-,-,-,-,-,-,-,-,-,[306],-,-,-,-,-,-,-,-,-,-,-,-,-,-,-,-,[307],-,-,-,-,-,-,-,-,-,-,-
307,-,-,-,-,[248],-,-,[302],[310],-,[1366],[303],[325],-,-,-,-,-,-,-,-,-,-,-,-,-,-,[126],-,-,-,-,-,-,-,-,-,[169],-
309,-,-,-,-,-,-,-,-,-,-,[315],-,-,-,-,-,-,-,-,-,-,-,-,-,-,-,-,[316],-,-,-,-,-,-,-,-,-,-,-
310,-,-,-,-,-,-,-,-,-,-,[315],-,-,-,-,-,-,-,-,-,-,-,-,-,-,-,-,[316],-,-,-,-,-,-,-,-,-,-,-
311,-,-,-,-,-,-,-,-,-,-,[315],-,-,-,-,-,-,-,-,-,-,-,-,-,-,-,-,[316],-,-,-,-,-,-,-,-,-,-,-
313,-,-,-,-,[248],-,-,[302],[310],-,[1366],[303],[325],-,-,-,-,-,-,-,-,-,-,-,-,-,-,[126],-,-,-,-,-,-,-,-,-,[169],-
315,-,-,-,-,-,-,-,-,-,-,[315],-,-,-,-,-,-,-,-,-,-,-,-,-,-,-,-,[316],-,-,-,-,-,-,-,-,-,-,-
316,-,-,-,-,[248],-,-,[302],[310],-,[1366],[303],[325],-,-,-,-,-,-,-,-,-,-,-,-,-,-,[126],-,-,-,-,-,-,-,-,-,[169],-
318,-,-,-,-,-,-,-,-,-,-,[323],-,-,-,-,-,-,-,-,-,-,-,-,-,-,-,-,[324],-,-,-,-,-,-,-,-,-,-,-
319,-,-,-,-,-,-,-,-,-,-,[323],-,-,-,-,-,-,-,-,-,-,-,-,-,-,-,-,[324],-,-,-,-,-,-,-,-,-,-,-
320,-,-,-,-,-,-,-,-,-,-,[323],-,-,-,-,-,-,-,-,-,-,-,-,-,-,-,-,[324],-,-,-,-,-,-,-,-,-,-,-
322,-,-,-,-,-,-,-,-,-,-,[323],-,-,-,-,-,-,-,-,-,-,-,-,-,-,-,-,[324],-,-,-,-,-,-,-,-,-,-,-
323,-,-,-,-,-,-,-,-,-,-,[323],-,-,-,-,-,-,-,-,-,-,-,-,-,-,-,-,[324],-,-,-,-,-,-,-,-,-,-,-
324,-,-,-,-,[248],-,-,[302],[310],-,[1366],[303],[325],-,-,-,-,-,-,-,-,-,-,-,-,-,-,[126],-,-,-,-,-,-,-,-,-,[169],-
(325),-,-,-,-,-,-,-,-,-,-,-,-,-,-,-,-,-,-,-,-,-,-,-,-,-,-,-,-,-,-,-,-,-,-,-,-,-,-,-
327,-,-,-,-,-,-,-,-,-,-,-,-,-,-,-,-,-,-,-,-,-,-,-,[1371],-,[1372],-,-,[1367],-,[1368],-,[378],[1369],[1370],-,-,-,[379]
329,-,-,-,-,-,-,-,-,-,-,-,-,-,-,-,-,-,-,-,-,-,-,-,[1371],-,[1372],-,-,[1367],-,[1368],-,[378],[1369],[1370],-,-,-,[379]
331,-,-,-,-,-,-,-,-,-,-,-,-,-,-,-,-,-,-,-,-,-,-,-,-,-,-,-,-,-,-,-,-,-,-,-,-,-,-,-
333,-,-,-,-,-,-,-,-,-,-,-,-,-,-,-,-,-,-,-,-,-,-,-,-,-,-,-,-,-,-,-,-,-,-,-,-,-,-,-
335,-,-,-,-,-,-,-,-,-,-,-,-,-,-,-,-,-,-,-,-,-,-,-,-,-,-,-,-,-,-,-,-,-,-,-,-,-,-,-
337,-,-,-,-,-,-,-,-,-,-,-,-,-,-,-,-,-,-,-,-,-,-,-,[1371],-,[1372],-,-,[1367],-,[1368],-,[378],[1369],[1370],-,-,-,[379]
339,-,-,-,-,-,-,-,-,-,[345],-,-,-,-,-,-,-,-,-,-,-,[341],-,[1371],-,[1372],-,-,[1367],-,[1368],-,[378],[1369],[1370],-,-,-,[379]
341,-,-,-,-,-,-,-,-,-,-,-,-,-,-,-,-,-,-,-,-,[342],-,-,-,-,-,-,-,-,-,-,-,-,-,-,-,-,-,-
342,-,-,-,-,-,-,-,-,-,-,-,-,-,-,-,-,-,-,-,-,-,-,[343],-,-,-,-,-,-,-,-,-,-,-,-,-,-,-,-
343,-,-,-,-,-,-,-,-,-,[345],-,-,-,-,-,-,-,-,-,-,-,-,-,[1371],-,[1372],-,-,[1367],-,[1368],-,[378],[1369],[1370],-,-,-,[379]
345,-,-,-,-,-,-,-,-,-,-,-,-,-,-,-,-,-,-,-,[347],-,-,-,-,-,-,-,-,-,-,-,-,-,-,-,-,-,-,-
347,-,-,-,-,-,-,-,-,-,[345],-,-,-,-,-,-,-,-,-,-,-,[349],-,[1371],-,[1372],-,-,[1367],-,[1368],-,[378],[1369],[1370],-,-,-,[379]
349,-,-,-,-,-,-,-,-,-,-,-,-,-,-,-,-,-,-,-,-,[350],-,-,-,-,-,-,-,-,-,-,-,-,-,-,-,-,-,-
350,-,-,-,-,-,-,-,-,-,-,-,-,-,-,-,-,-,-,-,-,-,-,-,-,-,-,-,-,-,-,-,-,-,-,-,-,-,-,-
351,-,-,-,-,-,-,-,-,-,[345],-,-,-,-,-,-,-,-,-,-,-,-,-,[1371],-,[1372],-,-,[1367],-,[1368],-,[378],[1369],[1370],-,-,-,[379]
353,-,-,-,-,-,-,-,-,-,-,-,-,-,-,-,-,-,-,-,-,-,[359],-,-,-,-,-,-,-,-,-,-,-,-,-,-,-,-,-
355,-,-,-,-,-,-,-,-,-,-,-,-,-,-,-,-,-,-,-,-,-,[359],-,-,-,-,-,-,-,-,-,-,-,-,-,-,-,-,-
357,-,-,-,-,-,-,-,-,-,-,-,-,-,-,-,-,-,-,-,-,-,[359],-,-,-,-,-,-,-,-,-,-,-,-,-,-,-,-,-
359,-,-,-,-,-,-,-,-,-,-,-,-,-,-,-,-,-,-,-,-,-,-,[360],-,-,-,-,-,-,-,-,-,-,-,-,-,-,-,-
360,-,-,-,-,-,-,-,-,-,-,-,-,-,-,-,-,-,-,-,-,-,-,-,-,-,-,-,-,-,-,-,-,-,-,-,-,-,-,-
362,-,-,-,-,-,-,-,-,-,[369],-,-,[376],-,-,-,-,-,-,-,-,-,-,-,-,-,-,-,-,-,-,-,-,-,-,-,-,-,-
363,-,-,-,-,-,-,-,-,-,[369],-,-,[376],-,-,-,-,-,-,-,-,[365],-,-,-,-,-,-,-,-,-,-,-,-,-,-,-,-,-
365,-,-,-,-,-,-,-,-,-,-,-,-,-,-,-,-,-,-,-,-,[366],-,-,-,-,-,-,-,-,-,-,-,-,-,-,-,-,-,-
366,-,-,-,-,-,-,-,-,-,-,-,-,-,-,-,-,-,-,-,-,-,-,[367],-,-,-,-,-,-,-,-,-,-,-,-,-,-,-,-
367,-,-,-,-,-,-,-,-,-,[369],-,-,[376],-,-,-,-,-,-,-,-,-,-,-,-,-,-,-,-,-,-,-,-,-,-,-,-,-,-
369,-,-,-,-,-,-,-,-,-,-,-,-,-,-,-,-,-,-,-,[371],-,-,-,-,-,-,-,-,-,-,-,-,-,-,-,-,-,-,-
371,-,-,-,-,-,-,-,-,-,[369],-,-,[376],-,-,-,-,-,-,-,-,[373],-,-,-,-,-,-,-,-,-,-,-,-,-,-,-,-,-
373,-,-,-,-,-,-,-,-,-,-,-,-,-,-,-,-,-,-,-,-,[374],-,-,-,-,-,-,-,-,-,-,-,-,-,-,-,-,-,-
374,-,-,-,-,-,-,-,-,-,-,-,-,-,-,-,-,-,-,-,-,-,-,[375],-,-,-,-,-,-,-,-,-,-,-,-,-,-,-,-
375,-,-,-,-,-,-,-,-,-,[369],-,-,[376],-,-,-,-,-,-,-,-,-,-,-,-,-,-,-,-,-,-,-,-,-,-,-,-,-,-
376,-,-,-,-,-,-,-,-,-,-,-,-,-,-,-,-,-,-,-,-,-,-,-,[1371],-,[1372],-,-,[1367],-,[1368],-,[378],[1369],[1370],-,-,-,[379]
378,-,-,-,-,-,-,-,-,-,-,-,-,-,-,-,-,-,-,-,-,-,-,-,-,-,-,-,-,-,-,-,-,[378],-,-,-,-,-,[379]
(379),-,-,-,-,-,-,-,-,-,-,-,-,-,-,-,-,-,-,-,-,-,-,-,-,-,-,-,-,-,-,-,-,-,-,-,-,-,-,-
381,-,-,-,-,-,[382],-,-,-,-,-,-,-,-,-,-,-,-,-,-,-,-,-,-,-,-,-,-,-,-,-,-,-,-,-,-,-,-,-
382,-,[396],-,-,-,-,-,-,-,-,[402],-,-,-,-,-,-,-,-,[386],-,-,-,-,-,-,-,[403],-,-,-,-,-,-,-,-,-,-,-
384,-,[396],-,-,-,-,-,-,-,-,[402],-,-,-,-,-,-,-,-,[386],-,-,-,-,-,-,-,[403],-,-,-,-,-,-,-,-,-,-,-
386,-,-,-,-,-,-,-,-,-,-,-,-,-,-,-,[391],-,-,-,-,-,[388],-,-,-,-,-,-,-,-,-,-,-,-,-,-,-,-,-
388,-,-,-,-,-,-,-,-,-,-,-,-,-,-,-,-,-,-,-,-,[389],-,-,-,-,-,-,-,-,-,-,-,-,-,-,-,-,-,-
389,-,-,-,-,-,-,-,-,-,-,-,-,-,-,-,-,-,-,-,-,-,-,[390],-,-,-,-,-,-,-,-,-,-,-,-,-,-,-,-
390,-,-,-,-,-,-,-,-,-,-,-,-,-,-,-,[391],-,-,-,-,-,-,-,-,-,-,-,-,-,-,-,-,-,-,-,-,-,-,-
391,-,[396],-,-,-,-,-,-,-,-,[402],-,-,-,-,-,-,-,-,[386],-,-,-,-,-,-,-,[403],-,-,-,-,-,-,-,-,-,-,-
393,-,-,-,-,-,-,[705],-,-,-,-,-,-,-,-,-,-,-,-,-,-,-,-,-,-,-,-,-,-,-,-,-,-,-,-,-,-,[549],-
395,-,[396],-,-,-,-,-,-,-,-,[402],-,-,-,-,-,-,-,-,-,-,-,-,-,-,-,-,[403],-,-,-,-,-,-,-,-,-,-,-
396,-,[396],-,-,-,-,-,-,-,-,[402],-,-,-,-,-,-,-,-,-,-,-,-,-,-,-,-,[403],-,-,-,-,-,-,-,-,-,-,-
398,-,-,[437],[438],-,-,[705],-,-,-,-,-,-,[434],[435],[431],[436],[432],[433],-,-,-,-,-,-,-,-,-,-,-,-,-,-,-,-,-,-,[549],-
400,-,-,[437],[438],-,-,[705],[406],[414],-,[415],[407],-,[434],[435],[431],[436],[432],[433],-,-,-,-,-,-,-,-,-,-,-,-,-,-,-,-,-,-,[549],-
402,-,-,-,-,-,-,-,-,-,-,[402],-,-,-,-,-,-,-,-,-,-,-,-,-,-,-,-,[403],-,-,-,-,-,-,-,-,-,-,-
403,-,-,[437],[438],-,-,[705],[406],[414],-,[415],[407],-,[434],[435],[431],[436],[432],[433],-,-,-,-,-,-,-,-,-,-,-,-,-,-,-,-,-,-,[549],-
405,-,-,-,-,-,-,-,-,-,-,[410],-,-,-,-,-,-,-,-,-,-,-,-,-,-,-,-,[411],-,-,-,-,-,-,-,-,-,-,-
406,-,-,-,-,-,-,-,-,-,-,[410],-,-,-,-,-,-,-,-,-,-,-,-,-,-,-,-,[411],-,-,-,-,-,-,-,-,-,-,-
407,-,-,-,-,-,-,-,-,-,-,[410],-,-,-,-,-,-,-,-,-,-,-,-,-,-,-,-,[411],-,-,-,-,-,-,-,-,-,-,-
409,-,-,-,-,-,-,-,-,-,-,[410],-,-,-,-,-,-,-,-,-,-,-,-,-,-,-,-,[411],-,-,-,-,-,-,-,-,-,-,-
410,-,-,-,-,-,-,-,-,-,-,[410],-,-,-,-,-,-,-,-,-,-,-,-,-,-,-,-,[411],-,-,-,-,-,-,-,-,-,-,-
411,-,-,[437],[438],-,-,[705],[406],[414],-,[415],[407],-,[434],[435],[431],[436],[432],[433],-,-,-,-,-,-,-,-,-,-,-,-,-,-,-,-,-,-,[549],-
413,-,-,-,-,-,-,-,-,-,-,[419],-,-,-,-,-,-,-,-,-,-,-,-,-,-,-,-,[420],-,-,-,-,-,-,-,-,-,-,-
414,-,-,-,-,-,-,-,-,-,-,[419],-,-,-,-,-,-,-,-,-,-,-,-,-,-,-,-,[420],-,-,-,-,-,-,-,-,-,-,-
415,-,-,-,-,-,-,-,-,-,-,[419],-,-,-,-,-,-,-,-,-,-,-,-,-,-,-,-,[420],-,-,-,-,-,-,-,-,-,-,-
417,-,-,[437],[438],-,-,[705],[423],[414],-,[415],[424],-,[434],[435],[431],[436],[432],[433],-,-,-,-,-,-,-,-,-,-,-,-,-,-,-,-,-,-,[549],-
419,-,-,-,-,-,-,-,-,-,-,[419],-,-,-,-,-,-,-,-,-,-,-,-,-,-,-,-,[420],-,-,-,-,-,-,-,-,-,-,-
420,-,-,[437],[438],-,-,[705],[423],[414],-,[415],[424],-,[434],[435],[431],[436],[432],[433],-,-,-,-,-,-,-,-,-,-,-,-,-,-,-,-,-,-,[549],-
422,-,-,-,-,-,-,-,-,-,-,[427],-,-,-,-,-,-,-,-,-,-,-,-,-,-,-,-,[428],-,-,-,-,-,-,-,-,-,-,-
423,-,-,-,-,-,-,-,-,-,-,[427],-,-,-,-,-,-,-,-,-,-,-,-,-,-,-,-,[428],-,-,-,-,-,-,-,-,-,-,-
424,-,-,-,-,-,-,-,-,-,-,[427],-,-,-,-,-,-,-,-,-,-,-,-,-,-,-,-,[428],-,-,-,-,-,-,-,-,-,-,-
426,-,-,-,-,-,-,-,-,-,-,[427],-,-,-,-,-,-,-,-,-,-,-,-,-,-,-,-,[428],-,-,-,-,-,-,-,-,-,-,-
427,-,-,-,-,-,-,-,-,-,-,[427],-,-,-,-,-,-,-,-,-,-,-,-,-,-,-,-,[428],-,-,-,-,-,-,-,-,-,-,-
428,-,-,[437],[438],-,-,[705],[423],[414],-,[415],[424],-,[434],[435],[431],[436],[432],[433],-,-,-,-,-,-,-,-,-,-,-,-,-,-,-,-,-,-,[549],-
430,-,-,-,-,-,-,-,-,-,-,-,-,-,-,-,-,-,-,-,-,-,-,-,-,-,-,-,-,-,-,-,-,-,-,-,-,-,-,-
431,-,-,-,-,-,-,-,-,-,-,-,-,-,-,-,-,-,-,-,-,-,-,-,-,-,-,-,-,-,-,-,-,-,-,-,-,-,-,-
432,-,-,-,-,-,-,-,-,-,-,-,-,-,-,-,-,-,-,-,-,-,-,-,-,-,-,-,-,-,-,-,-,-,-,-,-,-,-,-
433,-,-,-,-,-,-,-,-,-,-,-,-,-,-,-,-,-,-,-,-,-,-,-,-,-,-,-,-,-,-,-,-,-,-,-,-,-,-,-
434,-,-,-,-,-,-,-,-,-,-,-,-,-,-,-,-,-,-,-,-,-,-,-,-,-,-,-,-,-,-,-,-,-,-,-,-,-,-,-
435,-,-,-,-,-,-,-,-,-,-,-,-,-,-,-,-,-,-,-,-,-,-,-,-,-,-,-,-,-,-,-,-,-,-,-,-,-,-,-
436,-,-,-,-,-,-,-,-,-,-,-,-,-,-,-,-,-,-,-,-,-,-,-,-,-,-,-,-,-,-,-,-,-,-,-,-,-,-,-
437,-,-,-,-,-,-,-,-,-,-,-,-,-,-,-,-,-,-,-,-,-,-,-,-,-,-,-,-,-,-,-,-,-,-,-,-,-,-,-
438,-,-,-,-,-,-,-,-,-,-,-,-,-,-,-,-,-,-,-,-,-,-,-,-,-,-,-,-,-,-,-,-,-,-,-,-,-,-,-
440,-,-,-,-,-,-,[705],-,[455],-,[456],-,-,-,-,-,-,-,-,-,-,-,-,-,-,-,-,-,-,-,-,-,-,-,-,-,-,[549],-
442,-,-,-,-,-,-,-,-,-,-,[443],-,-,-,-,-,-,-,-,-,-,-,-,-,-,-,-,[444],-,-,-,-,-,-,-,-,-,-,-
443,-,-,-,-,-,-,-,-,-,-,[443],-,-,-,-,-,-,-,-,-,-,-,-,-,-,-,-,[444],-,-,-,-,-,-,-,-,-,-,-
444,-,-,-,-,-,-,[705],[447],[455],-,[456],[448],-,-,-,-,-,-,-,-,-,-,-,-,-,-,-,-,-,-,-,-,-,-,-,-,-,[549],-
446,-,-,-,-,-,-,-,-,-,-,-,-,-,-,-,-,-,-,-,-,-,-,-,-,-,-,-,[452],-,-,-,-,-,-,-,-,-,-,-
447,-,-,-,-,-,-,-,-,-,-,-,-,-,-,-,-,-,-,-,-,-,-,-,-,-,-,-,[452],-,-,-,-,-,-,-,-,-,-,-
448,-,-,-,-,-,-,-,-,-,-,-,-,-,-,-,-,-,-,-,-,-,-,-,-,-,-,-,[452],-,-,-,-,-,-,-,-,-,-,-
450,-,-,-,-,-,-,-,-,-,-,-,-,-,-,-,-,-,-,-,-,-,-,-,-,-,-,-,[452],-,-,-,-,-,-,-,-,-,-,-
451,-,-,-,-,-,-,-,-,-,-,-,-,-,-,-,-,-,-,-,-,-,-,-,-,-,-,-,[452],-,-,-,-,-,-,-,-,-,-,-
452,-,-,-,-,-,-,[705],[447],[455],-,[456],[448],-,-,-,-,-,-,-,-,-,-,-,-,-,-,-,-,-,-,-,-,-,-,-,-,-,[549],-
454,-,-,-,-,-,-,-,-,-,-,[460],-,-,-,-,-,-,-,-,-,-,-,-,-,-,-,-,[461],-,-,-,-,-,-,-,-,-,-,-
455,-,-,-,-,-,-,-,-,-,-,[460],-,-,-,-,-,-,-,-,-,-,-,-,-,-,-,-,[461],-,-,-,-,-,-,-,-,-,-,-
456,-,-,-,-,-,-,-,-,-,-,[460],-,-,-,-,-,-,-,-,-,-,-,-,-,-,-,-,[461],-,-,-,-,-,-,-,-,-,-,-
458,-,-,-,-,-,-,[705],[464],[455],-,[456],[465],-,-,-,-,-,-,-,-,-,-,-,-,-,-,-,-,-,-,-,-,-,-,-,-,-,[549],-
460,-,-,-,-,-,-,-,-,-,-,[460],-,-,-,-,-,-,-,-,-,-,-,-,-,-,-,-,[461],-,-,-,-,-,-,-,-,-,-,-
461,-,-,-,-,-,-,[705],[464],[455],-,[456],[465],-,-,-,-,-,-,-,-,-,-,-,-,-,-,-,-,-,-,-,-,-,-,-,-,-,[549],-
463,-,-,-,-,-,-,-,-,-,-,[468],-,-,-,-,-,-,-,-,-,-,-,-,-,-,-,-,[469],-,-,-,-,-,-,-,-,-,-,-
464,-,-,-,-,-,-,-,-,-,-,[468],-,-,-,-,-,-,-,-,-,-,-,-,-,-,-,-,[469],-,-,-,-,-,-,-,-,-,-,-
465,-,-,-,-,-,-,-,-,-,-,[468],-,-,-,-,-,-,-,-,-,-,-,-,-,-,-,-,[469],-,-,-,-,-,-,-,-,-,-,-
467,-,-,-,-,-,-,-,-,-,-,[468],-,-,-,-,-,-,-,-,-,-,-,-,-,-,-,-,[469],-,-,-,-,-,-,-,-,-,-,-
468,-,-,-,-,-,-,-,-,-,-,[468],-,-,-,-,-,-,-,-,-,-,-,-,-,-,-,-,[469],-,-,-,-,-,-,-,-,-,-,-
469,-,-,-,-,-,-,[705],[464],[455],-,[456],[465],-,-,-,-,-,-,-,-,-,-,-,-,-,-,-,-,-,-,-,-,-,-,-,-,-,[549],-
471,-,[474],-,-,-,-,-,-,-,-,[480],-,-,-,-,-,-,-,-,-,-,-,-,-,-,-,-,[481],-,-,-,-,-,-,-,-,-,-,-
473,-,[474],-,-,-,-,-,-,-,-,[480],-,-,-,-,-,-,-,-,-,-,-,-,-,-,-,-,[481],-,-,-,-,-,-,-,-,-,-,-
474,-,[474],-,-,-,-,-,-,-,-,[480],-,-,-,-,-,-,-,-,-,-,-,-,-,-,-,-,[481],-,-,-,-,-,-,-,-,-,-,-
476,-,-,[515],[516],-,-,[705],-,-,-,-,-,-,[512],[513],[509],[514],[510],[511],-,-,-,-,-,-,-,-,-,-,-,-,-,-,-,-,-,-,[549],-
478,-,-,[515],[516],-,-,[705],[484],-,-,-,[485],-,[512],[513],[509],[514],[510],[511],-,-,-,-,-,-,-,-,-,-,-,-,-,-,-,-,-,-,[549],-
480,-,-,-,-,-,-,-,-,-,-,[480],-,-,-,-,-,-,-,-,-,-,-,-,-,-,-,-,[481],-,-,-,-,-,-,-,-,-,-,-
481,-,-,[515],[516],-,-,[705],[484],-,-,-,[485],-,[512],[513],[509],[514],[510],[511],-,-,-,-,-,-,-,-,-,-,-,-,-,-,-,-,-,-,[549],-
483,-,-,-,-,-,-,-,-,-,-,[488],-,-,-,-,-,-,-,-,-,-,-,-,-,-,-,-,[489],-,-,-,-,-,-,-,-,-,-,-
484,-,-,-,-,-,-,-,-,-,-,[488],-,-,-,-,-,-,-,-,-,-,-,-,-,-,-,-,[489],-,-,-,-,-,-,-,-,-,-,-
485,-,-,-,-,-,-,-,-,-,-,[488],-,-,-,-,-,-,-,-,-,-,-,-,-,-,-,-,[489],-,-,-,-,-,-,-,-,-,-,-
487,-,-,-,-,-,-,-,-,-,-,[488],-,-,-,-,-,-,-,-,-,-,-,-,-,-,-,-,[489],-,-,-,-,-,-,-,-,-,-,-
488,-,-,-,-,-,-,-,-,-,-,[488],-,-,-,-,-,-,-,-,-,-,-,-,-,-,-,-,[489],-,-,-,-,-,-,-,-,-,-,-
489,-,-,[515],[516],-,-,[705],[484],-,-,-,[485],-,[512],[513],[509],[514],[510],[511],-,-,-,-,-,-,-,-,-,-,-,-,-,-,-,-,-,-,[549],-
491,-,-,-,-,-,-,-,-,-,-,[497],-,-,-,-,-,-,-,-,-,-,-,-,-,-,-,-,[498],-,-,-,-,-,-,-,-,-,-,-
492,-,-,-,-,-,-,-,-,-,-,[497],-,-,-,-,-,-,-,-,-,-,-,-,-,-,-,-,[498],-,-,-,-,-,-,-,-,-,-,-
493,-,-,-,-,-,-,-,-,-,-,[497],-,-,-,-,-,-,-,-,-,-,-,-,-,-,-,-,[498],-,-,-,-,-,-,-,-,-,-,-
495,-,-,[515],[516],-,-,[705],[501],-,-,-,[502],-,[512],[513],[509],[514],[510],[511],-,-,-,-,-,-,-,-,-,-,-,-,-,-,-,-,-,-,[549],-
497,-,-,-,-,-,-,-,-,-,-,[497],-,-,-,-,-,-,-,-,-,-,-,-,-,-,-,-,[498],-,-,-,-,-,-,-,-,-,-,-
498,-,-,[515],[516],-,-,[705],[501],-,-,-,[502],-,[512],[513],[509],[514],[510],[511],-,-,-,-,-,-,-,-,-,-,-,-,-,-,-,-,-,-,[549],-
500,-,-,-,-,-,-,-,-,-,-,-,-,-,-,-,-,-,-,-,-,-,-,-,-,-,-,-,-,-,-,-,-,-,-,-,-,-,-,-
501,-,-,-,-,-,-,-,-,-,-,-,-,-,-,-,-,-,-,-,-,-,-,-,-,-,-,-,-,-,-,-,-,-,-,-,-,-,-,-
502,-,-,-,-,-,-,-,-,-,-,-,-,-,-,-,-,-,-,-,-,-,-,-,-,-,-,-,-,-,-,-,-,-,-,-,-,-,-,-
504,-,-,-,-,-,-,-,-,-,-,[505],-,-,-,-,-,-,-,-,-,-,-,-,-,-,-,-,[506],-,-,-,-,-,-,-,-,-,-,-
505,-,-,-,-,-,-,-,-,-,-,[505],-,-,-,-,-,-,-,-,-,-,-,-,-,-,-,-,[506],-,-,-,-,-,-,-,-,-,-,-
506,-,-,[515],[516],-,-,[705],[501],-,-,-,[502],-,[512],[513],[509],[514],[510],[511],-,-,-,-,-,-,-,-,-,-,-,-,-,-,-,-,-,-,[549],-
508,-,-,-,-,-,-,-,-,-,-,-,-,-,-,-,-,-,-,-,-,-,-,-,-,-,-,-,[522],-,-,-,-,-,-,-,-,-,-,-
509,-,-,-,-,-,-,-,-,-,-,-,-,-,-,-,-,-,-,-,-,-,-,-,-,-,-,-,[522],-,-,-,-,-,-,-,-,-,-,-
510,-,-,-,-,-,-,-,-,-,-,-,-,-,-,-,-,-,-,-,-,-,-,-,-,-,-,-,[522],-,-,-,-,-,-,-,-,-,-,-
511,-,-,-,-,-,-,-,-,-,-,-,-,-,-,-,-,-,-,-,-,-,-,-,-,-,-,-,[522],-,-,-,-,-,-,-,-,-,-,-
512,-,-,-,-,-,-,-,-,-,-,-,-,-,-,-,-,-,-,-,-,-,-,-,-,-,-,-,[522],-,-,-,-,-,-,-,-,-,-,-
513,-,-,-,-,-,-,-,-,-,-,-,-,-,-,-,-,-,-,-,-,-,-,-,-,-,-,-,[522],-,-,-,-,-,-,-,-,-,-,-
514,-,-,-,-,-,-,-,-,-,-,-,-,-,-,-,-,-,-,-,-,-,-,-,-,-,-,-,[522],-,-,-,-,-,-,-,-,-,-,-
515,-,-,-,-,-,-,-,-,-,-,-,-,-,-,-,-,-,-,-,-,-,-,-,-,-,-,-,[522],-,-,-,-,-,-,-,-,-,-,-
516,-,-,-,-,-,-,-,-,-,-,-,-,-,-,-,-,-,-,-,-,-,-,-,-,-,-,-,[522],-,-,-,-,-,-,-,-,-,-,-
518,-,-,-,-,-,-,[705],-,[533],-,[534],-,-,-,-,-,-,-,-,-,-,-,-,-,-,-,-,-,-,-,-,-,-,-,-,-,-,[549],-
520,-,-,-,-,-,-,-,-,-,-,-,-,-,-,-,-,-,-,-,-,-,-,-,-,-,-,-,[522],-,-,-,-,-,-,-,-,-,-,-
521,-,-,-,-,-,-,-,-,-,-,-,-,-,-,-,-,-,-,-,-,-,-,-,-,-,-,-,[522],-,-,-,-,-,-,-,-,-,-,-
522,-,-,-,-,-,-,[705],[525],[533],-,[534],[526],-,-,-,-,-,-,-,-,-,-,-,-,-,-,-,-,-,-,-,-,-,-,-,-,-,[549],-
524,-,-,-,-,-,-,-,-,-,-,[529],-,-,-,-,-,-,-,-,-,-,-,-,-,-,-,-,[530],-,-,-,-,-,-,-,-,-,-,-
525,-,-,-,-,-,-,-,-,-,-,[529],-,-,-,-,-,-,-,-,-,-,-,-,-,-,-,-,[530],-,-,-,-,-,-,-,-,-,-,-
526,-,-,-,-,-,-,-,-,-,-,[529],-,-,-,-,-,-,-,-,-,-,-,-,-,-,-,-,[530],-,-,-,-,-,-,-,-,-,-,-
528,-,-,-,-,-,-,-,-,-,-,[529],-,-,-,-,-,-,-,-,-,-,-,-,-,-,-,-,[530],-,-,-,-,-,-,-,-,-,-,-
529,-,-,-,-,-,-,-,-,-,-,[529],-,-,-,-,-,-,-,-,-,-,-,-,-,-,-,-,[530],-,-,-,-,-,-,-,-,-,-,-
530,-,-,-,-,-,-,[705],[525],[533],-,[534],[526],-,-,-,-,-,-,-,-,-,-,-,-,-,-,-,-,-,-,-,-,-,-,-,-,-,[549],-
532,-,-,-,-,-,-,-,-,-,-,[538],-,-,-,-,-,-,-,-,-,-,-,-,-,-,-,-,[539],-,-,-,-,-,-,-,-,-,-,-
533,-,-,-,-,-,-,-,-,-,-,[538],-,-,-,-,-,-,-,-,-,-,-,-,-,-,-,-,[539],-,-,-,-,-,-,-,-,-,-,-
534,-,-,-,-,-,-,-,-,-,-,[538],-,-,-,-,-,-,-,-,-,-,-,-,-,-,-,-,[539],-,-,-,-,-,-,-,-,-,-,-
536,-,-,-,-,-,-,[705],-,[533],-,[534],-,-,-,-,-,-,-,-,-,-,-,-,-,-,-,-,-,-,-,-,-,-,-,-,-,-,[549],-
538,-,-,-,-,-,-,-,-,-,-,[538],-,-,-,-,-,-,-,-,-,-,-,-,-,-,-,-,[539],-,-,-,-,-,-,-,-,-,-,-
539,-,-,-,-,-,-,[705],-,[533],-,[534],-,-,-,-,-,-,-,-,-,-,-,-,-,-,-,-,-,-,-,-,-,-,-,-,-,-,[549],-
541,-,-,-,-,-,-,-,-,-,-,[546],-,-,-,-,-,-,-,-,-,-,-,-,-,-,-,-,[547],-,-,-,-,-,-,-,-,-,-,-
542,-,-,-,-,-,-,-,-,-,-,[546],-,-,-,-,-,-,-,-,-,-,-,-,-,-,-,-,[547],-,-,-,-,-,-,-,-,-,-,-
543,-,-,-,-,-,-,-,-,-,-,[546],-,-,-,-,-,-,-,-,-,-,-,-,-,-,-,-,[547],-,-,-,-,-,-,-,-,-,-,-
545,-,-,-,-,-,-,-,-,-,-,[546],-,-,-,-,-,-,-,-,-,-,-,-,-,-,-,-,[547],-,-,-,-,-,-,-,-,-,-,-
546,-,-,-,-,-,-,-,-,-,-,[546],-,-,-,-,-,-,-,-,-,-,-,-,-,-,-,-,[547],-,-,-,-,-,-,-,-,-,-,-
547,-,-,-,-,-,-,[705],-,[533],-,[534],-,-,-,-,-,-,-,-,-,-,-,-,-,-,-,-,-,-,-,-,-,-,-,-,-,-,[549],-
549,-,[553],-,-,-,-,-,-,-,-,[559],-,-,-,-,-,-,-,-,-,-,-,-,-,-,-,-,[560],-,-,-,-,-,-,-,-,-,-,-
551,-,-,-,-,[628],-,[705],-,-,-,-,-,-,-,-,-,-,-,-,-,-,-,-,-,-,-,-,-,-,-,-,-,-,-,-,-,-,[549],-
553,-,[553],-,-,-,-,-,-,-,-,[559],-,-,-,-,-,-,-,-,-,-,-,-,-,-,-,-,[560],-,-,-,-,-,-,-,-,-,-,-
555,-,-,[594],[595],[628],-,[705],-,-,-,-,-,-,[591],[592],[588],[593],[589],[590],-,-,-,-,-,-,-,-,-,-,-,-,-,-,-,-,-,-,[549],-
557,-,-,[594],[595],[628],-,[705],[563],[571],-,[572],[564],-,[591],[592],[588],[593],[589],[590],-,-,-,-,-,-,-,-,-,-,-,-,-,-,-,-,-,-,[549],-
559,-,-,-,-,-,-,-,-,-,-,[559],-,-,-,-,-,-,-,-,-,-,-,-,-,-,-,-,[560],-,-,-,-,-,-,-,-,-,-,-
560,-,-,[594],[595],[628],-,[705],[563],[571],-,[572],[564],-,[591],[592],[588],[593],[589],[590],-,-,-,-,-,-,-,-,-,-,-,-,-,-,-,-,-,-,[549],-
562,-,-,-,-,-,-,-,-,-,-,[567],-,-,-,-,-,-,-,-,-,-,-,-,-,-,-,-,[568],-,-,-,-,-,-,-,-,-,-,-
563,-,-,-,-,-,-,-,-,-,-,[567],-,-,-,-,-,-,-,-,-,-,-,-,-,-,-,-,[568],-,-,-,-,-,-,-,-,-,-,-
564,-,-,-,-,-,-,-,-,-,-,[567],-,-,-,-,-,-,-,-,-,-,-,-,-,-,-,-,[568],-,-,-,-,-,-,-,-,-,-,-
566,-,-,-,-,-,-,-,-,-,-,[567],-,-,-,-,-,-,-,-,-,-,-,-,-,-,-,-,[568],-,-,-,-,-,-,-,-,-,-,-
567,-,-,-,-,-,-,-,-,-,-,[567],-,-,-,-,-,-,-,-,-,-,-,-,-,-,-,-,[568],-,-,-,-,-,-,-,-,-,-,-
568,-,-,[594],[595],[628],-,[705],[563],[571],-,[572],[564],-,[591],[592],[588],[593],[589],[590],-,-,-,-,-,-,-,-,-,-,-,-,-,-,-,-,-,-,[549],-
570,-,-,-,-,-,-,-,-,-,-,-,-,-,-,-,-,-,-,-,-,-,-,-,-,-,-,-,-,-,-,-,-,-,-,-,-,-,-,-
571,-,-,-,-,-,-,-,-,-,-,-,-,-,-,-,-,-,-,-,-,-,-,-,-,-,-,-,-,-,-,-,-,-,-,-,-,-,-,-
572,-,-,-,-,-,-,-,-,-,-,-,-,-,-,-,-,-,-,-,-,-,-,-,-,-,-,-,-,-,-,-,-,-,-,-,-,-,-,-
574,-,-,[594],[595],[628],-,[705],[580],[571],-,[572],[581],-,[591],[592],[588],[593],[589],[590],-,-,-,-,-,-,-,-,-,-,-,-,-,-,-,-,-,-,[549],-
576,-,-,-,-,-,-,-,-,-,-,[576],-,-,-,-,-,-,-,-,-,-,-,-,-,-,-,-,[577],-,-,-,-,-,-,-,-,-,-,-
577,-,-,[594],[595],[628],-,[705],[580],[571],-,[572],[581],-,[591],[592],[588],[593],[589],[590],-,-,-,-,-,-,-,-,-,-,-,-,-,-,-,-,-,-,[549],-
579,-,-,-,-,-,-,-,-,-,-,[584],-,-,-,-,-,-,-,-,-,-,-,-,-,-,-,-,[585],-,-,-,-,-,-,-,-,-,-,-
580,-,-,-,-,-,-,-,-,-,-,[584],-,-,-,-,-,-,-,-,-,-,-,-,-,-,-,-,[585],-,-,-,-,-,-,-,-,-,-,-
581,-,-,-,-,-,-,-,-,-,-,[584],-,-,-,-,-,-,-,-,-,-,-,-,-,-,-,-,[585],-,-,-,-,-,-,-,-,-,-,-
583,-,-,-,-,-,-,-,-,-,-,[584],-,-,-,-,-,-,-,-,-,-,-,-,-,-,-,-,[585],-,-,-,-,-,-,-,-,-,-,-
584,-,-,-,-,-,-,-,-,-,-,[584],-,-,-,-,-,-,-,-,-,-,-,-,-,-,-,-,[585],-,-,-,-,-,-,-,-,-,-,-
585,-,-,[594],[595],[628],-,[705],[580],[571],-,[572],[581],-,[591],[592],[588],[593],[589],[590],-,-,-,-,-,-,-,-,-,-,-,-,-,-,-,-,-,-,[549],-
587,-,-,-,-,-,-,-,-,-,-,[600],-,-,-,-,-,-,-,-,-,-,-,-,-,-,-,-,[601],-,-,-,-,-,-,-,-,-,-,-
588,-,-,-,-,-,-,-,-,-,-,[600],-,-,-,-,-,-,-,-,-,-,-,-,-,-,-,-,[601],-,-,-,-,-,-,-,-,-,-,-
589,-,-,-,-,-,-,-,-,-,-,[600],-,-,-,-,-,-,-,-,-,-,-,-,-,-,-,-,[601],-,-,-,-,-,-,-,-,-,-,-
590,-,-,-,-,-,-,-,-,-,-,[600],-,-,-,-,-,-,-,-,-,-,-,-,-,-,-,-,[601],-,-,-,-,-,-,-,-,-,-,-
591,-,-,-,-,-,-,-,-,-,-,[600],-,-,-,-,-,-,-,-,-,-,-,-,-,-,-,-,[601],-,-,-,-,-,-,-,-,-,-,-
592,-,-,-,-,-,-,-,-,-,-,[600],-,-,-,-,-,-,-,-,-,-,-,-,-,-,-,-,[601],-,-,-,-,-,-,-,-,-,-,-
593,-,-,-,-,-,-,-,-,-,-,[600],-,-,-,-,-,-,-,-,-,-,-,-,-,-,-,-,[601],-,-,-,-,-,-,-,-,-,-,-
594,-,-,-,-,-,-,-,-,-,-,[600],-,-,-,-,-,-,-,-,-,-,-,-,-,-,-,-,[601],-,-,-,-,-,-,-,-,-,-,-
595,-,-,-,-,-,-,-,-,-,-,[600],-,-,-,-,-,-,-,-,-,-,-,-,-,-,-,-,[601],-,-,-,-,-,-,-,-,-,-,-
597,-,-,-,-,[628],-,[705],-,-,-,-,-,-,-,-,-,-,-,-,-,-,-,-,-,-,-,-,-,-,-,-,-,-,-,-,-,-,[549],-
599,-,-,-,-,-,-,-,-,-,-,[600],-,-,-,-,-,-,-,-,-,-,-,-,-,-,-,-,[601],-,-,-,-,-,-,-,-,-,-,-
600,-,-,-,-,-,-,-,-,-,-,[600],-,-,-,-,-,-,-,-,-,-,-,-,-,-,-,-,[601],-,-,-,-,-,-,-,-,-,-,-
601,-,-,-,-,[628],-,[705],[604],-,-,-,[605],-,-,-,-,-,-,-,-,-,-,-,-,-,-,-,-,-,-,-,-,-,-,-,-,-,[549],-
603,-,-,-,-,-,-,-,-,-,-,[608],-,-,-,-,-,-,-,-,-,-,-,-,-,-,-,-,[609],-,-,-,-,-,-,-,-,-,-,-
604,-,-,-,-,-,-,-,-,-,-,[608],-,-,-,-,-,-,-,-,-,-,-,-,-,-,-,-,[609],-,-,-,-,-,-,-,-,-,-,-
605,-,-,-,-,-,-,-,-,-,-,[608],-,-,-,-,-,-,-,-,-,-,-,-,-,-,-,-,[609],-,-,-,-,-,-,-,-,-,-,-
607,-,-,-,-,-,-,-,-,-,-,[608],-,-,-,-,-,-,-,-,-,-,-,-,-,-,-,-,[609],-,-,-,-,-,-,-,-,-,-,-
608,-,-,-,-,-,-,-,-,-,-,[608],-,-,-,-,-,-,-,-,-,-,-,-,-,-,-,-,[609],-,-,-,-,-,-,-,-,-,-,-
609,-,-,-,-,[628],-,[705],[604],-,-,-,[605],-,-,-,-,-,-,-,-,-,-,-,-,-,-,-,-,-,-,-,-,-,-,-,-,-,[549],-
611,-,-,-,-,-,-,-,-,-,-,[617],-,-,-,-,-,-,-,-,-,-,-,-,-,-,-,-,[618],-,-,-,-,-,-,-,-,-,-,-
612,-,-,-,-,-,-,-,-,-,-,[617],-,-,-,-,-,-,-,-,-,-,-,-,-,-,-,-,[618],-,-,-,-,-,-,-,-,-,-,-
613,-,-,-,-,-,-,-,-,-,-,[617],-,-,-,-,-,-,-,-,-,-,-,-,-,-,-,-,[618],-,-,-,-,-,-,-,-,-,-,-
615,-,-,-,-,[628],-,[705],[621],-,-,-,[622],-,-,-,-,-,-,-,-,-,-,-,-,-,-,-,-,-,-,-,-,-,-,-,-,-,[549],-
617,-,-,-,-,-,-,-,-,-,-,[617],-,-,-,-,-,-,-,-,-,-,-,-,-,-,-,-,[618],-,-,-,-,-,-,-,-,-,-,-
618,-,-,-,-,[628],-,[705],[621],-,-,-,[622],-,-,-,-,-,-,-,-,-,-,-,-,-,-,-,-,-,-,-,-,-,-,-,-,-,[549],-
620,-,-,-,-,-,-,-,-,-,-,-,-,-,-,-,-,-,-,-,-,-,-,-,-,-,-,-,-,-,-,-,-,-,-,-,-,-,-,-
621,-,-,-,-,-,-,-,-,-,-,-,-,-,-,-,-,-,-,-,-,-,-,-,-,-,-,-,-,-,-,-,-,-,-,-,-,-,-,-
622,-,-,-,-,-,-,-,-,-,-,-,-,-,-,-,-,-,-,-,-,-,-,-,-,-,-,-,-,-,-,-,-,-,-,-,-,-,-,-
624,-,-,-,-,-,-,-,-,-,-,[625],-,-,-,-,-,-,-,-,-,-,-,-,-,-,-,-,[626],-,-,-,-,-,-,-,-,-,-,-
625,-,-,-,-,-,-,-,-,-,-,[625],-,-,-,-,-,-,-,-,-,-,-,-,-,-,-,-,[626],-,-,-,-,-,-,-,-,-,-,-
626,-,-,-,-,[628],-,[705],[621],-,-,-,[622],-,-,-,-,-,-,-,-,-,-,-,-,-,-,-,-,-,-,-,-,-,-,-,-,-,[549],-
628,-,-,-,-,-,-,-,-,-,-,-,-,-,-,-,-,-,-,-,-,-,-,-,-,-,-,-,-,-,-,-,-,-,-,-,-,-,-,-
630,-,-,-,-,-,-,-,-,-,-,-,-,-,-,-,-,-,-,-,-,-,-,-,-,-,-,-,-,-,-,-,-,-,-,-,-,-,-,-
631,-,-,-,-,-,-,-,-,-,-,-,-,-,-,-,-,-,-,-,-,-,-,-,-,-,-,-,-,-,-,-,-,-,-,-,-,-,-,-
633,-,-,[672],[673],[628],-,[705],-,-,-,-,-,-,[669],[670],[666],[671],[667],[668],-,-,-,-,-,-,-,-,-,-,-,-,-,-,-,-,-,-,[549],-
635,-,-,[672],[673],[628],-,[705],[641],[649],-,[650],[642],-,[669],[670],[666],[671],[667],[668],-,-,-,-,-,-,-,-,-,-,-,-,-,-,-,-,-,-,[549],-
637,-,-,-,-,-,-,-,-,-,-,[637],-,-,-,-,-,-,-,-,-,-,-,-,-,-,-,-,[638],-,-,-,-,-,-,-,-,-,-,-
638,-,-,[672],[673],[628],-,[705],[641],[649],-,[650],[642],-,[669],[670],[666],[671],[667],[668],-,-,-,-,-,-,-,-,-,-,-,-,-,-,-,-,-,-,[549],-
640,-,-,-,-,-,-,-,-,-,-,-,-,-,-,-,-,-,-,-,-,-,-,-,-,-,-,-,-,-,-,-,-,-,-,-,-,-,-,-
641,-,-,-,-,-,-,-,-,-,-,-,-,-,-,-,-,-,-,-,-,-,-,-,-,-,-,-,-,-,-,-,-,-,-,-,-,-,-,-
642,-,-,-,-,-,-,-,-,-,-,-,-,-,-,-,-,-,-,-,-,-,-,-,-,-,-,-,-,-,-,-,-,-,-,-,-,-,-,-
644,-,-,-,-,-,-,-,-,-,-,[645],-,-,-,-,-,-,-,-,-,-,-,-,-,-,-,-,[646],-,-,-,-,-,-,-,-,-,-,-
645,-,-,-,-,-,-,-,-,-,-,[645],-,-,-,-,-,-,-,-,-,-,-,-,-,-,-,-,[646],-,-,-,-,-,-,-,-,-,-,-
646,-,-,[672],[673],[628],-,[705],[641],[649],-,[650],[642],-,[669],[670],[666],[671],[667],[668],-,-,-,-,-,-,-,-,-,-,-,-,-,-,-,-,-,-,[549],-
648,-,-,-,-,-,-,-,-,-,-,[654],-,-,-,-,-,-,-,-,-,-,-,-,-,-,-,-,[655],-,-,-,-,-,-,-,-,-,-,-
649,-,-,-,-,-,-,-,-,-,-,[654],-,-,-,-,-,-,-,-,-,-,-,-,-,-,-,-,[655],-,-,-,-,-,-,-,-,-,-,-
650,-,-,-,-,-,-,-,-,-,-,[654],-,-,-,-,-,-,-,-,-,-,-,-,-,-,-,-,[655],-,-,-,-,-,-,-,-,-,-,-
652,-,-,[672],[673],[628],-,[705],[658],[649],-,[650],[659],-,[669],[670],[666],[671],[667],[668],-,-,-,-,-,-,-,-,-,-,-,-,-,-,-,-,-,-,[549],-
654,-,-,-,-,-,-,-,-,-,-,[654],-,-,-,-,-,-,-,-,-,-,-,-,-,-,-,-,[655],-,-,-,-,-,-,-,-,-,-,-
655,-,-,[672],[673],[628],-,[705],[658],[649],-,[650],[659],-,[669],[670],[666],[671],[667],[668],-,-,-,-,-,-,-,-,-,-,-,-,-,-,-,-,-,-,[549],-
657,-,-,-,-,-,-,-,-,-,-,[662],-,-,-,-,-,-,-,-,-,-,-,-,-,-,-,-,[663],-,-,-,-,-,-,-,-,-,-,-
658,-,-,-,-,-,-,-,-,-,-,[662],-,-,-,-,-,-,-,-,-,-,-,-,-,-,-,-,[663],-,-,-,-,-,-,-,-,-,-,-
659,-,-,-,-,-,-,-,-,-,-,[662],-,-,-,-,-,-,-,-,-,-,-,-,-,-,-,-,[663],-,-,-,-,-,-,-,-,-,-,-
661,-,-,-,-,-,-,-,-,-,-,[662],-,-,-,-,-,-,-,-,-,-,-,-,-,-,-,-,[663],-,-,-,-,-,-,-,-,-,-,-
662,-,-,-,-,-,-,-,-,-,-,[662],-,-,-,-,-,-,-,-,-,-,-,-,-,-,-,-,[663],-,-,-,-,-,-,-,-,-,-,-
663,-,-,[672],[673],[628],-,[705],[658],[649],-,[650],[659],-,[669],[670],[666],[671],[667],[668],-,-,-,-,-,-,-,-,-,-,-,-,-,-,-,-,-,-,[549],-
665,-,-,-,-,-,-,-,-,-,-,[678],-,-,-,-,-,-,-,-,-,-,-,-,-,-,-,-,[679],-,-,-,-,-,-,-,-,-,-,-
666,-,-,-,-,-,-,-,-,-,-,[678],-,-,-,-,-,-,-,-,-,-,-,-,-,-,-,-,[679],-,-,-,-,-,-,-,-,-,-,-
667,-,-,-,-,-,-,-,-,-,-,[678],-,-,-,-,-,-,-,-,-,-,-,-,-,-,-,-,[679],-,-,-,-,-,-,-,-,-,-,-
668,-,-,-,-,-,-,-,-,-,-,[678],-,-,-,-,-,-,-,-,-,-,-,-,-,-,-,-,[679],-,-,-,-,-,-,-,-,-,-,-
669,-,-,-,-,-,-,-,-,-,-,[678],-,-,-,-,-,-,-,-,-,-,-,-,-,-,-,-,[679],-,-,-,-,-,-,-,-,-,-,-
670,-,-,-,-,-,-,-,-,-,-,[678],-,-,-,-,-,-,-,-,-,-,-,-,-,-,-,-,[679],-,-,-,-,-,-,-,-,-,-,-
671,-,-,-,-,-,-,-,-,-,-,[678],-,-,-,-,-,-,-,-,-,-,-,-,-,-,-,-,[679],-,-,-,-,-,-,-,-,-,-,-
672,-,-,-,-,-,-,-,-,-,-,[678],-,-,-,-,-,-,-,-,-,-,-,-,-,-,-,-,[679],-,-,-,-,-,-,-,-,-,-,-
673,-,-,-,-,-,-,-,-,-,-,[678],-,-,-,-,-,-,-,-,-,-,-,-,-,-,-,-,[679],-,-,-,-,-,-,-,-,-,-,-
675,-,-,-,-,[628],-,[705],-,[690],-,[691],-,-,-,-,-,-,-,-,-,-,-,-,-,-,-,-,-,-,-,-,-,-,-,-,-,-,[549],-
677,-,-,-,-,-,-,-,-,-,-,[678],-,-,-,-,-,-,-,-,-,-,-,-,-,-,-,-,[679],-,-,-,-,-,-,-,-,-,-,-
678,-,-,-,-,-,-,-,-,-,-,[678],-,-,-,-,-,-,-,-,-,-,-,-,-,-,-,-,[679],-,-,-,-,-,-,-,-,-,-,-
679,-,-,-,-,[628],-,[705],-,[690],-,[691],-,-,-,-,-,-,-,-,-,-,-,-,-,-,-,-,-,-,-,-,-,-,-,-,-,-,[549],-
681,-,-,-,-,-,-,-,-,-,-,[686],-,-,-,-,-,-,-,-,-,-,-,-,-,-,-,-,[687],-,-,-,-,-,-,-,-,-,-,-
682,-,-,-,-,-,-,-,-,-,-,[686],-,-,-,-,-,-,-,-,-,-,-,-,-,-,-,-,[687],-,-,-,-,-,-,-,-,-,-,-
683,-,-,-,-,-,-,-,-,-,-,[686],-,-,-,-,-,-,-,-,-,-,-,-,-,-,-,-,[687],-,-,-,-,-,-,-,-,-,-,-
685,-,-,-,-,-,-,-,-,-,-,[686],-,-,-,-,-,-,-,-,-,-,-,-,-,-,-,-,[687],-,-,-,-,-,-,-,-,-,-,-
686,-,-,-,-,-,-,-,-,-,-,[686],-,-,-,-,-,-,-,-,-,-,-,-,-,-,-,-,[687],-,-,-,-,-,-,-,-,-,-,-
687,-,-,-,-,[628],-,[705],-,[690],-,[691],-,-,-,-,-,-,-,-,-,-,-,-,-,-,-,-,-,-,-,-,-,-,-,-,-,-,[549],-
689,-,-,-,-,-,-,-,-,-,-,[695],-,-,-,-,-,-,-,-,-,-,-,-,-,-,-,-,[696],-,-,-,-,-,-,-,-,-,-,-
690,-,-,-,-,-,-,-,-,-,-,[695],-,-,-,-,-,-,-,-,-,-,-,-,-,-,-,-,[696],-,-,-,-,-,-,-,-,-,-,-
691,-,-,-,-,-,-,-,-,-,-,[695],-,-,-,-,-,-,-,-,-,-,-,-,-,-,-,-,[696],-,-,-,-,-,-,-,-,-,-,-
693,-,-,-,-,[628],-,[705],[699],[690],-,[691],[700],-,-,-,-,-,-,-,-,-,-,-,-,-,-,-,-,-,-,-,-,-,-,-,-,-,[549],-
695,-,-,-,-,-,-,-,-,-,-,[695],-,-,-,-,-,-,-,-,-,-,-,-,-,-,-,-,[696],-,-,-,-,-,-,-,-,-,-,-
696,-,-,-,-,[628],-,[705],[699],[690],-,[691],[700],-,-,-,-,-,-,-,-,-,-,-,-,-,-,-,-,-,-,-,-,-,-,-,-,-,[549],-
698,-,-,-,-,-,-,-,-,-,-,[703],-,-,-,-,-,-,-,-,-,-,-,-,-,-,-,-,[704],-,-,-,-,-,-,-,-,-,-,-
699,-,-,-,-,-,-,-,-,-,-,[703],-,-,-,-,-,-,-,-,-,-,-,-,-,-,-,-,[704],-,-,-,-,-,-,-,-,-,-,-
700,-,-,-,-,-,-,-,-,-,-,[703],-,-,-,-,-,-,-,-,-,-,-,-,-,-,-,-,[704],-,-,-,-,-,-,-,-,-,-,-
702,-,-,-,-,-,-,-,-,-,-,[703],-,-,-,-,-,-,-,-,-,-,-,-,-,-,-,-,[704],-,-,-,-,-,-,-,-,-,-,-
703,-,-,-,-,-,-,-,-,-,-,[703],-,-,-,-,-,-,-,-,-,-,-,-,-,-,-,-,[704],-,-,-,-,-,-,-,-,-,-,-
704,-,-,-,-,[628],-,[705],[699],[690],-,[691],[700],-,-,-,-,-,-,-,-,-,-,-,-,-,-,-,-,-,-,-,-,-,-,-,-,-,[549],-
705,-,-,-,-,-,-,-,-,-,-,-,-,-,-,-,-,-,-,-,-,-,-,-,-,-,-,-,-,-,-,-,-,[706],-,-,-,-,-,-
(706),-,-,-,-,-,-,-,-,-,-,-,-,-,-,-,-,-,-,-,-,-,-,-,-,-,-,[708],-,-,-,-,-,-,-,-,-,-,-,-
708,-,-,-,-,-,-,-,-,-,-,-,-,-,-,-,-,-,-,-,-,-,-,-,-,-,-,-,-,-,-,-,-,[709],-,-,-,-,-,-
(709),-,-,-,-,-,-,-,-,-,-,-,-,-,-,-,-,-,-,-,-,-,-,-,-,-,-,-,-,-,-,-,-,-,-,-,-,-,-,-
711,-,-,-,-,-,[712],-,-,-,-,-,-,-,-,-,-,-,-,-,-,-,-,-,-,-,-,-,-,-,-,-,-,-,-,-,-,-,-,-
712,-,[726],-,-,-,-,-,-,-,-,[732],-,-,-,-,-,-,-,-,[716],-,-,-,-,-,-,-,[733],-,-,-,-,-,-,-,-,-,-,-
714,-,[726],-,-,-,-,-,-,-,-,[732],-,-,-,-,-,-,-,-,[716],-,-,-,-,-,-,-,[733],-,-,-,-,-,-,-,-,-,-,-
716,-,-,-,-,-,-,-,-,-,-,-,-,-,-,-,[721],-,-,-,-,-,[718],-,-,-,-,-,-,-,-,-,-,-,-,-,-,-,-,-
718,-,-,-,-,-,-,-,-,-,-,-,-,-,-,-,-,-,-,-,-,[719],-,-,-,-,-,-,-,-,-,-,-,-,-,-,-,-,-,-
719,-,-,-,-,-,-,-,-,-,-,-,-,-,-,-,-,-,-,-,-,-,-,[720],-,-,-,-,-,-,-,-,-,-,-,-,-,-,-,-
720,-,-,-,-,-,-,-,-,-,-,-,-,-,-,-,[721],-,-,-,-,-,-,-,-,-,-,-,-,-,-,-,-,-,-,-,-,-,-,-
721,-,[726],-,-,-,-,-,-,-,-,[732],-,-,-,-,-,-,-,-,[716],-,-,-,-,-,-,-,[733],-,-,-,-,-,-,-,-,-,-,-
723,-,-,-,-,-,-,[1035],-,-,-,-,-,-,-,-,-,-,-,-,-,-,-,-,-,-,-,-,-,-,-,-,-,-,-,-,-,-,[879],-
725,-,[726],-,-,-,-,-,-,-,-,[732],-,-,-,-,-,-,-,-,-,-,-,-,-,-,-,-,[733],-,-,-,-,-,-,-,-,-,-,-
726,-,[726],-,-,-,-,-,-,-,-,[732],-,-,-,-,-,-,-,-,-,-,-,-,-,-,-,-,[733],-,-,-,-,-,-,-,-,-,-,-
728,-,-,[767],[768],-,-,[1035],-,-,-,-,-,-,[764],[765],[761],[766],[762],[763],-,-,-,-,-,-,-,-,-,-,-,-,-,-,-,-,-,-,[879],-
730,-,-,[767],[768],-,-,[1035],[736],[744],-,[745],[737],-,[764],[765],[761],[766],[762],[763],-,-,-,-,-,-,-,-,-,-,-,-,-,-,-,-,-,-,[879],-
732,-,-,-,-,-,-,-,-,-,-,[732],-,-,-,-,-,-,-,-,-,-,-,-,-,-,-,-,[733],-,-,-,-,-,-,-,-,-,-,-
733,-,-,[767],[768],-,-,[1035],[736],[744],-,[745],[737],-,[764],[765],[761],[766],[762],[763],-,-,-,-,-,-,-,-,-,-,-,-,-,-,-,-,-,-,[879],-
735,-,-,-,-,-,-,-,-,-,-,[740],-,-,-,-,-,-,-,-,-,-,-,-,-,-,-,-,[741],-,-,-,-,-,-,-,-,-,-,-
736,-,-,-,-,-,-,-,-,-,-,[740],-,-,-,-,-,-,-,-,-,-,-,-,-,-,-,-,[741],-,-,-,-,-,-,-,-,-,-,-
737,-,-,-,-,-,-,-,-,-,-,[740],-,-,-,-,-,-,-,-,-,-,-,-,-,-,-,-,[741],-,-,-,-,-,-,-,-,-,-,-
739,-,-,-,-,-,-,-,-,-,-,[740],-,-,-,-,-,-,-,-,-,-,-,-,-,-,-,-,[741],-,-,-,-,-,-,-,-,-,-,-
740,-,-,-,-,-,-,-,-,-,-,[740],-,-,-,-,-,-,-,-,-,-,-,-,-,-,-,-,[741],-,-,-,-,-,-,-,-,-,-,-
741,-,-,[767],[768],-,-,[1035],[736],[744],-,[745],[737],-,[764],[765],[761],[766],[762],[763],-,-,-,-,-,-,-,-,-,-,-,-,-,-,-,-,-,-,[879],-
743,-,-,-,-,-,-,-,-,-,-,[749],-,-,-,-,-,-,-,-,-,-,-,-,-,-,-,-,[750],-,-,-,-,-,-,-,-,-,-,-
744,-,-,-,-,-,-,-,-,-,-,[749],-,-,-,-,-,-,-,-,-,-,-,-,-,-,-,-,[750],-,-,-,-,-,-,-,-,-,-,-
745,-,-,-,-,-,-,-,-,-,-,[749],-,-,-,-,-,-,-,-,-,-,-,-,-,-,-,-,[750],-,-,-,-,-,-,-,-,-,-,-
747,-,-,[767],[768],-,-,[1035],[753],[744],-,[745],[754],-,[764],[765],[761],[766],[762],[763],-,-,-,-,-,-,-,-,-,-,-,-,-,-,-,-,-,-,[879],-
749,-,-,-,-,-,-,-,-,-,-,[749],-,-,-,-,-,-,-,-,-,-,-,-,-,-,-,-,[750],-,-,-,-,-,-,-,-,-,-,-
750,-,-,[767],[768],-,-,[1035],[753],[744],-,[745],[754],-,[764],[765],[761],[766],[762],[763],-,-,-,-,-,-,-,-,-,-,-,-,-,-,-,-,-,-,[879],-
752,-,-,-,-,-,-,-,-,-,-,[757],-,-,-,-,-,-,-,-,-,-,-,-,-,-,-,-,[758],-,-,-,-,-,-,-,-,-,-,-
753,-,-,-,-,-,-,-,-,-,-,[757],-,-,-,-,-,-,-,-,-,-,-,-,-,-,-,-,[758],-,-,-,-,-,-,-,-,-,-,-
754,-,-,-,-,-,-,-,-,-,-,[757],-,-,-,-,-,-,-,-,-,-,-,-,-,-,-,-,[758],-,-,-,-,-,-,-,-,-,-,-
756,-,-,-,-,-,-,-,-,-,-,[757],-,-,-,-,-,-,-,-,-,-,-,-,-,-,-,-,[758],-,-,-,-,-,-,-,-,-,-,-
757,-,-,-,-,-,-,-,-,-,-,[757],-,-,-,-,-,-,-,-,-,-,-,-,-,-,-,-,[758],-,-,-,-,-,-,-,-,-,-,-
758,-,-,[767],[768],-,-,[1035],[753],[744],-,[745],[754],-,[764],[765],[761],[766],[762],[763],-,-,-,-,-,-,-,-,-,-,-,-,-,-,-,-,-,-,[879],-
760,-,-,-,-,-,-,-,-,-,-,-,-,-,-,-,-,-,-,-,-,-,-,-,-,-,-,-,-,-,-,-,-,-,-,-,-,-,-,-
761,-,-,-,-,-,-,-,-,-,-,-,-,-,-,-,-,-,-,-,-,-,-,-,-,-,-,-,-,-,-,-,-,-,-,-,-,-,-,-
762,-,-,-,-,-,-,-,-,-,-,-,-,-,-,-,-,-,-,-,-,-,-,-,-,-,-,-,-,-,-,-,-,-,-,-,-,-,-,-
763,-,-,-,-,-,-,-,-,-,-,-,-,-,-,-,-,-,-,-,-,-,-,-,-,-,-,-,-,-,-,-,-,-,-,-,-,-,-,-
764,-,-,-,-,-,-,-,-,-,-,-,-,-,-,-,-,-,-,-,-,-,-,-,-,-,-,-,-,-,-,-,-,-,-,-,-,-,-,-
765,-,-,-,-,-,-,-,-,-,-,-,-,-,-,-,-,-,-,-,-,-,-,-,-,-,-,-,-,-,-,-,-,-,-,-,-,-,-,-
766,-,-,-,-,-,-,-,-,-,-,-,-,-,-,-,-,-,-,-,-,-,-,-,-,-,-,-,-,-,-,-,-,-,-,-,-,-,-,-
767,-,-,-,-,-,-,-,-,-,-,-,-,-,-,-,-,-,-,-,-,-,-,-,-,-,-,-,-,-,-,-,-,-,-,-,-,-,-,-
768,-,-,-,-,-,-,-,-,-,-,-,-,-,-,-,-,-,-,-,-,-,-,-,-,-,-,-,-,-,-,-,-,-,-,-,-,-,-,-
770,-,-,-,-,-,-,[1035],-,[785],-,[786],-,-,-,-,-,-,-,-,-,-,-,-,-,-,-,-,-,-,-,-,-,-,-,-,-,-,[879],-
772,-,-,-,-,-,-,-,-,-,-,[773],-,-,-,-,-,-,-,-,-,-,-,-,-,-,-,-,[774],-,-,-,-,-,-,-,-,-,-,-
773,-,-,-,-,-,-,-,-,-,-,[773],-,-,-,-,-,-,-,-,-,-,-,-,-,-,-,-,[774],-,-,-,-,-,-,-,-,-,-,-
774,-,-,-,-,-,-,[1035],[777],[785],-,[786],[778],-,-,-,-,-,-,-,-,-,-,-,-,-,-,-,-,-,-,-,-,-,-,-,-,-,[879],-
776,-,-,-,-,-,-,-,-,-,-,-,-,-,-,-,-,-,-,-,-,-,-,-,-,-,-,-,[782],-,-,-,-,-,-,-,-,-,-,-
777,-,-,-,-,-,-,-,-,-,-,-,-,-,-,-,-,-,-,-,-,-,-,-,-,-,-,-,[782],-,-,-,-,-,-,-,-,-,-,-
778,-,-,-,-,-,-,-,-,-,-,-,-,-,-,-,-,-,-,-,-,-,-,-,-,-,-,-,[782],-,-,-,-,-,-,-,-,-,-,-
780,-,-,-,-,-,-,-,-,-,-,-,-,-,-,-,-,-,-,-,-,-,-,-,-,-,-,-,[782],-,-,-,-,-,-,-,-,-,-,-
781,-,-,-,-,-,-,-,-,-,-,-,-,-,-,-,-,-,-,-,-,-,-,-,-,-,-,-,[782],-,-,-,-,-,-,-,-,-,-,-
782,-,-,-,-,-,-,[1035],[777],[785],-,[786],[778],-,-,-,-,-,-,-,-,-,-,-,-,-,-,-,-,-,-,-,-,-,-,-,-,-,[879],-
784,-,-,-,-,-,-,-,-,-,-,[790],-,-,-,-,-,-,-,-,-,-,-,-,-,-,-,-,[791],-,-,-,-,-,-,-,-,-,-,-
785,-,-,-,-,-,-,-,-,-,-,[790],-,-,-,-,-,-,-,-,-,-,-,-,-,-,-,-,[791],-,-,-,-,-,-,-,-,-,-,-
786,-,-,-,-,-,-,-,-,-,-,[790],-,-,-,-,-,-,-,-,-,-,-,-,-,-,-,-,[791],-,-,-,-,-,-,-,-,-,-,-
788,-,-,-,-,-,-,[1035],[794],[785],-,[786],[795],-,-,-,-,-,-,-,-,-,-,-,-,-,-,-,-,-,-,-,-,-,-,-,-,-,[879],-
790,-,-,-,-,-,-,-,-,-,-,[790],-,-,-,-,-,-,-,-,-,-,-,-,-,-,-,-,[791],-,-,-,-,-,-,-,-,-,-,-
791,-,-,-,-,-,-,[1035],[794],[785],-,[786],[795],-,-,-,-,-,-,-,-,-,-,-,-,-,-,-,-,-,-,-,-,-,-,-,-,-,[879],-
793,-,-,-,-,-,-,-,-,-,-,[798],-,-,-,-,-,-,-,-,-,-,-,-,-,-,-,-,[799],-,-,-,-,-,-,-,-,-,-,-
794,-,-,-,-,-,-,-,-,-,-,[798],-,-,-,-,-,-,-,-,-,-,-,-,-,-,-,-,[799],-,-,-,-,-,-,-,-,-,-,-
795,-,-,-,-,-,-,-,-,-,-,[798],-,-,-,-,-,-,-,-,-,-,-,-,-,-,-,-,[799],-,-,-,-,-,-,-,-,-,-,-
797,-,-,-,-,-,-,-,-,-,-,[798],-,-,-,-,-,-,-,-,-,-,-,-,-,-,-,-,[799],-,-,-,-,-,-,-,-,-,-,-
798,-,-,-,-,-,-,-,-,-,-,[798],-,-,-,-,-,-,-,-,-,-,-,-,-,-,-,-,[799],-,-,-,-,-,-,-,-,-,-,-
799,-,-,-,-,-,-,[1035],[794],[785],-,[786],[795],-,-,-,-,-,-,-,-,-,-,-,-,-,-,-,-,-,-,-,-,-,-,-,-,-,[879],-
801,-,[804],-,-,-,-,-,-,-,-,[810],-,-,-,-,-,-,-,-,-,-,-,-,-,-,-,-,[811],-,-,-,-,-,-,-,-,-,-,-
803,-,[804],-,-,-,-,-,-,-,-,[810],-,-,-,-,-,-,-,-,-,-,-,-,-,-,-,-,[811],-,-,-,-,-,-,-,-,-,-,-
804,-,[804],-,-,-,-,-,-,-,-,[810],-,-,-,-,-,-,-,-,-,-,-,-,-,-,-,-,[811],-,-,-,-,-,-,-,-,-,-,-
806,-,-,[845],[846],-,-,[1035],-,-,-,-,-,-,[842],[843],[839],[844],[840],[841],-,-,-,-,-,-,-,-,-,-,-,-,-,-,-,-,-,-,[879],-
808,-,-,[845],[846],-,-,[1035],[814],-,-,-,[815],-,[842],[843],[839],[844],[840],[841],-,-,-,-,-,-,-,-,-,-,-,-,-,-,-,-,-,-,[879],-
810,-,-,-,-,-,-,-,-,-,-,[810],-,-,-,-,-,-,-,-,-,-,-,-,-,-,-,-,[811],-,-,-,-,-,-,-,-,-,-,-
811,-,-,[845],[846],-,-,[1035],[814],-,-,-,[815],-,[842],[843],[839],[844],[840],[841],-,-,-,-,-,-,-,-,-,-,-,-,-,-,-,-,-,-,[879],-
813,-,-,-,-,-,-,-,-,-,-,[818],-,-,-,-,-,-,-,-,-,-,-,-,-,-,-,-,[819],-,-,-,-,-,-,-,-,-,-,-
814,-,-,-,-,-,-,-,-,-,-,[818],-,-,-,-,-,-,-,-,-,-,-,-,-,-,-,-,[819],-,-,-,-,-,-,-,-,-,-,-
815,-,-,-,-,-,-,-,-,-,-,[818],-,-,-,-,-,-,-,-,-,-,-,-,-,-,-,-,[819],-,-,-,-,-,-,-,-,-,-,-
817,-,-,-,-,-,-,-,-,-,-,[818],-,-,-,-,-,-,-,-,-,-,-,-,-,-,-,-,[819],-,-,-,-,-,-,-,-,-,-,-
818,-,-,-,-,-,-,-,-,-,-,[818],-,-,-,-,-,-,-,-,-,-,-,-,-,-,-,-,[819],-,-,-,-,-,-,-,-,-,-,-
819,-,-,[845],[846],-,-,[1035],[814],-,-,-,[815],-,[842],[843],[839],[844],[840],[841],-,-,-,-,-,-,-,-,-,-,-,-,-,-,-,-,-,-,[879],-
821,-,-,-,-,-,-,-,-,-,-,[827],-,-,-,-,-,-,-,-,-,-,-,-,-,-,-,-,[828],-,-,-,-,-,-,-,-,-,-,-
822,-,-,-,-,-,-,-,-,-,-,[827],-,-,-,-,-,-,-,-,-,-,-,-,-,-,-,-,[828],-,-,-,-,-,-,-,-,-,-,-
823,-,-,-,-,-,-,-,-,-,-,[827],-,-,-,-,-,-,-,-,-,-,-,-,-,-,-,-,[828],-,-,-,-,-,-,-,-,-,-,-
825,-,-,[845],[846],-,-,[1035],[831],-,-,-,[832],-,[842],[843],[839],[844],[840],[841],-,-,-,-,-,-,-,-,-,-,-,-,-,-,-,-,-,-,[879],-
827,-,-,-,-,-,-,-,-,-,-,[827],-,-,-,-,-,-,-,-,-,-,-,-,-,-,-,-,[828],-,-,-,-,-,-,-,-,-,-,-
828,-,-,[845],[846],-,-,[1035],[831],-,-,-,[832],-,[842],[843],[839],[844],[840],[841],-,-,-,-,-,-,-,-,-,-,-,-,-,-,-,-,-,-,[879],-
830,-,-,-,-,-,-,-,-,-,-,-,-,-,-,-,-,-,-,-,-,-,-,-,-,-,-,-,-,-,-,-,-,-,-,-,-,-,-,-
831,-,-,-,-,-,-,-,-,-,-,-,-,-,-,-,-,-,-,-,-,-,-,-,-,-,-,-,-,-,-,-,-,-,-,-,-,-,-,-
832,-,-,-,-,-,-,-,-,-,-,-,-,-,-,-,-,-,-,-,-,-,-,-,-,-,-,-,-,-,-,-,-,-,-,-,-,-,-,-
834,-,-,-,-,-,-,-,-,-,-,[835],-,-,-,-,-,-,-,-,-,-,-,-,-,-,-,-,[836],-,-,-,-,-,-,-,-,-,-,-
835,-,-,-,-,-,-,-,-,-,-,[835],-,-,-,-,-,-,-,-,-,-,-,-,-,-,-,-,[836],-,-,-,-,-,-,-,-,-,-,-
836,-,-,[845],[846],-,-,[1035],[831],-,-,-,[832],-,[842],[843],[839],[844],[840],[841],-,-,-,-,-,-,-,-,-,-,-,-,-,-,-,-,-,-,[879],-
838,-,-,-,-,-,-,-,-,-,-,-,-,-,-,-,-,-,-,-,-,-,-,-,-,-,-,-,[852],-,-,-,-,-,-,-,-,-,-,-
839,-,-,-,-,-,-,-,-,-,-,-,-,-,-,-,-,-,-,-,-,-,-,-,-,-,-,-,[852],-,-,-,-,-,-,-,-,-,-,-
840,-,-,-,-,-,-,-,-,-,-,-,-,-,-,-,-,-,-,-,-,-,-,-,-,-,-,-,[852],-,-,-,-,-,-,-,-,-,-,-
841,-,-,-,-,-,-,-,-,-,-,-,-,-,-,-,-,-,-,-,-,-,-,-,-,-,-,-,[852],-,-,-,-,-,-,-,-,-,-,-
842,-,-,-,-,-,-,-,-,-,-,-,-,-,-,-,-,-,-,-,-,-,-,-,-,-,-,-,[852],-,-,-,-,-,-,-,-,-,-,-
843,-,-,-,-,-,-,-,-,-,-,-,-,-,-,-,-,-,-,-,-,-,-,-,-,-,-,-,[852],-,-,-,-,-,-,-,-,-,-,-
844,-,-,-,-,-,-,-,-,-,-,-,-,-,-,-,-,-,-,-,-,-,-,-,-,-,-,-,[852],-,-,-,-,-,-,-,-,-,-,-
845,-,-,-,-,-,-,-,-,-,-,-,-,-,-,-,-,-,-,-,-,-,-,-,-,-,-,-,[852],-,-,-,-,-,-,-,-,-,-,-
846,-,-,-,-,-,-,-,-,-,-,-,-,-,-,-,-,-,-,-,-,-,-,-,-,-,-,-,[852],-,-,-,-,-,-,-,-,-,-,-
848,-,-,-,-,-,-,[1035],-,[863],-,[864],-,-,-,-,-,-,-,-,-,-,-,-,-,-,-,-,-,-,-,-,-,-,-,-,-,-,[879],-
850,-,-,-,-,-,-,-,-,-,-,-,-,-,-,-,-,-,-,-,-,-,-,-,-,-,-,-,[852],-,-,-,-,-,-,-,-,-,-,-
851,-,-,-,-,-,-,-,-,-,-,-,-,-,-,-,-,-,-,-,-,-,-,-,-,-,-,-,[852],-,-,-,-,-,-,-,-,-,-,-
852,-,-,-,-,-,-,[1035],[855],[863],-,[864],[856],-,-,-,-,-,-,-,-,-,-,-,-,-,-,-,-,-,-,-,-,-,-,-,-,-,[879],-
854,-,-,-,-,-,-,-,-,-,-,[859],-,-,-,-,-,-,-,-,-,-,-,-,-,-,-,-,[860],-,-,-,-,-,-,-,-,-,-,-
855,-,-,-,-,-,-,-,-,-,-,[859],-,-,-,-,-,-,-,-,-,-,-,-,-,-,-,-,[860],-,-,-,-,-,-,-,-,-,-,-
856,-,-,-,-,-,-,-,-,-,-,[859],-,-,-,-,-,-,-,-,-,-,-,-,-,-,-,-,[860],-,-,-,-,-,-,-,-,-,-,-
858,-,-,-,-,-,-,-,-,-,-,[859],-,-,-,-,-,-,-,-,-,-,-,-,-,-,-,-,[860],-,-,-,-,-,-,-,-,-,-,-
859,-,-,-,-,-,-,-,-,-,-,[859],-,-,-,-,-,-,-,-,-,-,-,-,-,-,-,-,[860],-,-,-,-,-,-,-,-,-,-,-
860,-,-,-,-,-,-,[1035],[855],[863],-,[864],[856],-,-,-,-,-,-,-,-,-,-,-,-,-,-,-,-,-,-,-,-,-,-,-,-,-,[879],-
862,-,-,-,-,-,-,-,-,-,-,[868],-,-,-,-,-,-,-,-,-,-,-,-,-,-,-,-,[869],-,-,-,-,-,-,-,-,-,-,-
863,-,-,-,-,-,-,-,-,-,-,[868],-,-,-,-,-,-,-,-,-,-,-,-,-,-,-,-,[869],-,-,-,-,-,-,-,-,-,-,-
864,-,-,-,-,-,-,-,-,-,-,[868],-,-,-,-,-,-,-,-,-,-,-,-,-,-,-,-,[869],-,-,-,-,-,-,-,-,-,-,-
866,-,-,-,-,-,-,[1035],-,[863],-,[864],-,-,-,-,-,-,-,-,-,-,-,-,-,-,-,-,-,-,-,-,-,-,-,-,-,-,[879],-
868,-,-,-,-,-,-,-,-,-,-,[868],-,-,-,-,-,-,-,-,-,-,-,-,-,-,-,-,[869],-,-,-,-,-,-,-,-,-,-,-
869,-,-,-,-,-,-,[1035],-,[863],-,[864],-,-,-,-,-,-,-,-,-,-,-,-,-,-,-,-,-,-,-,-,-,-,-,-,-,-,[879],-
871,-,-,-,-,-,-,-,-,-,-,[876],-,-,-,-,-,-,-,-,-,-,-,-,-,-,-,-,[877],-,-,-,-,-,-,-,-,-,-,-
872,-,-,-,-,-,-,-,-,-,-,[876],-,-,-,-,-,-,-,-,-,-,-,-,-,-,-,-,[877],-,-,-,-,-,-,-,-,-,-,-
873,-,-,-,-,-,-,-,-,-,-,[876],-,-,-,-,-,-,-,-,-,-,-,-,-,-,-,-,[877],-,-,-,-,-,-,-,-,-,-,-
875,-,-,-,-,-,-,-,-,-,-,[876],-,-,-,-,-,-,-,-,-,-,-,-,-,-,-,-,[877],-,-,-,-,-,-,-,-,-,-,-
876,-,-,-,-,-,-,-,-,-,-,[876],-,-,-,-,-,-,-,-,-,-,-,-,-,-,-,-,[877],-,-,-,-,-,-,-,-,-,-,-
877,-,-,-,-,-,-,[1035],-,[863],-,[864],-,-,-,-,-,-,-,-,-,-,-,-,-,-,-,-,-,-,-,-,-,-,-,-,-,-,[879],-
879,-,[883],-,-,-,-,-,-,-,-,[889],-,-,-,-,-,-,-,-,-,-,-,-,-,-,-,-,[890],-,-,-,-,-,-,-,-,-,-,-
881,-,-,-,-,[958],-,[1035],-,-,-,-,-,-,-,-,-,-,-,-,-,-,-,-,-,-,-,-,-,-,-,-,-,-,-,-,-,-,[879],-
883,-,[883],-,-,-,-,-,-,-,-,[889],-,-,-,-,-,-,-,-,-,-,-,-,-,-,-,-,[890],-,-,-,-,-,-,-,-,-,-,-
885,-,-,[924],[925],[958],-,[1035],-,-,-,-,-,-,[921],[922],[918],[923],[919],[920],-,-,-,-,-,-,-,-,-,-,-,-,-,-,-,-,-,-,[879],-
887,-,-,[924],[925],[958],-,[1035],[893],[901],-,[902],[894],-,[921],[922],[918],[923],[919],[920],-,-,-,-,-,-,-,-,-,-,-,-,-,-,-,-,-,-,[879],-
889,-,-,-,-,-,-,-,-,-,-,[889],-,-,-,-,-,-,-,-,-,-,-,-,-,-,-,-,[890],-,-,-,-,-,-,-,-,-,-,-
890,-,-,[924],[925],[958],-,[1035],[893],[901],-,[902],[894],-,[921],[922],[918],[923],[919],[920],-,-,-,-,-,-,-,-,-,-,-,-,-,-,-,-,-,-,[879],-
892,-,-,-,-,-,-,-,-,-,-,[897],-,-,-,-,-,-,-,-,-,-,-,-,-,-,-,-,[898],-,-,-,-,-,-,-,-,-,-,-
893,-,-,-,-,-,-,-,-,-,-,[897],-,-,-,-,-,-,-,-,-,-,-,-,-,-,-,-,[898],-,-,-,-,-,-,-,-,-,-,-
894,-,-,-,-,-,-,-,-,-,-,[897],-,-,-,-,-,-,-,-,-,-,-,-,-,-,-,-,[898],-,-,-,-,-,-,-,-,-,-,-
896,-,-,-,-,-,-,-,-,-,-,[897],-,-,-,-,-,-,-,-,-,-,-,-,-,-,-,-,[898],-,-,-,-,-,-,-,-,-,-,-
897,-,-,-,-,-,-,-,-,-,-,[897],-,-,-,-,-,-,-,-,-,-,-,-,-,-,-,-,[898],-,-,-,-,-,-,-,-,-,-,-
898,-,-,[924],[925],[958],-,[1035],[893],[901],-,[902],[894],-,[921],[922],[918],[923],[919],[920],-,-,-,-,-,-,-,-,-,-,-,-,-,-,-,-,-,-,[879],-
900,-,-,-,-,-,-,-,-,-,-,-,-,-,-,-,-,-,-,-,-,-,-,-,-,-,-,-,-,-,-,-,-,-,-,-,-,-,-,-
901,-,-,-,-,-,-,-,-,-,-,-,-,-,-,-,-,-,-,-,-,-,-,-,-,-,-,-,-,-,-,-,-,-,-,-,-,-,-,-
902,-,-,-,-,-,-,-,-,-,-,-,-,-,-,-,-,-,-,-,-,-,-,-,-,-,-,-,-,-,-,-,-,-,-,-,-,-,-,-
904,-,-,[924],[925],[958],-,[1035],[910],[901],-,[902],[911],-,[921],[922],[918],[923],[919],[920],-,-,-,-,-,-,-,-,-,-,-,-,-,-,-,-,-,-,[879],-
906,-,-,-,-,-,-,-,-,-,-,[906],-,-,-,-,-,-,-,-,-,-,-,-,-,-,-,-,[907],-,-,-,-,-,-,-,-,-,-,-
907,-,-,[924],[925],[958],-,[1035],[910],[901],-,[902],[911],-,[921],[922],[918],[923],[919],[920],-,-,-,-,-,-,-,-,-,-,-,-,-,-,-,-,-,-,[879],-
909,-,-,-,-,-,-,-,-,-,-,[914],-,-,-,-,-,-,-,-,-,-,-,-,-,-,-,-,[915],-,-,-,-,-,-,-,-,-,-,-
910,-,-,-,-,-,-,-,-,-,-,[914],-,-,-,-,-,-,-,-,-,-,-,-,-,-,-,-,[915],-,-,-,-,-,-,-,-,-,-,-
911,-,-,-,-,-,-,-,-,-,-,[914],-,-,-,-,-,-,-,-,-,-,-,-,-,-,-,-,[915],-,-,-,-,-,-,-,-,-,-,-
913,-,-,-,-,-,-,-,-,-,-,[914],-,-,-,-,-,-,-,-,-,-,-,-,-,-,-,-,[915],-,-,-,-,-,-,-,-,-,-,-
914,-,-,-,-,-,-,-,-,-,-,[914],-,-,-,-,-,-,-,-,-,-,-,-,-,-,-,-,[915],-,-,-,-,-,-,-,-,-,-,-
915,-,-,[924],[925],[958],-,[1035],[910],[901],-,[902],[911],-,[921],[922],[918],[923],[919],[920],-,-,-,-,-,-,-,-,-,-,-,-,-,-,-,-,-,-,[879],-
917,-,-,-,-,-,-,-,-,-,-,[930],-,-,-,-,-,-,-,-,-,-,-,-,-,-,-,-,[931],-,-,-,-,-,-,-,-,-,-,-
918,-,-,-,-,-,-,-,-,-,-,[930],-,-,-,-,-,-,-,-,-,-,-,-,-,-,-,-,[931],-,-,-,-,-,-,-,-,-,-,-
919,-,-,-,-,-,-,-,-,-,-,[930],-,-,-,-,-,-,-,-,-,-,-,-,-,-,-,-,[931],-,-,-,-,-,-,-,-,-,-,-
920,-,-,-,-,-,-,-,-,-,-,[930],-,-,-,-,-,-,-,-,-,-,-,-,-,-,-,-,[931],-,-,-,-,-,-,-,-,-,-,-
921,-,-,-,-,-,-,-,-,-,-,[930],-,-,-,-,-,-,-,-,-,-,-,-,-,-,-,-,[931],-,-,-,-,-,-,-,-,-,-,-
922,-,-,-,-,-,-,-,-,-,-,[930],-,-,-,-,-,-,-,-,-,-,-,-,-,-,-,-,[931],-,-,-,-,-,-,-,-,-,-,-
923,-,-,-,-,-,-,-,-,-,-,[930],-,-,-,-,-,-,-,-,-,-,-,-,-,-,-,-,[931],-,-,-,-,-,-,-,-,-,-,-
924,-,-,-,-,-,-,-,-,-,-,[930],-,-,-,-,-,-,-,-,-,-,-,-,-,-,-,-,[931],-,-,-,-,-,-,-,-,-,-,-
925,-,-,-,-,-,-,-,-,-,-,[930],-,-,-,-,-,-,-,-,-,-,-,-,-,-,-,-,[931],-,-,-,-,-,-,-,-,-,-,-
927,-,-,-,-,[958],-,[1035],-,-,-,-,-,-,-,-,-,-,-,-,-,-,-,-,-,-,-,-,-,-,-,-,-,-,-,-,-,-,[879],-
929,-,-,-,-,-,-,-,-,-,-,[930],-,-,-,-,-,-,-,-,-,-,-,-,-,-,-,-,[931],-,-,-,-,-,-,-,-,-,-,-
930,-,-,-,-,-,-,-,-,-,-,[930],-,-,-,-,-,-,-,-,-,-,-,-,-,-,-,-,[931],-,-,-,-,-,-,-,-,-,-,-
931,-,-,-,-,[958],-,[1035],[934],-,-,-,[935],-,-,-,-,-,-,-,-,-,-,-,-,-,-,-,-,-,-,-,-,-,-,-,-,-,[879],-
933,-,-,-,-,-,-,-,-,-,-,[938],-,-,-,-,-,-,-,-,-,-,-,-,-,-,-,-,[939],-,-,-,-,-,-,-,-,-,-,-
934,-,-,-,-,-,-,-,-,-,-,[938],-,-,-,-,-,-,-,-,-,-,-,-,-,-,-,-,[939],-,-,-,-,-,-,-,-,-,-,-
935,-,-,-,-,-,-,-,-,-,-,[938],-,-,-,-,-,-,-,-,-,-,-,-,-,-,-,-,[939],-,-,-,-,-,-,-,-,-,-,-
937,-,-,-,-,-,-,-,-,-,-,[938],-,-,-,-,-,-,-,-,-,-,-,-,-,-,-,-,[939],-,-,-,-,-,-,-,-,-,-,-
938,-,-,-,-,-,-,-,-,-,-,[938],-,-,-,-,-,-,-,-,-,-,-,-,-,-,-,-,[939],-,-,-,-,-,-,-,-,-,-,-
939,-,-,-,-,[958],-,[1035],[934],-,-,-,[935],-,-,-,-,-,-,-,-,-,-,-,-,-,-,-,-,-,-,-,-,-,-,-,-,-,[879],-
941,-,-,-,-,-,-,-,-,-,-,[947],-,-,-,-,-,-,-,-,-,-,-,-,-,-,-,-,[948],-,-,-,-,-,-,-,-,-,-,-
942,-,-,-,-,-,-,-,-,-,-,[947],-,-,-,-,-,-,-,-,-,-,-,-,-,-,-,-,[948],-,-,-,-,-,-,-,-,-,-,-
943,-,-,-,-,-,-,-,-,-,-,[947],-,-,-,-,-,-,-,-,-,-,-,-,-,-,-,-,[948],-,-,-,-,-,-,-,-,-,-,-
945,-,-,-,-,[958],-,[1035],[951],-,-,-,[952],-,-,-,-,-,-,-,-,-,-,-,-,-,-,-,-,-,-,-,-,-,-,-,-,-,[879],-
947,-,-,-,-,-,-,-,-,-,-,[947],-,-,-,-,-,-,-,-,-,-,-,-,-,-,-,-,[948],-,-,-,-,-,-,-,-,-,-,-
948,-,-,-,-,[958],-,[1035],[951],-,-,-,[952],-,-,-,-,-,-,-,-,-,-,-,-,-,-,-,-,-,-,-,-,-,-,-,-,-,[879],-
950,-,-,-,-,-,-,-,-,-,-,-,-,-,-,-,-,-,-,-,-,-,-,-,-,-,-,-,-,-,-,-,-,-,-,-,-,-,-,-
951,-,-,-,-,-,-,-,-,-,-,-,-,-,-,-,-,-,-,-,-,-,-,-,-,-,-,-,-,-,-,-,-,-,-,-,-,-,-,-
952,-,-,-,-,-,-,-,-,-,-,-,-,-,-,-,-,-,-,-,-,-,-,-,-,-,-,-,-,-,-,-,-,-,-,-,-,-,-,-
954,-,-,-,-,-,-,-,-,-,-,[955],-,-,-,-,-,-,-,-,-,-,-,-,-,-,-,-,[956],-,-,-,-,-,-,-,-,-,-,-
955,-,-,-,-,-,-,-,-,-,-,[955],-,-,-,-,-,-,-,-,-,-,-,-,-,-,-,-,[956],-,-,-,-,-,-,-,-,-,-,-
956,-,-,-,-,[958],-,[1035],[951],-,-,-,[952],-,-,-,-,-,-,-,-,-,-,-,-,-,-,-,-,-,-,-,-,-,-,-,-,-,[879],-
958,-,-,-,-,-,-,-,-,-,-,-,-,-,-,-,-,-,-,-,-,-,-,-,-,-,-,-,-,-,-,-,-,-,-,-,-,-,-,-
960,-,-,-,-,-,-,-,-,-,-,-,-,-,-,-,-,-,-,-,-,-,-,-,-,-,-,-,-,-,-,-,-,-,-,-,-,-,-,-
961,-,-,-,-,-,-,-,-,-,-,-,-,-,-,-,-,-,-,-,-,-,-,-,-,-,-,-,-,-,-,-,-,-,-,-,-,-,-,-
963,-,-,[1002],[1003],[958],-,[1035],-,-,-,-,-,-,[999],[1000],[996],[1001],[997],[998],-,-,-,-,-,-,-,-,-,-,-,-,-,-,-,-,-,-,[879],-
965,-,-,[1002],[1003],[958],-,[1035],[971],[979],-,[980],[972],-,[999],[1000],[996],[1001],[997],[998],-,-,-,-,-,-,-,-,-,-,-,-,-,-,-,-,-,-,[879],-
967,-,-,-,-,-,-,-,-,-,-,[967],-,-,-,-,-,-,-,-,-,-,-,-,-,-,-,-,[968],-,-,-,-,-,-,-,-,-,-,-
968,-,-,[1002],[1003],[958],-,[1035],[971],[979],-,[980],[972],-,[999],[1000],[996],[1001],[997],[998],-,-,-,-,-,-,-,-,-,-,-,-,-,-,-,-,-,-,[879],-
970,-,-,-,-,-,-,-,-,-,-,-,-,-,-,-,-,-,-,-,-,-,-,-,-,-,-,-,-,-,-,-,-,-,-,-,-,-,-,-
971,-,-,-,-,-,-,-,-,-,-,-,-,-,-,-,-,-,-,-,-,-,-,-,-,-,-,-,-,-,-,-,-,-,-,-,-,-,-,-
972,-,-,-,-,-,-,-,-,-,-,-,-,-,-,-,-,-,-,-,-,-,-,-,-,-,-,-,-,-,-,-,-,-,-,-,-,-,-,-
974,-,-,-,-,-,-,-,-,-,-,[975],-,-,-,-,-,-,-,-,-,-,-,-,-,-,-,-,[976],-,-,-,-,-,-,-,-,-,-,-
975,-,-,-,-,-,-,-,-,-,-,[975],-,-,-,-,-,-,-,-,-,-,-,-,-,-,-,-,[976],-,-,-,-,-,-,-,-,-,-,-
976,-,-,[1002],[1003],[958],-,[1035],[971],[979],-,[980],[972],-,[999],[1000],[996],[1001],[997],[998],-,-,-,-,-,-,-,-,-,-,-,-,-,-,-,-,-,-,[879],-
978,-,-,-,-,-,-,-,-,-,-,[984],-,-,-,-,-,-,-,-,-,-,-,-,-,-,-,-,[985],-,-,-,-,-,-,-,-,-,-,-
979,-,-,-,-,-,-,-,-,-,-,[984],-,-,-,-,-,-,-,-,-,-,-,-,-,-,-,-,[985],-,-,-,-,-,-,-,-,-,-,-
980,-,-,-,-,-,-,-,-,-,-,[984],-,-,-,-,-,-,-,-,-,-,-,-,-,-,-,-,[985],-,-,-,-,-,-,-,-,-,-,-
982,-,-,[1002],[1003],[958],-,[1035],[988],[979],-,[980],[989],-,[999],[1000],[996],[1001],[997],[998],-,-,-,-,-,-,-,-,-,-,-,-,-,-,-,-,-,-,[879],-
984,-,-,-,-,-,-,-,-,-,-,[984],-,-,-,-,-,-,-,-,-,-,-,-,-,-,-,-,[985],-,-,-,-,-,-,-,-,-,-,-
985,-,-,[1002],[1003],[958],-,[1035],[988],[979],-,[980],[989],-,[999],[1000],[996],[1001],[997],[998],-,-,-,-,-,-,-,-,-,-,-,-,-,-,-,-,-,-,[879],-
987,-,-,-,-,-,-,-,-,-,-,[992],-,-,-,-,-,-,-,-,-,-,-,-,-,-,-,-,[993],-,-,-,-,-,-,-,-,-,-,-
988,-,-,-,-,-,-,-,-,-,-,[992],-,-,-,-,-,-,-,-,-,-,-,-,-,-,-,-,[993],-,-,-,-,-,-,-,-,-,-,-
989,-,-,-,-,-,-,-,-,-,-,[992],-,-,-,-,-,-,-,-,-,-,-,-,-,-,-,-,[993],-,-,-,-,-,-,-,-,-,-,-
991,-,-,-,-,-,-,-,-,-,-,[992],-,-,-,-,-,-,-,-,-,-,-,-,-,-,-,-,[993],-,-,-,-,-,-,-,-,-,-,-
992,-,-,-,-,-,-,-,-,-,-,[992],-,-,-,-,-,-,-,-,-,-,-,-,-,-,-,-,[993],-,-,-,-,-,-,-,-,-,-,-
993,-,-,[1002],[1003],[958],-,[1035],[988],[979],-,[980],[989],-,[999],[1000],[996],[1001],[997],[998],-,-,-,-,-,-,-,-,-,-,-,-,-,-,-,-,-,-,[879],-
995,-,-,-,-,-,-,-,-,-,-,[1008],-,-,-,-,-,-,-,-,-,-,-,-,-,-,-,-,[1009],-,-,-,-,-,-,-,-,-,-,-
996,-,-,-,-,-,-,-,-,-,-,[1008],-,-,-,-,-,-,-,-,-,-,-,-,-,-,-,-,[1009],-,-,-,-,-,-,-,-,-,-,-
997,-,-,-,-,-,-,-,-,-,-,[1008],-,-,-,-,-,-,-,-,-,-,-,-,-,-,-,-,[1009],-,-,-,-,-,-,-,-,-,-,-
998,-,-,-,-,-,-,-,-,-,-,[1008],-,-,-,-,-,-,-,-,-,-,-,-,-,-,-,-,[1009],-,-,-,-,-,-,-,-,-,-,-
999,-,-,-,-,-,-,-,-,-,-,[1008],-,-,-,-,-,-,-,-,-,-,-,-,-,-,-,-,[1009],-,-,-,-,-,-,-,-,-,-,-
1000,-,-,-,-,-,-,-,-,-,-,[1008],-,-,-,-,-,-,-,-,-,-,-,-,-,-,-,-,[1009],-,-,-,-,-,-,-,-,-,-,-
1001,-,-,-,-,-,-,-,-,-,-,[1008],-,-,-,-,-,-,-,-,-,-,-,-,-,-,-,-,[1009],-,-,-,-,-,-,-,-,-,-,-
1002,-,-,-,-,-,-,-,-,-,-,[1008],-,-,-,-,-,-,-,-,-,-,-,-,-,-,-,-,[1009],-,-,-,-,-,-,-,-,-,-,-
1003,-,-,-,-,-,-,-,-,-,-,[1008],-,-,-,-,-,-,-,-,-,-,-,-,-,-,-,-,[1009],-,-,-,-,-,-,-,-,-,-,-
1005,-,-,-,-,[958],-,[1035],-,[1020],-,[1021],-,-,-,-,-,-,-,-,-,-,-,-,-,-,-,-,-,-,-,-,-,-,-,-,-,-,[879],-
1007,-,-,-,-,-,-,-,-,-,-,[1008],-,-,-,-,-,-,-,-,-,-,-,-,-,-,-,-,[1009],-,-,-,-,-,-,-,-,-,-,-
1008,-,-,-,-,-,-,-,-,-,-,[1008],-,-,-,-,-,-,-,-,-,-,-,-,-,-,-,-,[1009],-,-,-,-,-,-,-,-,-,-,-
1009,-,-,-,-,[958],-,[1035],-,[1020],-,[1021],-,-,-,-,-,-,-,-,-,-,-,-,-,-,-,-,-,-,-,-,-,-,-,-,-,-,[879],-
1011,-,-,-,-,-,-,-,-,-,-,[1016],-,-,-,-,-,-,-,-,-,-,-,-,-,-,-,-,[1017],-,-,-,-,-,-,-,-,-,-,-
1012,-,-,-,-,-,-,-,-,-,-,[1016],-,-,-,-,-,-,-,-,-,-,-,-,-,-,-,-,[1017],-,-,-,-,-,-,-,-,-,-,-
1013,-,-,-,-,-,-,-,-,-,-,[1016],-,-,-,-,-,-,-,-,-,-,-,-,-,-,-,-,[1017],-,-,-,-,-,-,-,-,-,-,-
1015,-,-,-,-,-,-,-,-,-,-,[1016],-,-,-,-,-,-,-,-,-,-,-,-,-,-,-,-,[1017],-,-,-,-,-,-,-,-,-,-,-
1016,-,-,-,-,-,-,-,-,-,-,[1016],-,-,-,-,-,-,-,-,-,-,-,-,-,-,-,-,[1017],-,-,-,-,-,-,-,-,-,-,-
1017,-,-,-,-,[958],-,[1035],-,[1020],-,[1021],-,-,-,-,-,-,-,-,-,-,-,-,-,-,-,-,-,-,-,-,-,-,-,-,-,-,[879],-
1019,-,-,-,-,-,-,-,-,-,-,[1025],-,-,-,-,-,-,-,-,-,-,-,-,-,-,-,-,[1026],-,-,-,-,-,-,-,-,-,-,-
1020,-,-,-,-,-,-,-,-,-,-,[1025],-,-,-,-,-,-,-,-,-,-,-,-,-,-,-,-,[1026],-,-,-,-,-,-,-,-,-,-,-
1021,-,-,-,-,-,-,-,-,-,-,[1025],-,-,-,-,-,-,-,-,-,-,-,-,-,-,-,-,[1026],-,-,-,-,-,-,-,-,-,-,-
1023,-,-,-,-,[958],-,[1035],[1029],[1020],-,[1021],[1030],-,-,-,-,-,-,-,-,-,-,-,-,-,-,-,-,-,-,-,-,-,-,-,-,-,[879],-
1025,-,-,-,-,-,-,-,-,-,-,[1025],-,-,-,-,-,-,-,-,-,-,-,-,-,-,-,-,[1026],-,-,-,-,-,-,-,-,-,-,-
1026,-,-,-,-,[958],-,[1035],[1029],[1020],-,[1021],[1030],-,-,-,-,-,-,-,-,-,-,-,-,-,-,-,-,-,-,-,-,-,-,-,-,-,[879],-
1028,-,-,-,-,-,-,-,-,-,-,[1033],-,-,-,-,-,-,-,-,-,-,-,-,-,-,-,-,[1034],-,-,-,-,-,-,-,-,-,-,-
1029,-,-,-,-,-,-,-,-,-,-,[1033],-,-,-,-,-,-,-,-,-,-,-,-,-,-,-,-,[1034],-,-,-,-,-,-,-,-,-,-,-
1030,-,-,-,-,-,-,-,-,-,-,[1033],-,-,-,-,-,-,-,-,-,-,-,-,-,-,-,-,[1034],-,-,-,-,-,-,-,-,-,-,-
1032,-,-,-,-,-,-,-,-,-,-,[1033],-,-,-,-,-,-,-,-,-,-,-,-,-,-,-,-,[1034],-,-,-,-,-,-,-,-,-,-,-
1033,-,-,-,-,-,-,-,-,-,-,[1033],-,-,-,-,-,-,-,-,-,-,-,-,-,-,-,-,[1034],-,-,-,-,-,-,-,-,-,-,-
1034,-,-,-,-,[958],-,[1035],[1029],[1020],-,[1021],[1030],-,-,-,-,-,-,-,-,-,-,-,-,-,-,-,-,-,-,-,-,-,-,-,-,-,[879],-
1035,-,-,-,-,-,-,-,-,-,-,-,-,-,-,-,-,-,-,-,-,-,-,-,-,-,-,-,-,-,-,-,-,[1036],-,-,-,-,-,-
(1036),-,-,-,-,-,-,-,-,-,-,-,-,-,-,-,-,-,-,-,-,-,-,-,-,-,-,-,-,-,-,-,-,-,-,-,-,-,-,-
1038,-,[1053],-,-,-,-,-,-,-,-,[1059],-,[1362],-,-,-,-,-,-,[1043],-,-,-,-,-,-,-,[1060],-,-,-,-,-,-,-,-,-,-,-
1040,-,-,-,-,-,-,-,-,-,-,-,-,[1362],-,-,-,-,-,-,-,-,-,-,-,-,-,-,-,-,-,-,-,-,-,-,-,-,-,-
1042,-,-,-,-,-,-,-,-,-,-,-,-,-,-,-,[1048],-,-,-,-,-,-,-,-,-,-,-,-,-,-,-,-,-,-,-,-,-,-,-
1043,-,-,-,-,-,-,-,-,-,-,-,-,-,-,-,[1048],-,-,-,-,-,[1045],-,-,-,-,-,-,-,-,-,-,-,-,-,-,-,-,-
1045,-,-,-,-,-,-,-,-,-,-,-,-,-,-,-,-,-,-,-,-,[1046],-,-,-,-,-,-,-,-,-,-,-,-,-,-,-,-,-,-
1046,-,-,-,-,-,-,-,-,-,-,-,-,-,-,-,-,-,-,-,-,-,-,[1047],-,-,-,-,-,-,-,-,-,-,-,-,-,-,-,-
1047,-,-,-,-,-,-,-,-,-,-,-,-,-,-,-,[1048],-,-,-,-,-,-,-,-,-,-,-,-,-,-,-,-,-,-,-,-,-,-,-
1048,-,[1053],-,-,-,-,-,-,-,-,[1059],-,-,-,-,-,-,-,-,[1043],-,-,-,-,-,-,-,[1060],-,-,-,-,-,-,-,-,-,-,-
1050,-,-,-,-,-,-,-,-,-,-,-,-,[1362],-,-,-,-,-,-,-,-,-,-,-,-,-,-,-,-,-,-,-,-,-,-,-,-,[1206],-
1052,-,[1053],-,-,-,-,-,-,-,-,[1059],-,-,-,-,-,-,-,-,-,-,-,-,-,-,-,-,[1060],-,-,-,-,-,-,-,-,-,-,-
1053,-,[1053],-,-,-,-,-,-,-,-,[1059],-,-,-,-,-,-,-,-,-,-,-,-,-,-,-,-,[1060],-,-,-,-,-,-,-,-,-,-,-
1055,-,-,[1094],[1095],[1128],-,-,-,-,-,-,-,[1362],[1091],[1092],[1088],[1093],[1089],[1090],-,-,-,-,-,-,-,-,-,-,-,-,-,-,-,-,-,-,[1206],-
1057,-,-,[1094],[1095],[1128],-,-,[1063],[1071],-,[1072],[1064],[1362],[1091],[1092],[1088],[1093],[1089],[1090],-,-,-,-,-,-,-,-,-,-,-,-,-,-,-,-,-,-,[1206],-
1059,-,-,-,-,-,-,-,-,-,-,[1059],-,-,-,-,-,-,-,-,-,-,-,-,-,-,-,-,[1060],-,-,-,-,-,-,-,-,-,-,-
1060,-,-,[1094],[1095],[1128],-,-,[1063],[1071],-,[1072],[1064],[1362],[1091],[1092],[1088],[1093],[1089],[1090],-,-,-,-,-,-,-,-,-,-,-,-,-,-,-,-,-,-,[1206],-
1062,-,-,-,-,-,-,-,-,-,-,[1067],-,-,-,-,-,-,-,-,-,-,-,-,-,-,-,-,[1068],-,-,-,-,-,-,-,-,-,-,-
1063,-,-,-,-,-,-,-,-,-,-,[1067],-,-,-,-,-,-,-,-,-,-,-,-,-,-,-,-,[1068],-,-,-,-,-,-,-,-,-,-,-
1064,-,-,-,-,-,-,-,-,-,-,[1067],-,-,-,-,-,-,-,-,-,-,-,-,-,-,-,-,[1068],-,-,-,-,-,-,-,-,-,-,-
1066,-,-,-,-,-,-,-,-,-,-,[1067],-,-,-,-,-,-,-,-,-,-,-,-,-,-,-,-,[1068],-,-,-,-,-,-,-,-,-,-,-
1067,-,-,-,-,-,-,-,-,-,-,[1067],-,-,-,-,-,-,-,-,-,-,-,-,-,-,-,-,[1068],-,-,-,-,-,-,-,-,-,-,-
1068,-,-,[1094],[1095],[1128],-,-,[1063],[1071],-,[1072],[1064],[1362],[1091],[1092],[1088],[1093],[1089],[1090],-,-,-,-,-,-,-,-,-,-,-,-,-,-,-,-,-,-,[1206],-
1070,-,-,-,-,-,-,-,-,-,-,-,-,-,-,-,-,-,-,-,-,-,-,-,-,-,-,-,-,-,-,-,-,-,-,-,-,-,-,-
1071,-,-,-,-,-,-,-,-,-,-,-,-,-,-,-,-,-,-,-,-,-,-,-,-,-,-,-,-,-,-,-,-,-,-,-,-,-,-,-
1072,-,-,-,-,-,-,-,-,-,-,-,-,-,-,-,-,-,-,-,-,-,-,-,-,-,-,-,-,-,-,-,-,-,-,-,-,-,-,-
1074,-,-,[1094],[1095],[1128],-,-,[1080],[1071],-,[1072],[1081],[1362],[1091],[1092],[1088],[1093],[1089],[1090],-,-,-,-,-,-,-,-,-,-,-,-,-,-,-,-,-,-,[1206],-
1076,-,-,-,-,-,-,-,-,-,-,[1076],-,-,-,-,-,-,-,-,-,-,-,-,-,-,-,-,[1077],-,-,-,-,-,-,-,-,-,-,-
1077,-,-,[1094],[1095],[1128],-,-,[1080],[1071],-,[1072],[1081],[1362],[1091],[1092],[1088],[1093],[1089],[1090],-,-,-,-,-,-,-,-,-,-,-,-,-,-,-,-,-,-,[1206],-
1079,-,-,-,-,-,-,-,-,-,-,[1084],-,-,-,-,-,-,-,-,-,-,-,-,-,-,-,-,[1085],-,-,-,-,-,-,-,-,-,-,-
1080,-,-,-,-,-,-,-,-,-,-,[1084],-,-,-,-,-,-,-,-,-,-,-,-,-,-,-,-,[1085],-,-,-,-,-,-,-,-,-,-,-
1081,-,-,-,-,-,-,-,-,-,-,[1084],-,-,-,-,-,-,-,-,-,-,-,-,-,-,-,-,[1085],-,-,-,-,-,-,-,-,-,-,-
1083,-,-,-,-,-,-,-,-,-,-,[1084],-,-,-,-,-,-,-,-,-,-,-,-,-,-,-,-,[1085],-,-,-,-,-,-,-,-,-,-,-
1084,-,-,-,-,-,-,-,-,-,-,[1084],-,-,-,-,-,-,-,-,-,-,-,-,-,-,-,-,[1085],-,-,-,-,-,-,-,-,-,-,-
1085,-,-,[1094],[1095],[1128],-,-,[1080],[1071],-,[1072],[1081],[1362],[1091],[1092],[1088],[1093],[1089],[1090],-,-,-,-,-,-,-,-,-,-,-,-,-,-,-,-,-,-,[1206],-
1087,-,-,-,-,-,-,-,-,-,-,[1100],-,-,-,-,-,-,-,-,-,-,-,-,-,-,-,-,[1101],-,-,-,-,-,-,-,-,-,-,-
1088,-,-,-,-,-,-,-,-,-,-,[1100],-,-,-,-,-,-,-,-,-,-,-,-,-,-,-,-,[1101],-,-,-,-,-,-,-,-,-,-,-
1089,-,-,-,-,-,-,-,-,-,-,[1100],-,-,-,-,-,-,-,-,-,-,-,-,-,-,-,-,[1101],-,-,-,-,-,-,-,-,-,-,-
1090,-,-,-,-,-,-,-,-,-,-,[1100],-,-,-,-,-,-,-,-,-,-,-,-,-,-,-,-,[1101],-,-,-,-,-,-,-,-,-,-,-
1091,-,-,-,-,-,-,-,-,-,-,[1100],-,-,-,-,-,-,-,-,-,-,-,-,-,-,-,-,[1101],-,-,-,-,-,-,-,-,-,-,-
1092,-,-,-,-,-,-,-,-,-,-,[1100],-,-,-,-,-,-,-,-,-,-,-,-,-,-,-,-,[1101],-,-,-,-,-,-,-,-,-,-,-
1093,-,-,-,-,-,-,-,-,-,-,[1100],-,-,-,-,-,-,-,-,-,-,-,-,-,-,-,-,[1101],-,-,-,-,-,-,-,-,-,-,-
1094,-,-,-,-,-,-,-,-,-,-,[1100],-,-,-,-,-,-,-,-,-,-,-,-,-,-,-,-,[1101],-,-,-,-,-,-,-,-,-,-,-
1095,-,-,-,-,-,-,-,-,-,-,[1100],-,-,-,-,-,-,-,-,-,-,-,-,-,-,-,-,[1101],-,-,-,-,-,-,-,-,-,-,-
1097,-,-,-,-,[1128],-,-,-,-,-,-,-,[1362],-,-,-,-,-,-,-,-,-,-,-,-,-,-,-,-,-,-,-,-,-,-,-,-,[1206],-
1099,-,-,-,-,-,-,-,-,-,-,[1100],-,-,-,-,-,-,-,-,-,-,-,-,-,-,-,-,[1101],-,-,-,-,-,-,-,-,-,-,-
1100,-,-,-,-,-,-,-,-,-,-,[1100],-,-,-,-,-,-,-,-,-,-,-,-,-,-,-,-,[1101],-,-,-,-,-,-,-,-,-,-,-
1101,-,-,-,-,[1128],-,-,[1104],-,-,-,[1105],[1362],-,-,-,-,-,-,-,-,-,-,-,-,-,-,-,-,-,-,-,-,-,-,-,-,[1206],-
1103,-,-,-,-,-,-,-,-,-,-,[1108],-,-,-,-,-,-,-,-,-,-,-,-,-,-,-,-,[1109],-,-,-,-,-,-,-,-,-,-,-
1104,-,-,-,-,-,-,-,-,-,-,[1108],-,-,-,-,-,-,-,-,-,-,-,-,-,-,-,-,[1109],-,-,-,-,-,-,-,-,-,-,-
1105,-,-,-,-,-,-,-,-,-,-,[1108],-,-,-,-,-,-,-,-,-,-,-,-,-,-,-,-,[1109],-,-,-,-,-,-,-,-,-,-,-
1107,-,-,-,-,-,-,-,-,-,-,[1108],-,-,-,-,-,-,-,-,-,-,-,-,-,-,-,-,[1109],-,-,-,-,-,-,-,-,-,-,-
1108,-,-,-,-,-,-,-,-,-,-,[1108],-,-,-,-,-,-,-,-,-,-,-,-,-,-,-,-,[1109],-,-,-,-,-,-,-,-,-,-,-
1109,-,-,-,-,[1128],-,-,[1104],-,-,-,[1105],[1362],-,-,-,-,-,-,-,-,-,-,-,-,-,-,-,-,-,-,-,-,-,-,-,-,[1206],-
1111,-,-,-,-,-,-,-,-,-,-,[1117],-,-,-,-,-,-,-,-,-,-,-,-,-,-,-,-,[1118],-,-,-,-,-,-,-,-,-,-,-
1112,-,-,-,-,-,-,-,-,-,-,[1117],-,-,-,-,-,-,-,-,-,-,-,-,-,-,-,-,[1118],-,-,-,-,-,-,-,-,-,-,-
1113,-,-,-,-,-,-,-,-,-,-,[1117],-,-,-,-,-,-,-,-,-,-,-,-,-,-,-,-,[1118],-,-,-,-,-,-,-,-,-,-,-
1115,-,-,-,-,[1128],-,-,[1121],-,-,-,[1122],[1362],-,-,-,-,-,-,-,-,-,-,-,-,-,-,-,-,-,-,-,-,-,-,-,-,[1206],-
1117,-,-,-,-,-,-,-,-,-,-,[1117],-,-,-,-,-,-,-,-,-,-,-,-,-,-,-,-,[1118],-,-,-,-,-,-,-,-,-,-,-
1118,-,-,-,-,[1128],-,-,[1121],-,-,-,[1122],[1362],-,-,-,-,-,-,-,-,-,-,-,-,-,-,-,-,-,-,-,-,-,-,-,-,[1206],-
1120,-,-,-,-,-,-,-,-,-,-,-,-,-,-,-,-,-,-,-,-,-,-,-,-,-,-,-,-,-,-,-,-,-,-,-,-,-,-,-
1121,-,-,-,-,-,-,-,-,-,-,-,-,-,-,-,-,-,-,-,-,-,-,-,-,-,-,-,-,-,-,-,-,-,-,-,-,-,-,-
1122,-,-,-,-,-,-,-,-,-,-,-,-,-,-,-,-,-,-,-,-,-,-,-,-,-,-,-,-,-,-,-,-,-,-,-,-,-,-,-
1124,-,-,-,-,-,-,-,-,-,-,[1125],-,-,-,-,-,-,-,-,-,-,-,-,-,-,-,-,[1126],-,-,-,-,-,-,-,-,-,-,-
1125,-,-,-,-,-,-,-,-,-,-,[1125],-,-,-,-,-,-,-,-,-,-,-,-,-,-,-,-,[1126],-,-,-,-,-,-,-,-,-,-,-
1126,-,-,-,-,[1128],-,-,[1121],-,-,-,[1122],[1362],-,-,-,-,-,-,-,-,-,-,-,-,-,-,-,-,-,-,-,-,-,-,-,-,[1206],-
1128,-,-,-,-,-,-,-,-,-,-,-,-,-,-,-,-,-,-,-,-,-,-,-,-,-,-,-,-,-,-,-,-,-,-,-,-,-,-,-
1130,-,-,-,-,-,-,-,-,-,-,-,-,-,-,-,-,-,-,-,-,-,-,-,-,-,-,-,-,-,-,-,-,-,-,-,-,-,-,-
1131,-,-,-,-,-,-,-,-,-,-,-,-,-,-,-,-,-,-,-,-,-,-,-,-,-,-,-,-,-,-,-,-,-,-,-,-,-,-,-
1133,-,-,[1172],[1173],[1128],-,-,-,-,-,-,-,[1362],[1169],[1170],[1166],[1171],[1167],[1168],-,-,-,-,-,-,-,-,-,-,-,-,-,-,-,-,-,-,[1206],-
1135,-,-,[1172],[1173],[1128],-,-,[1141],[1149],-,[1150],[1142],[1362],[1169],[1170],[1166],[1171],[1167],[1168],-,-,-,-,-,-,-,-,-,-,-,-,-,-,-,-,-,-,[1206],-
1137,-,-,-,-,-,-,-,-,-,-,[1137],-,-,-,-,-,-,-,-,-,-,-,-,-,-,-,-,[1138],-,-,-,-,-,-,-,-,-,-,-
1138,-,-,[1172],[1173],[1128],-,-,[1141],[1149],-,[1150],[1142],[1362],[1169],[1170],[1166],[1171],[1167],[1168],-,-,-,-,-,-,-,-,-,-,-,-,-,-,-,-,-,-,[1206],-
1140,-,-,-,-,-,-,-,-,-,-,-,-,-,-,-,-,-,-,-,-,-,-,-,-,-,-,-,-,-,-,-,-,-,-,-,-,-,-,-
1141,-,-,-,-,-,-,-,-,-,-,-,-,-,-,-,-,-,-,-,-,-,-,-,-,-,-,-,-,-,-,-,-,-,-,-,-,-,-,-
1142,-,-,-,-,-,-,-,-,-,-,-,-,-,-,-,-,-,-,-,-,-,-,-,-,-,-,-,-,-,-,-,-,-,-,-,-,-,-,-
1144,-,-,-,-,-,-,-,-,-,-,[1145],-,-,-,-,-,-,-,-,-,-,-,-,-,-,-,-,[1146],-,-,-,-,-,-,-,-,-,-,-
1145,-,-,-,-,-,-,-,-,-,-,[1145],-,-,-,-,-,-,-,-,-,-,-,-,-,-,-,-,[1146],-,-,-,-,-,-,-,-,-,-,-
1146,-,-,[1172],[1173],[1128],-,-,[1141],[1149],-,[1150],[1142],[1362],[1169],[1170],[1166],[1171],[1167],[1168],-,-,-,-,-,-,-,-,-,-,-,-,-,-,-,-,-,-,[1206],-
1148,-,-,-,-,-,-,-,-,-,-,[1154],-,-,-,-,-,-,-,-,-,-,-,-,-,-,-,-,[1155],-,-,-,-,-,-,-,-,-,-,-
1149,-,-,-,-,-,-,-,-,-,-,[1154],-,-,-,-,-,-,-,-,-,-,-,-,-,-,-,-,[1155],-,-,-,-,-,-,-,-,-,-,-
1150,-,-,-,-,-,-,-,-,-,-,[1154],-,-,-,-,-,-,-,-,-,-,-,-,-,-,-,-,[1155],-,-,-,-,-,-,-,-,-,-,-
1152,-,-,[1172],[1173],[1128],-,-,[1158],[1149],-,[1150],[1159],[1362],[1169],[1170],[1166],[1171],[1167],[1168],-,-,-,-,-,-,-,-,-,-,-,-,-,-,-,-,-,-,[1206],-
1154,-,-,-,-,-,-,-,-,-,-,[1154],-,-,-,-,-,-,-,-,-,-,-,-,-,-,-,-,[1155],-,-,-,-,-,-,-,-,-,-,-
1155,-,-,[1172],[1173],[1128],-,-,[1158],[1149],-,[1150],[1159],[1362],[1169],[1170],[1166],[1171],[1167],[1168],-,-,-,-,-,-,-,-,-,-,-,-,-,-,-,-,-,-,[1206],-
1157,-,-,-,-,-,-,-,-,-,-,[1162],-,-,-,-,-,-,-,-,-,-,-,-,-,-,-,-,[1163],-,-,-,-,-,-,-,-,-,-,-
1158,-,-,-,-,-,-,-,-,-,-,[1162],-,-,-,-,-,-,-,-,-,-,-,-,-,-,-,-,[1163],-,-,-,-,-,-,-,-,-,-,-
1159,-,-,-,-,-,-,-,-,-,-,[1162],-,-,-,-,-,-,-,-,-,-,-,-,-,-,-,-,[1163],-,-,-,-,-,-,-,-,-,-,-
1161,-,-,-,-,-,-,-,-,-,-,[1162],-,-,-,-,-,-,-,-,-,-,-,-,-,-,-,-,[1163],-,-,-,-,-,-,-,-,-,-,-
1162,-,-,-,-,-,-,-,-,-,-,[1162],-,-,-,-,-,-,-,-,-,-,-,-,-,-,-,-,[1163],-,-,-,-,-,-,-,-,-,-,-
1163,-,-,[1172],[1173],[1128],-,-,[1158],[1149],-,[1150],[1159],[1362],[1169],[1170],[1166],[1171],[1167],[1168],-,-,-,-,-,-,-,-,-,-,-,-,-,-,-,-,-,-,[1206],-
1165,-,-,-,-,-,-,-,-,-,-,[1178],-,-,-,-,-,-,-,-,-,-,-,-,-,-,-,-,[1179],-,-,-,-,-,-,-,-,-,-,-
1166,-,-,-,-,-,-,-,-,-,-,[1178],-,-,-,-,-,-,-,-,-,-,-,-,-,-,-,-,[1179],-,-,-,-,-,-,-,-,-,-,-
1167,-,-,-,-,-,-,-,-,-,-,[1178],-,-,-,-,-,-,-,-,-,-,-,-,-,-,-,-,[1179],-,-,-,-,-,-,-,-,-,-,-
1168,-,-,-,-,-,-,-,-,-,-,[1178],-,-,-,-,-,-,-,-,-,-,-,-,-,-,-,-,[1179],-,-,-,-,-,-,-,-,-,-,-
1169,-,-,-,-,-,-,-,-,-,-,[1178],-,-,-,-,-,-,-,-,-,-,-,-,-,-,-,-,[1179],-,-,-,-,-,-,-,-,-,-,-
1170,-,-,-,-,-,-,-,-,-,-,[1178],-,-,-,-,-,-,-,-,-,-,-,-,-,-,-,-,[1179],-,-,-,-,-,-,-,-,-,-,-
1171,-,-,-,-,-,-,-,-,-,-,[1178],-,-,-,-,-,-,-,-,-,-,-,-,-,-,-,-,[1179],-,-,-,-,-,-,-,-,-,-,-
1172,-,-,-,-,-,-,-,-,-,-,[1178],-,-,-,-,-,-,-,-,-,-,-,-,-,-,-,-,[1179],-,-,-,-,-,-,-,-,-,-,-
1173,-,-,-,-,-,-,-,-,-,-,[1178],-,-,-,-,-,-,-,-,-,-,-,-,-,-,-,-,[1179],-,-,-,-,-,-,-,-,-,-,-
1175,-,-,-,-,[1128],-,-,-,[1190],-,[1191],-,[1362],-,-,-,-,-,-,-,-,-,-,-,-,-,-,-,-,-,-,-,-,-,-,-,-,[1206],-
1177,-,-,-,-,-,-,-,-,-,-,[1178],-,-,-,-,-,-,-,-,-,-,-,-,-,-,-,-,[1179],-,-,-,-,-,-,-,-,-,-,-
1178,-,-,-,-,-,-,-,-,-,-,[1178],-,-,-,-,-,-,-,-,-,-,-,-,-,-,-,-,[1179],-,-,-,-,-,-,-,-,-,-,-
1179,-,-,-,-,[1128],-,-,-,[1190],-,[1191],-,[1362],-,-,-,-,-,-,-,-,-,-,-,-,-,-,-,-,-,-,-,-,-,-,-,-,[1206],-
1181,-,-,-,-,-,-,-,-,-,-,[1186],-,-,-,-,-,-,-,-,-,-,-,-,-,-,-,-,[1187],-,-,-,-,-,-,-,-,-,-,-
1182,-,-,-,-,-,-,-,-,-,-,[1186],-,-,-,-,-,-,-,-,-,-,-,-,-,-,-,-,[1187],-,-,-,-,-,-,-,-,-,-,-
1183,-,-,-,-,-,-,-,-,-,-,[1186],-,-,-,-,-,-,-,-,-,-,-,-,-,-,-,-,[1187],-,-,-,-,-,-,-,-,-,-,-
1185,-,-,-,-,-,-,-,-,-,-,[1186],-,-,-,-,-,-,-,-,-,-,-,-,-,-,-,-,[1187],-,-,-,-,-,-,-,-,-,-,-
1186,-,-,-,-,-,-,-,-,-,-,[1186],-,-,-,-,-,-,-,-,-,-,-,-,-,-,-,-,[1187],-,-,-,-,-,-,-,-,-,-,-
1187,-,-,-,-,[1128],-,-,-,[1190],-,[1191],-,[1362],-,-,-,-,-,-,-,-,-,-,-,-,-,-,-,-,-,-,-,-,-,-,-,-,[1206],-
1189,-,-,-,-,-,-,-,-,-,-,[1195],-,-,-,-,-,-,-,-,-,-,-,-,-,-,-,-,[1196],-,-,-,-,-,-,-,-,-,-,-
1190,-,-,-,-,-,-,-,-,-,-,[1195],-,-,-,-,-,-,-,-,-,-,-,-,-,-,-,-,[1196],-,-,-,-,-,-,-,-,-,-,-
1191,-,-,-,-,-,-,-,-,-,-,[1195],-,-,-,-,-,-,-,-,-,-,-,-,-,-,-,-,[1196],-,-,-,-,-,-,-,-,-,-,-
1193,-,-,-,-,[1128],-,-,[1199],[1190],-,[1191],[1200],[1362],-,-,-,-,-,-,-,-,-,-,-,-,-,-,-,-,-,-,-,-,-,-,-,-,[1206],-
1195,-,-,-,-,-,-,-,-,-,-,[1195],-,-,-,-,-,-,-,-,-,-,-,-,-,-,-,-,[1196],-,-,-,-,-,-,-,-,-,-,-
1196,-,-,-,-,[1128],-,-,[1199],[1190],-,[1191],[1200],[1362],-,-,-,-,-,-,-,-,-,-,-,-,-,-,-,-,-,-,-,-,-,-,-,-,[1206],-
1198,-,-,-,-,-,-,-,-,-,-,[1203],-,-,-,-,-,-,-,-,-,-,-,-,-,-,-,-,[1204],-,-,-,-,-,-,-,-,-,-,-
1199,-,-,-,-,-,-,-,-,-,-,[1203],-,-,-,-,-,-,-,-,-,-,-,-,-,-,-,-,[1204],-,-,-,-,-,-,-,-,-,-,-
1200,-,-,-,-,-,-,-,-,-,-,[1203],-,-,-,-,-,-,-,-,-,-,-,-,-,-,-,-,[1204],-,-,-,-,-,-,-,-,-,-,-
1202,-,-,-,-,-,-,-,-,-,-,[1203],-,-,-,-,-,-,-,-,-,-,-,-,-,-,-,-,[1204],-,-,-,-,-,-,-,-,-,-,-
1203,-,-,-,-,-,-,-,-,-,-,[1203],-,-,-,-,-,-,-,-,-,-,-,-,-,-,-,-,[1204],-,-,-,-,-,-,-,-,-,-,-
1204,-,-,-,-,[1128],-,-,[1199],[1190],-,[1191],[1200],[1362],-,-,-,-,-,-,-,-,-,-,-,-,-,-,-,-,-,-,-,-,-,-,-,-,[1206],-
1206,-,[1210],-,-,-,-,-,-,-,-,[1216],-,-,-,-,-,-,-,-,-,-,-,-,-,-,-,-,[1217],-,-,-,-,-,-,-,-,-,-,-
1208,-,-,-,-,[1285],-,-,-,-,-,-,-,[1362],-,-,-,-,-,-,-,-,-,-,-,-,-,-,-,-,-,-,-,-,-,-,-,-,[1206],-
1210,-,[1210],-,-,-,-,-,-,-,-,[1216],-,-,-,-,-,-,-,-,-,-,-,-,-,-,-,-,[1217],-,-,-,-,-,-,-,-,-,-,-
1212,-,-,[1251],[1252],[1285],-,-,-,-,-,-,-,[1362],[1248],[1249],[1245],[1250],[1246],[1247],-,-,-,-,-,-,-,-,-,-,-,-,-,-,-,-,-,-,[1206],-
1214,-,-,[1251],[1252],[1285],-,-,[1220],[1228],-,[1229],[1221],[1362],[1248],[1249],[1245],[1250],[1246],[1247],-,-,-,-,-,-,-,-,-,-,-,-,-,-,-,-,-,-,[1206],-
1216,-,-,-,-,-,-,-,-,-,-,[1216],-,-,-,-,-,-,-,-,-,-,-,-,-,-,-,-,[1217],-,-,-,-,-,-,-,-,-,-,-
1217,-,-,[1251],[1252],[1285],-,-,[1220],[1228],-,[1229],[1221],[1362],[1248],[1249],[1245],[1250],[1246],[1247],-,-,-,-,-,-,-,-,-,-,-,-,-,-,-,-,-,-,[1206],-
1219,-,-,-,-,-,-,-,-,-,-,[1224],-,-,-,-,-,-,-,-,-,-,-,-,-,-,-,-,[1225],-,-,-,-,-,-,-,-,-,-,-
1220,-,-,-,-,-,-,-,-,-,-,[1224],-,-,-,-,-,-,-,-,-,-,-,-,-,-,-,-,[1225],-,-,-,-,-,-,-,-,-,-,-
1221,-,-,-,-,-,-,-,-,-,-,[1224],-,-,-,-,-,-,-,-,-,-,-,-,-,-,-,-,[1225],-,-,-,-,-,-,-,-,-,-,-
1223,-,-,-,-,-,-,-,-,-,-,[1224],-,-,-,-,-,-,-,-,-,-,-,-,-,-,-,-,[1225],-,-,-,-,-,-,-,-,-,-,-
1224,-,-,-,-,-,-,-,-,-,-,[1224],-,-,-,-,-,-,-,-,-,-,-,-,-,-,-,-,[1225],-,-,-,-,-,-,-,-,-,-,-
1225,-,-,[1251],[1252],[1285],-,-,[1220],[1228],-,[1229],[1221],[1362],[1248],[1249],[1245],[1250],[1246],[1247],-,-,-,-,-,-,-,-,-,-,-,-,-,-,-,-,-,-,[1206],-
1227,-,-,-,-,-,-,-,-,-,-,[1233],-,-,-,-,-,-,-,-,-,-,-,-,-,-,-,-,[1234],-,-,-,-,-,-,-,-,-,-,-
1228,-,-,-,-,-,-,-,-,-,-,[1233],-,-,-,-,-,-,-,-,-,-,-,-,-,-,-,-,[1234],-,-,-,-,-,-,-,-,-,-,-
1229,-,-,-,-,-,-,-,-,-,-,[1233],-,-,-,-,-,-,-,-,-,-,-,-,-,-,-,-,[1234],-,-,-,-,-,-,-,-,-,-,-
1231,-,-,[1251],[1252],[1285],-,-,[1237],[1228],-,[1229],[1238],[1362],[1248],[1249],[1245],[1250],[1246],[1247],-,-,-,-,-,-,-,-,-,-,-,-,-,-,-,-,-,-,[1206],-
1233,-,-,-,-,-,-,-,-,-,-,[1233],-,-,-,-,-,-,-,-,-,-,-,-,-,-,-,-,[1234],-,-,-,-,-,-,-,-,-,-,-
1234,-,-,[1251],[1252],[1285],-,-,[1237],[1228],-,[1229],[1238],[1362],[1248],[1249],[1245],[1250],[1246],[1247],-,-,-,-,-,-,-,-,-,-,-,-,-,-,-,-,-,-,[1206],-
1236,-,-,-,-,-,-,-,-,-,-,-,-,-,-,-,-,-,-,-,-,-,-,-,-,-,-,-,[1242],-,-,-,-,-,-,-,-,-,-,-
1237,-,-,-,-,-,-,-,-,-,-,-,-,-,-,-,-,-,-,-,-,-,-,-,-,-,-,-,[1242],-,-,-,-,-,-,-,-,-,-,-
1238,-,-,-,-,-,-,-,-,-,-,-,-,-,-,-,-,-,-,-,-,-,-,-,-,-,-,-,[1242],-,-,-,-,-,-,-,-,-,-,-
1240,-,-,-,-,-,-,-,-,-,-,-,-,-,-,-,-,-,-,-,-,-,-,-,-,-,-,-,[1242],-,-,-,-,-,-,-,-,-,-,-
1242,-,-,[1251],[1252],[1285],-,-,[1237],[1228],-,[1229],[1238],[1362],[1248],[1249],[1245],[1250],[1246],[1247],-,-,-,-,-,-,-,-,-,-,-,-,-,-,-,-,-,-,[1206],-
1244,-,-,-,-,-,-,-,-,-,-,[1257],-,-,-,-,-,-,-,-,-,-,-,-,-,-,-,-,[1258],-,-,-,-,-,-,-,-,-,-,-
1245,-,-,-,-,-,-,-,-,-,-,[1257],-,-,-,-,-,-,-,-,-,-,-,-,-,-,-,-,[1258],-,-,-,-,-,-,-,-,-,-,-
1246,-,-,-,-,-,-,-,-,-,-,[1257],-,-,-,-,-,-,-,-,-,-,-,-,-,-,-,-,[1258],-,-,-,-,-,-,-,-,-,-,-
1247,-,-,-,-,-,-,-,-,-,-,[1257],-,-,-,-,-,-,-,-,-,-,-,-,-,-,-,-,[1258],-,-,-,-,-,-,-,-,-,-,-
1248,-,-,-,-,-,-,-,-,-,-,[1257],-,-,-,-,-,-,-,-,-,-,-,-,-,-,-,-,[1258],-,-,-,-,-,-,-,-,-,-,-
1249,-,-,-,-,-,-,-,-,-,-,[1257],-,-,-,-,-,-,-,-,-,-,-,-,-,-,-,-,[1258],-,-,-,-,-,-,-,-,-,-,-
1250,-,-,-,-,-,-,-,-,-,-,[1257],-,-,-,-,-,-,-,-,-,-,-,-,-,-,-,-,[1258],-,-,-,-,-,-,-,-,-,-,-
1251,-,-,-,-,-,-,-,-,-,-,[1257],-,-,-,-,-,-,-,-,-,-,-,-,-,-,-,-,[1258],-,-,-,-,-,-,-,-,-,-,-
1252,-,-,-,-,-,-,-,-,-,-,[1257],-,-,-,-,-,-,-,-,-,-,-,-,-,-,-,-,[1258],-,-,-,-,-,-,-,-,-,-,-
1254,-,-,-,-,[1285],-,-,-,[1269],-,[1270],-,[1362],-,-,-,-,-,-,-,-,-,-,-,-,-,-,-,-,-,-,-,-,-,-,-,-,[1206],-
1256,-,-,-,-,-,-,-,-,-,-,[1257],-,-,-,-,-,-,-,-,-,-,-,-,-,-,-,-,[1258],-,-,-,-,-,-,-,-,-,-,-
1257,-,-,-,-,-,-,-,-,-,-,[1257],-,-,-,-,-,-,-,-,-,-,-,-,-,-,-,-,[1258],-,-,-,-,-,-,-,-,-,-,-
1258,-,-,-,-,[1285],-,-,[1261],[1269],-,[1270],[1262],[1362],-,-,-,-,-,-,-,-,-,-,-,-,-,-,-,-,-,-,-,-,-,-,-,-,[1206],-
1260,-,-,-,-,-,-,-,-,-,-,-,-,-,-,-,-,-,-,-,-,-,-,-,-,-,-,-,-,-,-,-,-,-,-,-,-,-,-,-
1261,-,-,-,-,-,-,-,-,-,-,-,-,-,-,-,-,-,-,-,-,-,-,-,-,-,-,-,-,-,-,-,-,-,-,-,-,-,-,-
1262,-,-,-,-,-,-,-,-,-,-,-,-,-,-,-,-,-,-,-,-,-,-,-,-,-,-,-,-,-,-,-,-,-,-,-,-,-,-,-
1264,-,-,-,-,-,-,-,-,-,-,[1265],-,-,-,-,-,-,-,-,-,-,-,-,-,-,-,-,[1266],-,-,-,-,-,-,-,-,-,-,-
1265,-,-,-,-,-,-,-,-,-,-,[1265],-,-,-,-,-,-,-,-,-,-,-,-,-,-,-,-,[1266],-,-,-,-,-,-,-,-,-,-,-
1266,-,-,-,-,[1285],-,-,[1261],[1269],-,[1270],[1262],[1362],-,-,-,-,-,-,-,-,-,-,-,-,-,-,-,-,-,-,-,-,-,-,-,-,[1206],-
1268,-,-,-,-,-,-,-,-,-,-,[1274],-,-,-,-,-,-,-,-,-,-,-,-,-,-,-,-,[1275],-,-,-,-,-,-,-,-,-,-,-
1269,-,-,-,-,-,-,-,-,-,-,[1274],-,-,-,-,-,-,-,-,-,-,-,-,-,-,-,-,[1275],-,-,-,-,-,-,-,-,-,-,-
1270,-,-,-,-,-,-,-,-,-,-,[1274],-,-,-,-,-,-,-,-,-,-,-,-,-,-,-,-,[1275],-,-,-,-,-,-,-,-,-,-,-
1272,-,-,-,-,[1285],-,-,[1278],[1269],-,[1270],[1279],[1362],-,-,-,-,-,-,-,-,-,-,-,-,-,-,-,-,-,-,-,-,-,-,-,-,[1206],-
1274,-,-,-,-,-,-,-,-,-,-,[1274],-,-,-,-,-,-,-,-,-,-,-,-,-,-,-,-,[1275],-,-,-,-,-,-,-,-,-,-,-
1275,-,-,-,-,[1285],-,-,[1278],[1269],-,[1270],[1279],[1362],-,-,-,-,-,-,-,-,-,-,-,-,-,-,-,-,-,-,-,-,-,-,-,-,[1206],-
1277,-,-,-,-,-,-,-,-,-,-,[1282],-,-,-,-,-,-,-,-,-,-,-,-,-,-,-,-,[1283],-,-,-,-,-,-,-,-,-,-,-
1278,-,-,-,-,-,-,-,-,-,-,[1282],-,-,-,-,-,-,-,-,-,-,-,-,-,-,-,-,[1283],-,-,-,-,-,-,-,-,-,-,-
1279,-,-,-,-,-,-,-,-,-,-,[1282],-,-,-,-,-,-,-,-,-,-,-,-,-,-,-,-,[1283],-,-,-,-,-,-,-,-,-,-,-
1281,-,-,-,-,-,-,-,-,-,-,[1282],-,-,-,-,-,-,-,-,-,-,-,-,-,-,-,-,[1283],-,-,-,-,-,-,-,-,-,-,-
1282,-,-,-,-,-,-,-,-,-,-,[1282],-,-,-,-,-,-,-,-,-,-,-,-,-,-,-,-,[1283],-,-,-,-,-,-,-,-,-,-,-
1283,-,-,-,-,[1285],-,-,[1278],[1269],-,[1270],[1279],[1362],-,-,-,-,-,-,-,-,-,-,-,-,-,-,-,-,-,-,-,-,-,-,-,-,[1206],-
1285,-,[1288],-,-,-,-,-,-,-,-,[1294],-,-,-,-,-,-,-,-,-,-,-,-,-,-,-,-,[1295],-,-,-,-,-,-,-,-,-,-,-
1287,-,[1288],-,-,-,-,-,-,-,-,[1294],-,-,-,-,-,-,-,-,-,-,-,-,-,-,-,-,[1295],-,-,-,-,-,-,-,-,-,-,-
1288,-,[1288],-,-,-,-,-,-,-,-,[1294],-,-,-,-,-,-,-,-,-,-,-,-,-,-,-,-,[1295],-,-,-,-,-,-,-,-,-,-,-
1290,-,-,-,-,[1285],-,-,-,-,-,-,-,[1362],-,-,-,-,-,-,-,-,-,-,-,-,-,-,-,-,-,-,-,-,-,-,-,-,[1206],-
1292,-,-,-,-,[1285],-,-,[1298],[1306],-,[1307],[1299],[1362],-,-,-,-,-,-,-,-,-,-,-,-,-,-,-,-,-,-,-,-,-,-,-,-,[1206],-
1294,-,-,-,-,-,-,-,-,-,-,[1294],-,-,-,-,-,-,-,-,-,-,-,-,-,-,-,-,[1295],-,-,-,-,-,-,-,-,-,-,-
1295,-,-,-,-,[1285],-,-,[1298],[1306],-,[1307],[1299],[1362],-,-,-,-,-,-,-,-,-,-,-,-,-,-,-,-,-,-,-,-,-,-,-,-,[1206],-
1297,-,-,-,-,-,-,-,-,-,-,[1302],-,-,-,-,-,-,-,-,-,-,-,-,-,-,-,-,[1303],-,-,-,-,-,-,-,-,-,-,-
1298,-,-,-,-,-,-,-,-,-,-,[1302],-,-,-,-,-,-,-,-,-,-,-,-,-,-,-,-,[1303],-,-,-,-,-,-,-,-,-,-,-
1299,-,-,-,-,-,-,-,-,-,-,[1302],-,-,-,-,-,-,-,-,-,-,-,-,-,-,-,-,[1303],-,-,-,-,-,-,-,-,-,-,-
1301,-,-,-,-,-,-,-,-,-,-,[1302],-,-,-,-,-,-,-,-,-,-,-,-,-,-,-,-,[1303],-,-,-,-,-,-,-,-,-,-,-
1302,-,-,-,-,-,-,-,-,-,-,[1302],-,-,-,-,-,-,-,-,-,-,-,-,-,-,-,-,[1303],-,-,-,-,-,-,-,-,-,-,-
1303,-,-,-,-,[1285],-,-,[1298],[1306],-,[1307],[1299],[1362],-,-,-,-,-,-,-,-,-,-,-,-,-,-,-,-,-,-,-,-,-,-,-,-,[1206],-
1305,-,-,-,-,-,-,-,-,-,-,-,-,-,-,-,-,-,-,-,-,-,-,-,-,-,-,-,[1312],-,-,-,-,-,-,-,-,-,-,-
1306,-,-,-,-,-,-,-,-,-,-,-,-,-,-,-,-,-,-,-,-,-,-,-,-,-,-,-,[1312],-,-,-,-,-,-,-,-,-,-,-
1307,-,-,-,-,-,-,-,-,-,-,-,-,-,-,-,-,-,-,-,-,-,-,-,-,-,-,-,[1312],-,-,-,-,-,-,-,-,-,-,-
1309,-,-,-,-,[1285],-,-,[1315],[1306],-,[1307],[1316],[1362],-,-,-,-,-,-,-,-,-,-,-,-,-,-,-,-,-,-,-,-,-,-,-,-,[1206],-
1311,-,-,-,-,-,-,-,-,-,-,-,-,-,-,-,-,-,-,-,-,-,-,-,-,-,-,-,[1312],-,-,-,-,-,-,-,-,-,-,-
1312,-,-,-,-,[1285],-,-,[1315],[1306],-,[1307],[1316],[1362],-,-,-,-,-,-,-,-,-,-,-,-,-,-,-,-,-,-,-,-,-,-,-,-,[1206],-
1314,-,-,-,-,-,-,-,-,-,-,[1319],-,-,-,-,-,-,-,-,-,-,-,-,-,-,-,-,[1320],-,-,-,-,-,-,-,-,-,-,-
1315,-,-,-,-,-,-,-,-,-,-,[1319],-,-,-,-,-,-,-,-,-,-,-,-,-,-,-,-,[1320],-,-,-,-,-,-,-,-,-,-,-
1316,-,-,-,-,-,-,-,-,-,-,[1319],-,-,-,-,-,-,-,-,-,-,-,-,-,-,-,-,[1320],-,-,-,-,-,-,-,-,-,-,-
1318,-,-,-,-,-,-,-,-,-,-,[1319],-,-,-,-,-,-,-,-,-,-,-,-,-,-,-,-,[1320],-,-,-,-,-,-,-,-,-,-,-
1319,-,-,-,-,-,-,-,-,-,-,[1319],-,-,-,-,-,-,-,-,-,-,-,-,-,-,-,-,[1320],-,-,-,-,-,-,-,-,-,-,-
1320,-,-,-,-,[1285],-,-,[1315],[1306],-,[1307],[1316],[1362],-,-,-,-,-,-,-,-,-,-,-,-,-,-,-,-,-,-,-,-,-,-,-,-,[1206],-
1322,-,-,-,-,-,-,-,-,-,-,[1335],-,-,-,-,-,-,-,-,-,-,-,-,-,-,-,-,[1336],-,-,-,-,-,-,-,-,-,-,-
1323,-,-,-,-,-,-,-,-,-,-,[1335],-,-,-,-,-,-,-,-,-,-,-,-,-,-,-,-,[1336],-,-,-,-,-,-,-,-,-,-,-
1324,-,-,-,-,-,-,-,-,-,-,[1335],-,-,-,-,-,-,-,-,-,-,-,-,-,-,-,-,[1336],-,-,-,-,-,-,-,-,-,-,-
1325,-,-,-,-,-,-,-,-,-,-,[1335],-,-,-,-,-,-,-,-,-,-,-,-,-,-,-,-,[1336],-,-,-,-,-,-,-,-,-,-,-
1326,-,-,-,-,-,-,-,-,-,-,[1335],-,-,-,-,-,-,-,-,-,-,-,-,-,-,-,-,[1336],-,-,-,-,-,-,-,-,-,-,-
1327,-,-,-,-,-,-,-,-,-,-,[1335],-,-,-,-,-,-,-,-,-,-,-,-,-,-,-,-,[1336],-,-,-,-,-,-,-,-,-,-,-
1328,-,-,-,-,-,-,-,-,-,-,[1335],-,-,-,-,-,-,-,-,-,-,-,-,-,-,-,-,[1336],-,-,-,-,-,-,-,-,-,-,-
1329,-,-,-,-,-,-,-,-,-,-,[1335],-,-,-,-,-,-,-,-,-,-,-,-,-,-,-,-,[1336],-,-,-,-,-,-,-,-,-,-,-
1330,-,-,-,-,-,-,-,-,-,-,[1335],-,-,-,-,-,-,-,-,-,-,-,-,-,-,-,-,[1336],-,-,-,-,-,-,-,-,-,-,-
1332,-,-,-,-,[1285],-,-,-,[1347],-,[1348],-,[1362],-,-,-,-,-,-,-,-,-,-,-,-,-,-,-,-,-,-,-,-,-,-,-,-,[1206],-
1334,-,-,-,-,-,-,-,-,-,-,[1335],-,-,-,-,-,-,-,-,-,-,-,-,-,-,-,-,[1336],-,-,-,-,-,-,-,-,-,-,-
1335,-,-,-,-,-,-,-,-,-,-,[1335],-,-,-,-,-,-,-,-,-,-,-,-,-,-,-,-,[1336],-,-,-,-,-,-,-,-,-,-,-
1336,-,-,-,-,[1285],-,-,[1339],[1347],-,[1348],[1340],[1362],-,-,-,-,-,-,-,-,-,-,-,-,-,-,-,-,-,-,-,-,-,-,-,-,[1206],-
1338,-,-,-,-,-,-,-,-,-,-,[1343],-,-,-,-,-,-,-,-,-,-,-,-,-,-,-,-,[1344],-,-,-,-,-,-,-,-,-,-,-
1339,-,-,-,-,-,-,-,-,-,-,[1343],-,-,-,-,-,-,-,-,-,-,-,-,-,-,-,-,[1344],-,-,-,-,-,-,-,-,-,-,-
1340,-,-,-,-,-,-,-,-,-,-,[1343],-,-,-,-,-,-,-,-,-,-,-,-,-,-,-,-,[1344],-,-,-,-,-,-,-,-,-,-,-
1342,-,-,-,-,-,-,-,-,-,-,[1343],-,-,-,-,-,-,-,-,-,-,-,-,-,-,-,-,[1344],-,-,-,-,-,-,-,-,-,-,-
1343,-,-,-,-,-,-,-,-,-,-,[1343],-,-,-,-,-,-,-,-,-,-,-,-,-,-,-,-,[1344],-,-,-,-,-,-,-,-,-,-,-
1344,-,-,-,-,[1285],-,-,[1339],[1347],-,[1348],[1340],[1362],-,-,-,-,-,-,-,-,-,-,-,-,-,-,-,-,-,-,-,-,-,-,-,-,[1206],-
1346,-,-,-,-,-,-,-,-,-,-,[1352],-,-,-,-,-,-,-,-,-,-,-,-,-,-,-,-,[1353],-,-,-,-,-,-,-,-,-,-,-
1347,-,-,-,-,-,-,-,-,-,-,[1352],-,-,-,-,-,-,-,-,-,-,-,-,-,-,-,-,[1353],-,-,-,-,-,-,-,-,-,-,-
1348,-,-,-,-,-,-,-,-,-,-,[1352],-,-,-,-,-,-,-,-,-,-,-,-,-,-,-,-,[1353],-,-,-,-,-,-,-,-,-,-,-
1350,-,-,-,-,[1285],-,-,[1356],[1347],-,[1348],[1357],[1362],-,-,-,-,-,-,-,-,-,-,-,-,-,-,-,-,-,-,-,-,-,-,-,-,[1206],-
1352,-,-,-,-,-,-,-,-,-,-,[1352],-,-,-,-,-,-,-,-,-,-,-,-,-,-,-,-,[1353],-,-,-,-,-,-,-,-,-,-,-
1353,-,-,-,-,[1285],-,-,[1356],[1347],-,[1348],[1357],[1362],-,-,-,-,-,-,-,-,-,-,-,-,-,-,-,-,-,-,-,-,-,-,-,-,[1206],-
1355,-,-,-,-,-,-,-,-,-,-,[1360],-,-,-,-,-,-,-,-,-,-,-,-,-,-,-,-,[1361],-,-,-,-,-,-,-,-,-,-,-
1356,-,-,-,-,-,-,-,-,-,-,[1360],-,-,-,-,-,-,-,-,-,-,-,-,-,-,-,-,[1361],-,-,-,-,-,-,-,-,-,-,-
1357,-,-,-,-,-,-,-,-,-,-,[1360],-,-,-,-,-,-,-,-,-,-,-,-,-,-,-,-,[1361],-,-,-,-,-,-,-,-,-,-,-
1359,-,-,-,-,-,-,-,-,-,-,[1360],-,-,-,-,-,-,-,-,-,-,-,-,-,-,-,-,[1361],-,-,-,-,-,-,-,-,-,-,-
1360,-,-,-,-,-,-,-,-,-,-,[1360],-,-,-,-,-,-,-,-,-,-,-,-,-,-,-,-,[1361],-,-,-,-,-,-,-,-,-,-,-
1361,-,-,-,-,[1285],-,-,[1356],[1347],-,[1348],[1357],[1362],-,-,-,-,-,-,-,-,-,-,-,-,-,-,-,-,-,-,-,-,-,-,-,-,[1206],-
(1362),-,-,-,-,-,-,-,-,-,-,-,-,-,-,-,-,-,-,-,-,-,-,-,-,-,-,-,-,-,-,-,-,-,-,-,-,-,-,-
1364,-,-,-,-,-,-,-,-,-,-,-,-,[1365],-,-,-,-,-,-,-,-,-,-,-,-,-,-,-,-,-,-,-,-,-,-,-,-,-,-
(1365),-,-,-,-,-,-,-,-,-,-,-,-,-,-,-,-,-,-,-,-,-,-,-,-,-,-,-,-,-,-,-,-,-,-,-,-,-,-,-
1366,-,-,-,-,-,-,-,-,-,-,[1366],-,-,-,-,-,-,-,-,-,-,-,-,-,-,-,-,[1242],-,-,-,-,-,-,-,-,-,-,-
1367,-,-,-,-,-,-,-,-,-,-,-,-,-,-,-,-,-,-,-,-,-,[359],-,-,-,-,-,-,-,-,-,-,-,-,-,-,-,-,-
1368,-,-,-,-,-,-,-,-,-,-,-,-,-,-,-,-,-,-,-,-,-,[359],-,-,-,-,-,-,-,-,-,-,-,-,-,-,-,-,-
1369,-,-,-,-,-,-,-,-,-,-,-,-,-,-,-,-,-,-,-,-,-,[359],-,-,-,-,-,-,-,-,-,-,-,-,-,-,-,-,-
1370,-,-,-,-,-,-,-,-,-,-,-,-,-,-,-,-,-,-,-,-,-,[359],-,-,-,-,-,-,-,-,-,-,-,-,-,-,-,-,-
1371,-,-,-,-,-,-,-,-,-,-,-,-,-,-,-,-,-,-,-,-,-,[359],-,-,-,-,-,-,-,-,-,-,-,-,-,-,-,-,-
1372,-,-,-,-,-,-,-,-,-,-,-,-,-,-,-,-,-,-,-,-,-,[359],-,-,-,-,-,-,-,-,-,-,-,-,-,-,-,-,-
